18:01:59.094 OUTCOME=ARROW status=Best: Tableau 6 -> Tableau 7 score=171.5 (reveal+1,deep-col+48.0) 641ms conf=0.88 known=24
  frame=1080x2340 elapsed=641ms conf=0.88 knownFaceUp=24
  timing: queueDelay=76ms detect=641ms select=3ms total=720ms
  move=Tableau 6 -> Tableau 7 score=171.5 rationale=reveal+1,deep-col+48.0
  runner-up:
    1. Tableau 3 -> Tableau 6 score=111.0 (create-empty,king-family+1,king-setup,lookahead+20.0)
    2. Draw from stock score=28.5 (draw,lookahead+20.0)
    3. Tableau 4 -> Tableau 1 score=-196.5 (defer-no-reveal-stack,lookahead+20.0,reversible)
  from=(839,1060) to=(989,1131)
  signature=Ten_Diamonds|Two_Diamonds;Two_Clubs;-;-|King_Hearts,Queen_Clubs,Jack_Hearts;D,King_Clubs;Eight_Diamonds,Seven_Spades,Six_Diamonds,Five_Clubs,Four_Hearts;King_Diamonds,Queen_Spades,Jack_Diamonds,Ten_Clubs,Nine_Diamonds,Eight_Spades;D,D,Six_Clubs,Five_Diamonds,Four_Clubs;D,D,D,D,Nine_Clubs;D,D,D,Jack_Clubs,Ten_Hearts
  diag: boardConfidence=0.85
  diag: profile=solitaire_smash_s25
  diag: stock=face-down-stock
  diag: foundation0=match-Two-Diamonds@0.84:TD
  diag: foundation1=match-Two-Clubs@0.83:TC
  diag: foundation2=empty-color:null
  diag: foundation3=empty-color:null
  diag: tableau0.faceScan=rowHeight=5.74,lastWhiteBottom=1130.3,whiteRows=50,minimumRows=7,breakY=1164.7
  diag: tableau0.region=937.5-1130.3
  diag: tableau0=King_Diamonds,Queen_Clubs,Jack_Diamonds
  diag: tableau1.faceScan=rowHeight=5.74,lastWhiteBottom=1078.7,whiteRows=35,minimumRows=7,breakY=1113.1
  diag: tableau1.region=885.9-1078.7
  diag: tableau1=D,King_Clubs
  diag: tableau2.faceScan=rowHeight=5.74,lastWhiteBottom=1227.8,whiteRows=66,minimumRows=7,breakY=1262.2
  diag: tableau2.region=1035.1-1227.8
  diag: tableau2=Eight_Diamonds,Seven_Clubs,Six_Diamonds,Five_Clubs,Four_Diamonds
  diag: tableau3.faceScan=rowHeight=5.74,lastWhiteBottom=1273.7,whiteRows=73,minimumRows=7,breakY=1308.1
  diag: tableau3.region=1081.0-1273.7
  diag: tableau3=King_Diamonds,Queen_Clubs,Jack_Diamonds,Ten_Clubs,Nine_Diamonds,Eight_Clubs
  diag: tableau4.faceScan=rowHeight=5.74,lastWhiteBottom=1227.8,whiteRows=53,minimumRows=7,breakY=1262.2
  diag: tableau4.region=1035.1-1227.8
  diag: tableau4=D,D,Six_Clubs,Five_Diamonds,Four_Clubs
  diag: tableau5.faceScan=rowHeight=5.74,lastWhiteBottom=1227.8,whiteRows=38,minimumRows=7,breakY=1262.2
  diag: tableau5.region=1035.1-1227.8
  diag: tableau5=D,D,D,D,Nine_Clubs
  diag: tableau6.faceScan=rowHeight=5.74,lastWhiteBottom=1227.8,whiteRows=46,minimumRows=7,breakY=1268.0
  diag: tableau6.region=1035.1-1227.8
  diag: tableau6=D,D,D,Jack_Clubs,Ten_Diamonds
  diag: wasteOcr:relevant=true,ms=67,overlapped=false
  diag: waste=fused-Ten-Diamonds:TD
  diag: waste-regions=exact:757-895:face-up-color-red-rank=null,legacy:750-907:match-Ten-Diamonds@0.95
  diag: waste-rank-scores={Ace=0.5102639, Two=0.54172766, Three=0.52425283, Four=0.49034336, Five=0.5494186, Six=0.61401033, Seven=0.39349777, Eight=0.60069746, Nine=0.5340751, Ten=0.5798981, Jack=0.4711014, Queen=0.5351697, King=0.53519857}
  diag: waste-suit-scores={Hearts=0.8146267, Diamonds=0.95913976, Clubs=0.8176796, Spades=0.86289924}
  diag: whole@756,503,895,713:ocr=miss:unparsed='OL';corner@756,503,817,566:ocr=miss:unparsed='OL';whole@749,503,907,713:ocr='10'@0.62
  diag: waste-ocr-rank=Ten
  diag: livePlayScreen=true
  diag: gameFooter=true
  diag: lobbyScreen=false
  diag: knownFaceUp=24
  diag: timing:total=612ms,tableau=1264ms[c0=442,c1=57,c2=50,c3=45,c4=97,c5=51,c6=522],scrub=0ms,deckConstraint=2ms,recognize:hits=27,misses=2,missTime=483ms,missReason:newKey=0,fingerprint=2,bounds=0
  recognition:
  slot foundation:0 2D conf=0.84 rank=rank-png-strong@0.84 {2:0.84 7:0.77 J:0.73 3:0.72} suit=suit-png@0.97 {D:0.93 H:0.82} post=[ink-ratio:red=0.1852,black=0.0000,inkRed=true]
  slot foundation:1 2C conf=0.83 rank=rank-png-strong@0.83 {2:0.83 7:0.77 J:0.72 3:0.72} suit=suit-png@0.81 {C:0.81 S:0.74} post=[black-tiebreak:full=C0.81/S0.74,top=C0.58/S0.52,branch=wideMarginDirect->Clubs; ink-ratio:red=0.0000,black=0.1811,inkRed=false]
  slot tableau:0 KH conf=0.89 rank=rank-png-strong@0.89 {K:0.89 6:0.82 8:0.80 5:0.79} suit=suit-png@0.99 {H:0.95 D:0.81} post=[ink-ratio:red=0.2685,black=0.0000,inkRed=true,inkRegion=header; cascade:firstFaceTop=837.7,bottomTop=937.5,faceUpStep=48.90,geomCount=3,finalCount=3,bottomRank=Jack,leadingRank=King,rankCount=3,diff=0,applied=false,boundary=[not-face-down@faceDownCount=0:teal=0.000,white=0.519,red=0.352,black=0.000],exposedIndex=0,distanceFromBottom=2]
  slot tableau:0:1 QC conf=0.86 rank=rank-png-strong@0.86 {Q:0.86 9:0.75 8:0.72 10:0.71} suit=suit-opencv@0.52 {S:0.91 C:0.89} post=[ocr=miss:empty; ink-ratio:red=0.0000,black=0.3426,inkRed=false,inkRegion=header; post-black-suit:Spades->Clubs; black-tiebreak2:full=C0.66/S0.66,top=C0.74/S0.69,shape=none;branch=topLeaderDirect->Clubs; cascade:firstFaceTop=837.7,bottomTop=937.5,faceUpStep=48.90,geomCount=3,finalCount=3,bottomRank=Jack,leadingRank=King,rankCount=3,diff=0,applied=false,boundary=[not-face-down@faceDownCount=0:teal=0.000,white=0.519,red=0.352,black=0.000],exposedIndex=1,distanceFromBottom=1; deck-constraint:QC~->QC]
  slot tableau:0:2 JH conf=0.83 rank=rank-png-strong@0.83 {J:0.83 4:0.71 7:0.70 3:0.68} suit=suit-png@0.98 {H:0.94 D:0.80} post=[ink-ratio:red=0.1689,black=0.0400,inkRed=true; cascade:firstFaceTop=837.7,bottomTop=937.5,faceUpStep=48.90,geomCount=3,finalCount=3,bottomRank=Jack,leadingRank=King,rankCount=3,diff=0,applied=false,boundary=[not-face-down@faceDownCount=0:teal=0.000,white=0.519,red=0.352,black=0.000]]
  slot tableau:1:1 KC conf=0.94 rank=rank-png-strong@0.94 {K:0.94 10:0.78 8:0.78 2:0.76} suit=suit-png@0.90 {C:0.93 S:0.90} post=[black-tiebreak:full=C0.93/S0.90,top=C0.90/S0.82,shape=none;branch=topLeaderDirect->Clubs; ink-ratio:red=0.0000,black=0.2356,inkRed=false; cascade:firstFaceTop=882.1,bottomTop=885.9,faceUpStep=48.90,geomCount=1,finalCount=1,bottomRank=King,leadingRank=King,rankCount=1,diff=0,applied=false,boundary=[ran-out-of-room]]
  slot tableau:2 8D~ conf=0.86 rank=rank-png-strong@0.86 {8:0.86 6:0.81 A:0.80 K:0.79} suit=suit-png@0.98 {D:0.94 H:0.84} post=[ink-ratio:red=0.2407,black=0.0000,inkRed=true,inkRegion=header; cascade:firstFaceTop=837.7,bottomTop=1035.1,faceUpStep=48.90,geomCount=5,finalCount=5,bottomRank=Four,leadingRank=Eight,rankCount=5,diff=0,applied=false,boundary=[not-face-down@faceDownCount=0:teal=0.000,white=0.685,red=0.296,black=0.000],exposedIndex=0,distanceFromBottom=4; deck-constraint:8D->8D~]
  slot tableau:2:1 7S~ conf=0.86 rank=rank-png-strong@0.86 {7:0.86 2:0.75 J:0.67 3:0.66} suit=suit-png@0.93 {S:0.93 C:0.87} post=[ocr=miss:empty; black-tiebreak:full=C0.87/S0.93,top=C0.82/S0.92,branch=wideMarginDirect->Spades; ink-ratio:red=0.0000,black=0.2037,inkRed=false,inkRegion=header; cascade:firstFaceTop=837.7,bottomTop=1035.1,faceUpStep=48.90,geomCount=5,finalCount=5,bottomRank=Four,leadingRank=Eight,rankCount=5,diff=0,applied=false,boundary=[not-face-down@faceDownCount=0:teal=0.000,white=0.685,red=0.296,black=0.000],exposedIndex=1,distanceFromBottom=3; deck-constraint:7S->7S~]
  slot tableau:2:2 6D~ conf=0.81 rank=rank-png-strong@0.81 {6:0.81 8:0.79 A:0.78 5:0.76} suit=suit-png@0.97 {D:0.93 H:0.84} post=[ink-ratio:red=0.2500,black=0.0000,inkRed=true,inkRegion=header; cascade:firstFaceTop=837.7,bottomTop=1035.1,faceUpStep=48.90,geomCount=5,finalCount=5,bottomRank=Four,leadingRank=Eight,rankCount=5,diff=0,applied=false,boundary=[not-face-down@faceDownCount=0:teal=0.000,white=0.685,red=0.296,black=0.000],exposedIndex=2,distanceFromBottom=2; deck-constraint:6D->6D~]
  slot tableau:2:3 5C~ conf=0.76 rank=rank-png-strong@0.76 {5:0.76 A:0.74 8:0.70 9:0.70} suit=suit-png@0.90 {C:0.94 S:0.90} post=[black-tiebreak:full=C0.94/S0.90,top=C0.90/S0.82,shape=none;branch=topLeaderDirect->Clubs; ink-ratio:red=0.0000,black=0.1944,inkRed=false,inkRegion=header; cascade:firstFaceTop=837.7,bottomTop=1035.1,faceUpStep=48.90,geomCount=5,finalCount=5,bottomRank=Four,leadingRank=Eight,rankCount=5,diff=0,applied=false,boundary=[not-face-down@faceDownCount=0:teal=0.000,white=0.685,red=0.296,black=0.000],exposedIndex=3,distanceFromBottom=1; deck-constraint:5C->5C~]
  slot tableau:2:4 4H~ conf=0.89 rank=rank-png-strong@0.89 {4:0.89 A:0.74 J:0.71 8:0.66} suit=suit-png@0.97 {H:0.93 D:0.80} post=[ink-ratio:red=0.2060,black=0.0000,inkRed=true; cascade:firstFaceTop=837.7,bottomTop=1035.1,faceUpStep=48.90,geomCount=5,finalCount=5,bottomRank=Four,leadingRank=Eight,rankCount=5,diff=0,applied=false,boundary=[not-face-down@faceDownCount=0:teal=0.000,white=0.685,red=0.296,black=0.000]; deck-constraint:4H->4H~]
  slot tableau:3 KD conf=0.87 rank=rank-png-strong@0.87 {K:0.87 6:0.81 8:0.81 5:0.78} suit=suit-png@0.98 {D:0.94 H:0.84} post=[ink-ratio:red=0.2685,black=0.0000,inkRed=true,inkRegion=header; cascade:firstFaceTop=837.7,bottomTop=1081.0,faceUpStep=48.90,geomCount=6,finalCount=6,bottomRank=Eight,leadingRank=King,rankCount=6,diff=0,applied=false,boundary=[not-face-down@faceDownCount=0:teal=0.000,white=0.667,red=0.333,black=0.000],exposedIndex=0,distanceFromBottom=5]
  slot tableau:3:1 QS conf=0.91 rank=rank-png-strong@0.91 {Q:0.91 9:0.80 8:0.75 6:0.74} suit=suit-png@0.93 {S:0.93 C:0.87} post=[black-tiebreak:full=C0.87/S0.93,top=C0.81/S0.91,branch=wideMarginDirect->Spades; ink-ratio:red=0.0000,black=0.2778,inkRed=false,inkRegion=header; cascade:firstFaceTop=837.7,bottomTop=1081.0,faceUpStep=48.90,geomCount=6,finalCount=6,bottomRank=Eight,leadingRank=King,rankCount=6,diff=0,applied=false,boundary=[not-face-down@faceDownCount=0:teal=0.000,white=0.667,red=0.333,black=0.000],exposedIndex=1,distanceFromBottom=4]
  slot tableau:3:2 JD conf=0.88 rank=rank-png-strong@0.88 {J:0.88 4:0.82 7:0.73 A:0.72} suit=suit-png@0.97 {D:0.93 H:0.85} post=[ocr=miss:empty; ink-ratio:red=0.1759,black=0.0000,inkRed=true,inkRegion=header; cascade:firstFaceTop=837.7,bottomTop=1081.0,faceUpStep=48.90,geomCount=6,finalCount=6,bottomRank=Eight,leadingRank=King,rankCount=6,diff=0,applied=false,boundary=[not-face-down@faceDownCount=0:teal=0.000,white=0.667,red=0.333,black=0.000],exposedIndex=2,distanceFromBottom=3]
  slot tableau:3:3 10S~ conf=0.87 rank=rank-png-strong@0.87 {10:0.87 Q:0.74 8:0.71 9:0.70} suit=suit-png@0.89 {S:0.94 C:0.89} post=[black-tiebreak:full=C0.89/S0.94,top=C0.79/S0.89,shape=none;branch=topLeaderDirect->Spades; ink-ratio:red=0.0000,black=0.2870,inkRed=false,inkRegion=header; cascade:firstFaceTop=837.7,bottomTop=1081.0,faceUpStep=48.90,geomCount=6,finalCount=6,bottomRank=Eight,leadingRank=King,rankCount=6,diff=0,applied=false,boundary=[not-face-down@faceDownCount=0:teal=0.000,white=0.667,red=0.333,black=0.000],exposedIndex=3,distanceFromBottom=2; deck-constraint:10S->10S~]
  slot tableau:3:4 9D~ conf=0.81 rank=rank-png-strong@0.81 {9:0.81 8:0.80 2:0.78 K:0.78} suit=suit-png@0.96 {D:0.92 H:0.87} post=[ink-ratio:red=0.2222,black=0.0000,inkRed=true,inkRegion=header; cascade:firstFaceTop=837.7,bottomTop=1081.0,faceUpStep=48.90,geomCount=6,finalCount=6,bottomRank=Eight,leadingRank=King,rankCount=6,diff=0,applied=false,boundary=[not-face-down@faceDownCount=0:teal=0.000,white=0.667,red=0.333,black=0.000],exposedIndex=4,distanceFromBottom=1; deck-constraint:9D->9D~]
  slot tableau:3:5 8S~ conf=0.90 rank=rank-png-strong@0.90 {8:0.90 6:0.81 3:0.78 9:0.77} suit=suit-png@0.95 {S:0.95 C:0.88} post=[black-tiebreak:full=C0.88/S0.95,top=C0.79/S0.95,branch=wideMarginDirect->Spades; ink-ratio:red=0.0000,black=0.2200,inkRed=false; cascade:firstFaceTop=837.7,bottomTop=1081.0,faceUpStep=48.90,geomCount=6,finalCount=6,bottomRank=Eight,leadingRank=King,rankCount=6,diff=0,applied=false,boundary=[not-face-down@faceDownCount=0:teal=0.000,white=0.667,red=0.333,black=0.000]; deck-constraint:8S->8S~]
  slot tableau:4:2 6C~ conf=0.88 rank=rank-png-strong@0.88 {6:0.88 A:0.82 8:0.82 4:0.81} suit=suit-png@0.93 {C:0.93 S:0.87} post=[black-tiebreak:full=C0.93/S0.87,top=C0.95/S0.86,branch=wideMarginDirect->Clubs; ink-ratio:red=0.0000,black=0.2130,inkRed=false,inkRegion=header; cascade:firstFaceTop=926.4,bottomTop=1035.1,faceUpStep=48.90,geomCount=3,finalCount=3,bottomRank=Four,leadingRank=Six,rankCount=3,diff=0,applied=false,boundary=[not-face-down@faceDownCount=2:teal=0.000,white=0.852,red=0.000,black=0.130],exposedIndex=0,distanceFromBottom=2; deck-constraint:6C->6C~]
  slot tableau:4:3 5D~ conf=0.85 rank=rank-png-strong@0.85 {5:0.85 6:0.84 8:0.82 9:0.81} suit=suit-png@0.99 {D:0.95 H:0.82} post=[ink-ratio:red=0.1944,black=0.0000,inkRed=true,inkRegion=header; cascade:firstFaceTop=926.4,bottomTop=1035.1,faceUpStep=48.90,geomCount=3,finalCount=3,bottomRank=Four,leadingRank=Six,rankCount=3,diff=0,applied=false,boundary=[not-face-down@faceDownCount=2:teal=0.000,white=0.852,red=0.000,black=0.130],exposedIndex=1,distanceFromBottom=1; deck-constraint:5D->5D~]
  slot tableau:4:4 4C~ conf=0.89 rank=rank-png-strong@0.89 {4:0.89 A:0.73 J:0.71 8:0.66} suit=suit-png@0.82 {S:0.91 C:0.89} post=[black-tiebreak:full=C0.89/S0.91,top=C0.82/S0.85,shape=Clubs@0.36;branch=lowTopMargin-shapeLeader->Clubs; ink-ratio:red=0.0000,black=0.1759,inkRed=false; cascade:firstFaceTop=926.4,bottomTop=1035.1,faceUpStep=48.90,geomCount=3,finalCount=3,bottomRank=Four,leadingRank=Six,rankCount=3,diff=0,applied=false,boundary=[not-face-down@faceDownCount=2:teal=0.000,white=0.852,red=0.000,black=0.130]; deck-constraint:4C->4C~]
  slot tableau:5:4 9C conf=0.84 rank=rank-png-strong@0.84 {9:0.84 8:0.82 3:0.77 5:0.77} suit=suit-png@0.81 {S:0.91 C:0.88} post=[black-tiebreak:full=C0.88/S0.91,top=C0.81/S0.85,shape=Clubs@0.36;branch=lowTopMargin-shapeLeader->Clubs; ink-ratio:red=0.0000,black=0.2083,inkRed=false; cascade:firstFaceTop=1015.1,bottomTop=1035.1,faceUpStep=48.90,geomCount=1,finalCount=1,bottomRank=Nine,leadingRank=Nine,rankCount=1,diff=0,applied=false,boundary=[not-face-down@faceDownCount=4:teal=0.315,white=0.593,red=0.000,black=0.056]]
  slot tableau:6:3 JC~ conf=0.61 rank=rank-png@0.61 {J:0.61 9:0.52 3:0.50 4:0.48} suit=suit-png@0.85 {S:0.85 C:0.85} post=[ocr=miss:empty; black-tiebreak:full=C0.85/S0.85,top=C0.85/S0.83,shape=Clubs@0.36;branch=lowTopMargin-shapeLeader->Clubs; ink-ratio:red=0.0000,black=0.2315,inkRed=false,inkRegion=header; cascade:firstFaceTop=970.7,bottomTop=1035.1,faceUpStep=48.90,geomCount=2,finalCount=2,bottomRank=Seven,leadingRank=Jack,rankCount=5,diff=3,applied=false,boundary=[not-face-down@faceDownCount=3:teal=0.130,white=0.611,red=0.000,black=0.111],exposedIndex=0,distanceFromBottom=1; deck-constraint:JC->JC~]
  slot tableau:6:4 10H conf=0.72 rank=rank-png-strong@0.72 {7:0.72 J:0.71 3:0.67 4:0.66} suit=suit-png@0.91 {H:0.91 D:0.76} post=[ink-ratio:red=0.1551,black=0.0116,inkRed=true; cascade:firstFaceTop=970.7,bottomTop=1035.1,faceUpStep=48.90,geomCount=2,finalCount=2,bottomRank=Seven,leadingRank=Jack,rankCount=5,diff=3,applied=false,boundary=[not-face-down@faceDownCount=3:teal=0.130,white=0.611,red=0.000,black=0.111]; bottom-repair:above=Jack_Clubs,from=Seven_Hearts,to=Ten_Hearts]
  slot waste 10D conf=0.95 rank=rank-png-strong@0.95 {6:0.61 8:0.60 10:0.58 5:0.55} suit=suit-png@1.00 {D:0.96 H:0.81} post=[waste-fusion:legacy=Ten_Diamonds,tight=null; whole@756,503,895,713:ocr=miss:unparsed='OL';corner@756,503,817,566:ocr=miss:unparsed='OL';whole@749,503,907,713:ocr='10'@0.62; waste-ocr-rank:Ten; ink-ratio:red=0.2685,black=0.0000,inkRed=true; ocr=miss:unparsed='OL'; ink-ratio:red=0.2942,black=0.0000,inkRed=true]
18:01:59.704 OUTCOME=ARROW status=Best: Tableau 5 -> Tableau 7 score=117.5 (reveal+1,deep-col+24.0,minimal-move-3) 607ms conf=0.88 known=24
  frame=1080x2340 elapsed=607ms conf=0.88 knownFaceUp=24
  timing: queueDelay=110ms detect=607ms select=1ms total=718ms
  move=Tableau 5 -> Tableau 7 score=117.5 rationale=reveal+1,deep-col+24.0,minimal-move-3
  runner-up:
    1. Tableau 3 -> Tableau 6 score=111.0 (create-empty,king-family+1,king-setup,lookahead+20.0)
    2. Draw from stock score=28.5 (draw,lookahead+20.0)
    3. Tableau 7 -> Tableau 4 score=-196.5 (defer-no-reveal-stack,lookahead+20.0,reversible)
  from=(690,951) to=(989,1131)
  signature=Ten_Diamonds|Two_Diamonds;Two_Clubs;-;-|King_Hearts,Queen_Clubs,Jack_Hearts;D,King_Clubs;Eight_Diamonds,Seven_Spades,Six_Diamonds,Five_Clubs,Four_Hearts;King_Diamonds,Queen_Spades,Jack_Diamonds,Ten_Clubs,Nine_Diamonds,Eight_Spades;D,D,Six_Clubs,Five_Diamonds,Four_Clubs;D,D,D,D,Nine_Clubs;D,D,D,Eight_Clubs,Seven_Diamonds
  diag: boardConfidence=0.85
  diag: profile=solitaire_smash_s25
  diag: stock=face-down-stock
  diag: foundation0=match-Two-Diamonds@0.84:TD
  diag: foundation1=match-Two-Clubs@0.83:TC
  diag: foundation2=empty-color:null
  diag: foundation3=empty-color:null
  diag: tableau0.faceScan=rowHeight=5.74,lastWhiteBottom=1130.3,whiteRows=50,minimumRows=7,breakY=1164.7
  diag: tableau0.region=937.5-1130.3
  diag: tableau0=King_Diamonds,Queen_Clubs,Jack_Diamonds
  diag: tableau1.faceScan=rowHeight=5.74,lastWhiteBottom=1078.7,whiteRows=35,minimumRows=7,breakY=1113.1
  diag: tableau1.region=885.9-1078.7
  diag: tableau1=D,King_Clubs
  diag: tableau2.faceScan=rowHeight=5.74,lastWhiteBottom=1227.8,whiteRows=66,minimumRows=7,breakY=1262.2
  diag: tableau2.region=1035.1-1227.8
  diag: tableau2=Eight_Diamonds,Seven_Clubs,Six_Diamonds,Five_Clubs,Four_Diamonds
  diag: tableau3.faceScan=rowHeight=5.74,lastWhiteBottom=1273.7,whiteRows=73,minimumRows=7,breakY=1308.1
  diag: tableau3.region=1081.0-1273.7
  diag: tableau3=King_Diamonds,Queen_Clubs,Jack_Diamonds,Ten_Clubs,Nine_Diamonds,Eight_Clubs
  diag: tableau4.faceScan=rowHeight=5.74,lastWhiteBottom=1227.8,whiteRows=53,minimumRows=7,breakY=1262.2
  diag: tableau4.region=1035.1-1227.8
  diag: tableau4=D,D,Six_Clubs,Five_Diamonds,Four_Clubs
  diag: tableau5.faceScan=rowHeight=5.74,lastWhiteBottom=1227.8,whiteRows=38,minimumRows=7,breakY=1262.2
  diag: tableau5.region=1035.1-1227.8
  diag: tableau5=D,D,D,D,Nine_Clubs
  diag: tableau6.faceScan=rowHeight=5.74,lastWhiteBottom=1227.8,whiteRows=46,minimumRows=7,breakY=1262.2
  diag: tableau6.region=1035.1-1227.8
  diag: tableau6=D,D,D,Eight_Clubs,Seven_Diamonds
  diag: wasteOcr:relevant=true,ms=152,overlapped=true
  diag: waste=fused-Ten-Diamonds:TD
  diag: waste-regions=exact:757-895:face-up-color-red-rank=null,legacy:750-907:match-Ten-Diamonds@0.95
  diag: waste-rank-scores={Ace=0.5102639, Two=0.54172766, Three=0.52425283, Four=0.49034336, Five=0.5494186, Six=0.61401033, Seven=0.39349777, Eight=0.60069746, Nine=0.5340751, Ten=0.5798981, Jack=0.4711014, Queen=0.5351697, King=0.53519857}
  diag: waste-suit-scores={Hearts=0.8146267, Diamonds=0.95913976, Clubs=0.8176796, Spades=0.86289924}
  diag: whole@756,503,895,713:ocr=miss:unparsed='OL';corner@756,503,817,566:ocr=miss:unparsed='OL';whole@749,503,907,713:ocr='10'@0.62
  diag: waste-ocr-rank=Ten
  diag: livePlayScreen=true
  diag: gameFooter=true
  diag: lobbyScreen=false
  diag: knownFaceUp=24
  diag: timing:total=605ms,tableau=1432ms[c0=172,c1=52,c2=50,c3=82,c4=404,c5=357,c6=314],scrub=0ms,deckConstraint=1ms,recognize:hits=20,misses=9,missTime=1236ms,missReason:newKey=0,fingerprint=9,bounds=0
  recognition:
  slot foundation:0 2D conf=0.84 rank=rank-png-strong@0.84 {2:0.84 7:0.77 J:0.73 3:0.72} suit=suit-png@0.97 {D:0.93 H:0.82} post=[ink-ratio:red=0.1852,black=0.0000,inkRed=true]
  slot foundation:1 2C conf=0.83 rank=rank-png-strong@0.83 {2:0.83 7:0.77 J:0.72 3:0.72} suit=suit-png@0.81 {C:0.81 S:0.74} post=[black-tiebreak:full=C0.81/S0.74,top=C0.58/S0.52,branch=wideMarginDirect->Clubs; ink-ratio:red=0.0000,black=0.1811,inkRed=false]
  slot tableau:0 KH conf=0.89 rank=rank-png-strong@0.89 {K:0.89 6:0.82 8:0.80 5:0.79} suit=suit-png@0.99 {H:0.95 D:0.81} post=[ink-ratio:red=0.2685,black=0.0000,inkRed=true,inkRegion=header; cascade:firstFaceTop=837.7,bottomTop=937.5,faceUpStep=48.90,geomCount=3,finalCount=3,bottomRank=Jack,leadingRank=King,rankCount=3,diff=0,applied=false,boundary=[not-face-down@faceDownCount=0:teal=0.000,white=0.519,red=0.352,black=0.000],exposedIndex=0,distanceFromBottom=2]
  slot tableau:0:1 QC conf=0.86 rank=rank-png-strong@0.86 {Q:0.86 9:0.75 8:0.72 10:0.71} suit=suit-opencv@0.52 {S:0.91 C:0.89} post=[ocr=miss:empty; ink-ratio:red=0.0000,black=0.3426,inkRed=false,inkRegion=header; post-black-suit:Spades->Clubs; black-tiebreak2:full=C0.66/S0.66,top=C0.74/S0.69,shape=none;branch=topLeaderDirect->Clubs; cascade:firstFaceTop=837.7,bottomTop=937.5,faceUpStep=48.90,geomCount=3,finalCount=3,bottomRank=Jack,leadingRank=King,rankCount=3,diff=0,applied=false,boundary=[not-face-down@faceDownCount=0:teal=0.000,white=0.519,red=0.352,black=0.000],exposedIndex=1,distanceFromBottom=1; deck-constraint:QC~->QC]
  slot tableau:0:2 JH conf=0.83 rank=rank-png-strong@0.83 {J:0.83 4:0.71 7:0.70 3:0.68} suit=suit-png@0.98 {H:0.94 D:0.80} post=[ink-ratio:red=0.1689,black=0.0400,inkRed=true; cascade:firstFaceTop=837.7,bottomTop=937.5,faceUpStep=48.90,geomCount=3,finalCount=3,bottomRank=Jack,leadingRank=King,rankCount=3,diff=0,applied=false,boundary=[not-face-down@faceDownCount=0:teal=0.000,white=0.519,red=0.352,black=0.000]]
  slot tableau:1:1 KC conf=0.94 rank=rank-png-strong@0.94 {K:0.94 10:0.78 8:0.78 2:0.76} suit=suit-png@0.90 {C:0.93 S:0.90} post=[black-tiebreak:full=C0.93/S0.90,top=C0.90/S0.82,shape=none;branch=topLeaderDirect->Clubs; ink-ratio:red=0.0000,black=0.2356,inkRed=false; cascade:firstFaceTop=882.1,bottomTop=885.9,faceUpStep=48.90,geomCount=1,finalCount=1,bottomRank=King,leadingRank=King,rankCount=1,diff=0,applied=false,boundary=[ran-out-of-room]]
  slot tableau:2 8D~ conf=0.86 rank=rank-png-strong@0.86 {8:0.86 6:0.81 A:0.80 K:0.79} suit=suit-png@0.98 {D:0.94 H:0.84} post=[ink-ratio:red=0.2407,black=0.0000,inkRed=true,inkRegion=header; cascade:firstFaceTop=837.7,bottomTop=1035.1,faceUpStep=48.90,geomCount=5,finalCount=5,bottomRank=Four,leadingRank=Eight,rankCount=5,diff=0,applied=false,boundary=[not-face-down@faceDownCount=0:teal=0.000,white=0.685,red=0.296,black=0.000],exposedIndex=0,distanceFromBottom=4; deck-constraint:8D->8D~]
  slot tableau:2:1 7S~ conf=0.86 rank=rank-png-strong@0.86 {7:0.86 2:0.75 J:0.67 3:0.66} suit=suit-png@0.93 {S:0.93 C:0.87} post=[ocr=miss:empty; black-tiebreak:full=C0.87/S0.93,top=C0.82/S0.92,branch=wideMarginDirect->Spades; ink-ratio:red=0.0000,black=0.2037,inkRed=false,inkRegion=header; cascade:firstFaceTop=837.7,bottomTop=1035.1,faceUpStep=48.90,geomCount=5,finalCount=5,bottomRank=Four,leadingRank=Eight,rankCount=5,diff=0,applied=false,boundary=[not-face-down@faceDownCount=0:teal=0.000,white=0.685,red=0.296,black=0.000],exposedIndex=1,distanceFromBottom=3; deck-constraint:7S->7S~]
  slot tableau:2:2 6D~ conf=0.81 rank=rank-png-strong@0.81 {6:0.81 8:0.79 A:0.78 5:0.76} suit=suit-png@0.97 {D:0.93 H:0.84} post=[ink-ratio:red=0.2500,black=0.0000,inkRed=true,inkRegion=header; cascade:firstFaceTop=837.7,bottomTop=1035.1,faceUpStep=48.90,geomCount=5,finalCount=5,bottomRank=Four,leadingRank=Eight,rankCount=5,diff=0,applied=false,boundary=[not-face-down@faceDownCount=0:teal=0.000,white=0.685,red=0.296,black=0.000],exposedIndex=2,distanceFromBottom=2; deck-constraint:6D->6D~]
  slot tableau:2:3 5C~ conf=0.76 rank=rank-png-strong@0.76 {5:0.76 A:0.74 8:0.70 9:0.70} suit=suit-png@0.90 {C:0.94 S:0.90} post=[black-tiebreak:full=C0.94/S0.90,top=C0.90/S0.82,shape=none;branch=topLeaderDirect->Clubs; ink-ratio:red=0.0000,black=0.1944,inkRed=false,inkRegion=header; cascade:firstFaceTop=837.7,bottomTop=1035.1,faceUpStep=48.90,geomCount=5,finalCount=5,bottomRank=Four,leadingRank=Eight,rankCount=5,diff=0,applied=false,boundary=[not-face-down@faceDownCount=0:teal=0.000,white=0.685,red=0.296,black=0.000],exposedIndex=3,distanceFromBottom=1; deck-constraint:5C->5C~]
  slot tableau:2:4 4H~ conf=0.89 rank=rank-png-strong@0.89 {4:0.89 A:0.74 J:0.71 8:0.66} suit=suit-png@0.97 {H:0.93 D:0.80} post=[ink-ratio:red=0.2060,black=0.0000,inkRed=true; cascade:firstFaceTop=837.7,bottomTop=1035.1,faceUpStep=48.90,geomCount=5,finalCount=5,bottomRank=Four,leadingRank=Eight,rankCount=5,diff=0,applied=false,boundary=[not-face-down@faceDownCount=0:teal=0.000,white=0.685,red=0.296,black=0.000]; deck-constraint:4H->4H~]
  slot tableau:3 KD conf=0.87 rank=rank-png-strong@0.87 {K:0.87 6:0.81 8:0.81 5:0.78} suit=suit-png@0.98 {D:0.94 H:0.84} post=[ink-ratio:red=0.2685,black=0.0000,inkRed=true,inkRegion=header; cascade:firstFaceTop=837.7,bottomTop=1081.0,faceUpStep=48.90,geomCount=6,finalCount=6,bottomRank=Eight,leadingRank=King,rankCount=6,diff=0,applied=false,boundary=[not-face-down@faceDownCount=0:teal=0.000,white=0.667,red=0.333,black=0.000],exposedIndex=0,distanceFromBottom=5]
  slot tableau:3:1 QS conf=0.91 rank=rank-png-strong@0.91 {Q:0.91 9:0.80 8:0.75 6:0.74} suit=suit-png@0.93 {S:0.93 C:0.87} post=[black-tiebreak:full=C0.87/S0.93,top=C0.81/S0.91,branch=wideMarginDirect->Spades; ink-ratio:red=0.0000,black=0.2778,inkRed=false,inkRegion=header; cascade:firstFaceTop=837.7,bottomTop=1081.0,faceUpStep=48.90,geomCount=6,finalCount=6,bottomRank=Eight,leadingRank=King,rankCount=6,diff=0,applied=false,boundary=[not-face-down@faceDownCount=0:teal=0.000,white=0.667,red=0.333,black=0.000],exposedIndex=1,distanceFromBottom=4]
  slot tableau:3:2 JD conf=0.88 rank=rank-png-strong@0.88 {J:0.88 4:0.82 7:0.73 A:0.72} suit=suit-png@0.97 {D:0.93 H:0.85} post=[ocr=miss:empty; ink-ratio:red=0.1759,black=0.0000,inkRed=true,inkRegion=header; cascade:firstFaceTop=837.7,bottomTop=1081.0,faceUpStep=48.90,geomCount=6,finalCount=6,bottomRank=Eight,leadingRank=King,rankCount=6,diff=0,applied=false,boundary=[not-face-down@faceDownCount=0:teal=0.000,white=0.667,red=0.333,black=0.000],exposedIndex=2,distanceFromBottom=3]
  slot tableau:3:3 10S~ conf=0.87 rank=rank-png-strong@0.87 {10:0.87 Q:0.74 8:0.71 9:0.70} suit=suit-png@0.89 {S:0.94 C:0.89} post=[black-tiebreak:full=C0.89/S0.94,top=C0.79/S0.89,shape=none;branch=topLeaderDirect->Spades; ink-ratio:red=0.0000,black=0.2870,inkRed=false,inkRegion=header; cascade:firstFaceTop=837.7,bottomTop=1081.0,faceUpStep=48.90,geomCount=6,finalCount=6,bottomRank=Eight,leadingRank=King,rankCount=6,diff=0,applied=false,boundary=[not-face-down@faceDownCount=0:teal=0.000,white=0.667,red=0.333,black=0.000],exposedIndex=3,distanceFromBottom=2; deck-constraint:10S->10S~]
  slot tableau:3:4 9D~ conf=0.81 rank=rank-png-strong@0.81 {9:0.81 8:0.80 2:0.78 K:0.78} suit=suit-png@0.96 {D:0.92 H:0.87} post=[ink-ratio:red=0.2222,black=0.0000,inkRed=true,inkRegion=header; cascade:firstFaceTop=837.7,bottomTop=1081.0,faceUpStep=48.90,geomCount=6,finalCount=6,bottomRank=Eight,leadingRank=King,rankCount=6,diff=0,applied=false,boundary=[not-face-down@faceDownCount=0:teal=0.000,white=0.667,red=0.333,black=0.000],exposedIndex=4,distanceFromBottom=1; deck-constraint:9D->9D~]
  slot tableau:3:5 8S conf=0.90 rank=rank-png-strong@0.90 {8:0.90 6:0.81 3:0.78 9:0.77} suit=suit-png@0.95 {S:0.95 C:0.88} post=[black-tiebreak:full=C0.88/S0.95,top=C0.79/S0.95,branch=wideMarginDirect->Spades; ink-ratio:red=0.0000,black=0.2200,inkRed=false; cascade:firstFaceTop=837.7,bottomTop=1081.0,faceUpStep=48.90,geomCount=6,finalCount=6,bottomRank=Eight,leadingRank=King,rankCount=6,diff=0,applied=false,boundary=[not-face-down@faceDownCount=0:teal=0.000,white=0.667,red=0.333,black=0.000]]
  slot tableau:4:2 6C~ conf=0.88 rank=rank-png-strong@0.88 {6:0.88 A:0.82 8:0.82 4:0.81} suit=suit-png@0.93 {C:0.93 S:0.87} post=[black-tiebreak:full=C0.93/S0.87,top=C0.95/S0.86,branch=wideMarginDirect->Clubs; ink-ratio:red=0.0000,black=0.2130,inkRed=false,inkRegion=header; cascade:firstFaceTop=926.4,bottomTop=1035.1,faceUpStep=48.90,geomCount=3,finalCount=3,bottomRank=Four,leadingRank=Six,rankCount=3,diff=0,applied=false,boundary=[not-face-down@faceDownCount=2:teal=0.000,white=0.852,red=0.000,black=0.130],exposedIndex=0,distanceFromBottom=2; deck-constraint:6C->6C~]
  slot tableau:4:3 5D~ conf=0.85 rank=rank-png-strong@0.85 {5:0.85 6:0.84 8:0.82 9:0.81} suit=suit-png@0.99 {D:0.95 H:0.82} post=[ink-ratio:red=0.1944,black=0.0000,inkRed=true,inkRegion=header; cascade:firstFaceTop=926.4,bottomTop=1035.1,faceUpStep=48.90,geomCount=3,finalCount=3,bottomRank=Four,leadingRank=Six,rankCount=3,diff=0,applied=false,boundary=[not-face-down@faceDownCount=2:teal=0.000,white=0.852,red=0.000,black=0.130],exposedIndex=1,distanceFromBottom=1; deck-constraint:5D->5D~]
  slot tableau:4:4 4S~ conf=0.89 rank=rank-png-strong@0.89 {4:0.89 A:0.73 J:0.70 8:0.66} suit=suit-png@0.81 {S:0.80 C:0.74} post=[black-tiebreak:full=C0.74/S0.80,top=C0.72/S0.81,shape=none;branch=topLeaderDirect->Spades; ink-ratio:red=0.0509,black=0.1690,inkRed=false; cascade:firstFaceTop=926.4,bottomTop=1035.1,faceUpStep=48.90,geomCount=3,finalCount=3,bottomRank=Four,leadingRank=Six,rankCount=3,diff=0,applied=false,boundary=[not-face-down@faceDownCount=2:teal=0.000,white=0.852,red=0.000,black=0.130]; deck-constraint:4S->4S~]
  slot tableau:5:4 9C conf=0.84 rank=rank-png-strong@0.84 {9:0.84 8:0.82 3:0.77 5:0.77} suit=suit-png@0.81 {S:0.91 C:0.88} post=[black-tiebreak:full=C0.88/S0.91,top=C0.81/S0.85,shape=Clubs@0.36;branch=lowTopMargin-shapeLeader->Clubs; ink-ratio:red=0.0139,black=0.1713,inkRed=false; cascade:firstFaceTop=1015.1,bottomTop=1035.1,faceUpStep=48.90,geomCount=1,finalCount=1,bottomRank=Nine,leadingRank=Nine,rankCount=1,diff=0,applied=false,boundary=[not-face-down@faceDownCount=4:teal=0.315,white=0.593,red=0.000,black=0.056]]
  slot tableau:6:3 8C conf=0.93 rank=rank-png-strong@0.93 {8:0.93 9:0.84 6:0.83 A:0.83} suit=suit-png@0.91 {C:0.90 S:0.85} post=[black-tiebreak:full=C0.90/S0.85,top=C0.91/S0.83,shape=Spades@0.60;branch=topLeaderDirect->Clubs; ink-ratio:red=0.0000,black=0.2407,inkRed=false,inkRegion=header; cascade:firstFaceTop=970.7,bottomTop=1035.1,faceUpStep=48.90,geomCount=2,finalCount=2,bottomRank=Seven,leadingRank=Eight,rankCount=2,diff=0,applied=false,boundary=[not-face-down@faceDownCount=3:teal=0.000,white=0.519,red=0.000,black=0.130],exposedIndex=0,distanceFromBottom=1]
  slot tableau:6:4 7D~ conf=0.84 rank=rank-png-strong@0.84 {7:0.84 2:0.73 J:0.72 3:0.66} suit=suit-png@0.95 {H:0.91 D:0.87} post=[ink-ratio:red=0.1690,black=0.0417,inkRed=true; cascade:firstFaceTop=970.7,bottomTop=1035.1,faceUpStep=48.90,geomCount=2,finalCount=2,bottomRank=Seven,leadingRank=Eight,rankCount=2,diff=0,applied=false,boundary=[not-face-down@faceDownCount=3:teal=0.000,white=0.519,red=0.000,black=0.130]; deck-constraint:7D->7D~]
  slot waste 10D conf=0.95 rank=rank-png-strong@0.95 {6:0.61 8:0.60 10:0.58 5:0.55} suit=suit-png@1.00 {D:0.96 H:0.81} post=[waste-fusion:legacy=Ten_Diamonds,tight=null; whole@756,503,895,713:ocr=miss:unparsed='OL';corner@756,503,817,566:ocr=miss:unparsed='OL';whole@749,503,907,713:ocr='10'@0.62; waste-ocr-rank:Ten; ink-ratio:red=0.2593,black=0.0000,inkRed=true; ocr=miss:unparsed='OL'; ink-ratio:red=0.2840,black=0.0000,inkRed=true]
18:02:00.583 OUTCOME=ARROW status=Best: Tableau 2 -> Tableau 5 score=153.5 (reveal+1,deep-col+12.0,use-empty,king-family+1) 581ms conf=0.88 known=22
  frame=1080x2340 elapsed=581ms conf=0.88 knownFaceUp=22
  timing: queueDelay=89ms detect=581ms select=3ms total=673ms
  move=Tableau 2 -> Tableau 5 score=153.5 rationale=reveal+1,deep-col+12.0,use-empty,king-family+1
  runner-up:
    1. Tableau 3 -> Tableau 6 score=110.5 (create-empty,king-family+1,king-setup,lookahead+20.0)
    2. Draw from stock score=28.0 (draw,lookahead+20.0)
    3. Tableau 4 -> Tableau 5 score=-197.0 (defer-no-reveal-stack,lookahead+20.0,reversible)
  from=(241,910) to=(690,934)
  signature=Ten_Diamonds|Two_Diamonds;Two_Clubs;-;-|King_Hearts,Queen_Clubs,Jack_Hearts;D,King_Clubs;Eight_Diamonds,Seven_Spades,Six_Diamonds,Five_Clubs,Four_Hearts;King_Diamonds,Queen_Spades,Jack_Diamonds,Ten_Clubs,Nine_Diamonds,Eight_Spades;;D,D,D,D,Nine_Clubs;D,D,D,Eight_Clubs,Seven_Diamonds,Eight_Hearts,U,U,U
  diag: boardConfidence=0.85
  diag: profile=solitaire_smash_s25
  diag: stock=face-down-stock
  diag: foundation0=match-Two-Diamonds@0.84:TD
  diag: foundation1=match-Two-Clubs@0.83:TC
  diag: foundation2=empty-color:null
  diag: foundation3=empty-color:null
  diag: tableau0.faceScan=rowHeight=5.74,lastWhiteBottom=1130.3,whiteRows=50,minimumRows=7,breakY=1164.7
  diag: tableau0.region=937.5-1130.3
  diag: tableau0=King_Diamonds,Queen_Clubs,Jack_Diamonds
  diag: tableau1.faceScan=rowHeight=5.74,lastWhiteBottom=1078.7,whiteRows=35,minimumRows=7,breakY=1113.1
  diag: tableau1.region=885.9-1078.7
  diag: tableau1=D,King_Clubs
  diag: tableau2.faceScan=rowHeight=5.74,lastWhiteBottom=1227.8,whiteRows=66,minimumRows=7,breakY=1262.2
  diag: tableau2.region=1035.1-1227.8
  diag: tableau2=Eight_Diamonds,Seven_Clubs,Six_Diamonds,Five_Clubs,Four_Diamonds
  diag: tableau3.faceScan=rowHeight=5.74,lastWhiteBottom=1273.7,whiteRows=73,minimumRows=7,breakY=1308.1
  diag: tableau3.region=1081.0-1273.7
  diag: tableau3=King_Diamonds,Queen_Clubs,Jack_Diamonds,Ten_Clubs,Nine_Diamonds,Eight_Clubs
  diag: tableau4.faceScan=rowHeight=5.74,lastWhiteBottom=883.6,whiteRows=1,minimumRows=7,breakY=1113.1
  diag: tableau4=
  diag: tableau5.faceScan=rowHeight=5.74,lastWhiteBottom=1227.8,whiteRows=38,minimumRows=7,breakY=1262.2
  diag: tableau5.region=1035.1-1227.8
  diag: tableau5=D,D,D,D,Nine_Clubs
  diag: tableau6.faceScan=rowHeight=5.74,lastWhiteBottom=1428.6,whiteRows=77,minimumRows=7,breakY=1463.0
  diag: tableau6[top]=face-up-color-black-rank=bitmap-Jack@0.49
  diag: tableau6.region=1235.9-1428.6
  diag: tableau6=D,D,D,Eight_Clubs,Seven_Diamonds,Eight_Hearts,U,U,U
  diag: wasteOcr:relevant=true,ms=238,overlapped=false
  diag: waste=fused-Ten-Diamonds:TD
  diag: waste-regions=exact:757-895:face-up-color-red-rank=null,legacy:750-907:match-Ten-Diamonds@0.95
  diag: waste-rank-scores={Ace=0.5102639, Two=0.54172766, Three=0.52425283, Four=0.49034336, Five=0.5494186, Six=0.61401033, Seven=0.39349777, Eight=0.60069746, Nine=0.5340751, Ten=0.5798981, Jack=0.4711014, Queen=0.5351697, King=0.53519857}
  diag: waste-suit-scores={Hearts=0.8146267, Diamonds=0.95913976, Clubs=0.8176796, Spades=0.86289924}
  diag: whole@756,503,895,713:ocr=miss:unparsed='OL';corner@756,503,817,566:ocr=miss:unparsed='OL';whole@749,503,907,713:ocr='10'@0.62
  diag: waste-ocr-rank=Ten
  diag: livePlayScreen=true
  diag: gameFooter=true
  diag: lobbyScreen=false
  diag: knownFaceUp=22
  diag: timing:total=556ms,tableau=1076ms[c0=186,c1=19,c2=49,c3=27,c4=10,c5=277,c6=508],scrub=0ms,deckConstraint=1ms,recognize:hits=22,misses=8,missTime=672ms,missReason:newKey=5,fingerprint=3,bounds=0
  recognition:
  slot foundation:0 2D conf=0.84 rank=rank-png-strong@0.84 {2:0.84 7:0.77 J:0.73 3:0.72} suit=suit-png@0.97 {D:0.93 H:0.82} post=[ink-ratio:red=0.1852,black=0.0000,inkRed=true]
  slot foundation:1 2C conf=0.83 rank=rank-png-strong@0.83 {2:0.83 7:0.77 J:0.72 3:0.72} suit=suit-png@0.81 {C:0.81 S:0.74} post=[black-tiebreak:full=C0.81/S0.74,top=C0.58/S0.52,branch=wideMarginDirect->Clubs; ink-ratio:red=0.0000,black=0.1811,inkRed=false]
  slot tableau:0 KH conf=0.89 rank=rank-png-strong@0.89 {K:0.89 6:0.82 8:0.80 5:0.79} suit=suit-png@0.99 {H:0.95 D:0.81} post=[ink-ratio:red=0.2685,black=0.0000,inkRed=true,inkRegion=header; cascade:firstFaceTop=837.7,bottomTop=937.5,faceUpStep=48.90,geomCount=3,finalCount=3,bottomRank=Jack,leadingRank=King,rankCount=3,diff=0,applied=false,boundary=[not-face-down@faceDownCount=0:teal=0.000,white=0.519,red=0.352,black=0.000],exposedIndex=0,distanceFromBottom=2]
  slot tableau:0:1 QC conf=0.86 rank=rank-png-strong@0.86 {Q:0.86 9:0.75 8:0.72 10:0.71} suit=suit-opencv@0.52 {S:0.91 C:0.89} post=[ocr=miss:empty; ink-ratio:red=0.0000,black=0.3426,inkRed=false,inkRegion=header; post-black-suit:Spades->Clubs; black-tiebreak2:full=C0.66/S0.66,top=C0.74/S0.69,shape=none;branch=topLeaderDirect->Clubs; cascade:firstFaceTop=837.7,bottomTop=937.5,faceUpStep=48.90,geomCount=3,finalCount=3,bottomRank=Jack,leadingRank=King,rankCount=3,diff=0,applied=false,boundary=[not-face-down@faceDownCount=0:teal=0.000,white=0.519,red=0.352,black=0.000],exposedIndex=1,distanceFromBottom=1; deck-constraint:QC~->QC]
  slot tableau:0:2 JH conf=0.83 rank=rank-png-strong@0.83 {J:0.83 4:0.71 7:0.70 3:0.68} suit=suit-png@0.98 {H:0.94 D:0.80} post=[ink-ratio:red=0.1689,black=0.0400,inkRed=true; cascade:firstFaceTop=837.7,bottomTop=937.5,faceUpStep=48.90,geomCount=3,finalCount=3,bottomRank=Jack,leadingRank=King,rankCount=3,diff=0,applied=false,boundary=[not-face-down@faceDownCount=0:teal=0.000,white=0.519,red=0.352,black=0.000]]
  slot tableau:1:1 KC conf=0.94 rank=rank-png-strong@0.94 {K:0.94 10:0.78 8:0.78 2:0.76} suit=suit-png@0.90 {C:0.93 S:0.90} post=[black-tiebreak:full=C0.93/S0.90,top=C0.90/S0.82,shape=none;branch=topLeaderDirect->Clubs; ink-ratio:red=0.0000,black=0.2356,inkRed=false; cascade:firstFaceTop=882.1,bottomTop=885.9,faceUpStep=48.90,geomCount=1,finalCount=1,bottomRank=King,leadingRank=King,rankCount=1,diff=0,applied=false,boundary=[ran-out-of-room]]
  slot tableau:2 8D conf=0.86 rank=rank-png-strong@0.86 {8:0.86 6:0.81 A:0.80 K:0.79} suit=suit-png@0.98 {D:0.94 H:0.84} post=[ink-ratio:red=0.2407,black=0.0000,inkRed=true,inkRegion=header; cascade:firstFaceTop=837.7,bottomTop=1035.1,faceUpStep=48.90,geomCount=5,finalCount=5,bottomRank=Four,leadingRank=Eight,rankCount=5,diff=0,applied=false,boundary=[not-face-down@faceDownCount=0:teal=0.000,white=0.685,red=0.296,black=0.000],exposedIndex=0,distanceFromBottom=4]
  slot tableau:2:1 7S~ conf=0.86 rank=rank-png-strong@0.86 {7:0.86 2:0.75 J:0.67 3:0.66} suit=suit-png@0.93 {S:0.93 C:0.87} post=[ocr=miss:empty; black-tiebreak:full=C0.87/S0.93,top=C0.82/S0.92,branch=wideMarginDirect->Spades; ink-ratio:red=0.0000,black=0.2037,inkRed=false,inkRegion=header; cascade:firstFaceTop=837.7,bottomTop=1035.1,faceUpStep=48.90,geomCount=5,finalCount=5,bottomRank=Four,leadingRank=Eight,rankCount=5,diff=0,applied=false,boundary=[not-face-down@faceDownCount=0:teal=0.000,white=0.685,red=0.296,black=0.000],exposedIndex=1,distanceFromBottom=3; deck-constraint:7S->7S~]
  slot tableau:2:2 6D~ conf=0.81 rank=rank-png-strong@0.81 {6:0.81 8:0.79 A:0.78 5:0.76} suit=suit-png@0.97 {D:0.93 H:0.84} post=[ink-ratio:red=0.2500,black=0.0000,inkRed=true,inkRegion=header; cascade:firstFaceTop=837.7,bottomTop=1035.1,faceUpStep=48.90,geomCount=5,finalCount=5,bottomRank=Four,leadingRank=Eight,rankCount=5,diff=0,applied=false,boundary=[not-face-down@faceDownCount=0:teal=0.000,white=0.685,red=0.296,black=0.000],exposedIndex=2,distanceFromBottom=2; deck-constraint:6D->6D~]
  slot tableau:2:3 5C~ conf=0.76 rank=rank-png-strong@0.76 {5:0.76 A:0.74 8:0.70 9:0.70} suit=suit-png@0.90 {C:0.94 S:0.90} post=[black-tiebreak:full=C0.94/S0.90,top=C0.90/S0.82,shape=none;branch=topLeaderDirect->Clubs; ink-ratio:red=0.0000,black=0.1944,inkRed=false,inkRegion=header; cascade:firstFaceTop=837.7,bottomTop=1035.1,faceUpStep=48.90,geomCount=5,finalCount=5,bottomRank=Four,leadingRank=Eight,rankCount=5,diff=0,applied=false,boundary=[not-face-down@faceDownCount=0:teal=0.000,white=0.685,red=0.296,black=0.000],exposedIndex=3,distanceFromBottom=1; deck-constraint:5C->5C~]
  slot tableau:2:4 4H~ conf=0.89 rank=rank-png-strong@0.89 {4:0.89 A:0.74 J:0.71 8:0.66} suit=suit-png@0.97 {H:0.93 D:0.80} post=[ink-ratio:red=0.2060,black=0.0000,inkRed=true; cascade:firstFaceTop=837.7,bottomTop=1035.1,faceUpStep=48.90,geomCount=5,finalCount=5,bottomRank=Four,leadingRank=Eight,rankCount=5,diff=0,applied=false,boundary=[not-face-down@faceDownCount=0:teal=0.000,white=0.685,red=0.296,black=0.000]; deck-constraint:4H->4H~]
  slot tableau:3 KD conf=0.87 rank=rank-png-strong@0.87 {K:0.87 6:0.81 8:0.81 5:0.78} suit=suit-png@0.98 {D:0.94 H:0.84} post=[ink-ratio:red=0.2685,black=0.0000,inkRed=true,inkRegion=header; cascade:firstFaceTop=837.7,bottomTop=1081.0,faceUpStep=48.90,geomCount=6,finalCount=6,bottomRank=Eight,leadingRank=King,rankCount=6,diff=0,applied=false,boundary=[not-face-down@faceDownCount=0:teal=0.000,white=0.667,red=0.333,black=0.000],exposedIndex=0,distanceFromBottom=5]
  slot tableau:3:1 QS conf=0.91 rank=rank-png-strong@0.91 {Q:0.91 9:0.80 8:0.75 6:0.74} suit=suit-png@0.93 {S:0.93 C:0.87} post=[black-tiebreak:full=C0.87/S0.93,top=C0.81/S0.91,branch=wideMarginDirect->Spades; ink-ratio:red=0.0000,black=0.2778,inkRed=false,inkRegion=header; cascade:firstFaceTop=837.7,bottomTop=1081.0,faceUpStep=48.90,geomCount=6,finalCount=6,bottomRank=Eight,leadingRank=King,rankCount=6,diff=0,applied=false,boundary=[not-face-down@faceDownCount=0:teal=0.000,white=0.667,red=0.333,black=0.000],exposedIndex=1,distanceFromBottom=4]
  slot tableau:3:2 JD conf=0.88 rank=rank-png-strong@0.88 {J:0.88 4:0.82 7:0.73 A:0.72} suit=suit-png@0.97 {D:0.93 H:0.85} post=[ocr=miss:empty; ink-ratio:red=0.1759,black=0.0000,inkRed=true,inkRegion=header; cascade:firstFaceTop=837.7,bottomTop=1081.0,faceUpStep=48.90,geomCount=6,finalCount=6,bottomRank=Eight,leadingRank=King,rankCount=6,diff=0,applied=false,boundary=[not-face-down@faceDownCount=0:teal=0.000,white=0.667,red=0.333,black=0.000],exposedIndex=2,distanceFromBottom=3]
  slot tableau:3:3 10S~ conf=0.87 rank=rank-png-strong@0.87 {10:0.87 Q:0.74 8:0.71 9:0.70} suit=suit-png@0.89 {S:0.94 C:0.89} post=[black-tiebreak:full=C0.89/S0.94,top=C0.79/S0.89,shape=none;branch=topLeaderDirect->Spades; ink-ratio:red=0.0000,black=0.2870,inkRed=false,inkRegion=header; cascade:firstFaceTop=837.7,bottomTop=1081.0,faceUpStep=48.90,geomCount=6,finalCount=6,bottomRank=Eight,leadingRank=King,rankCount=6,diff=0,applied=false,boundary=[not-face-down@faceDownCount=0:teal=0.000,white=0.667,red=0.333,black=0.000],exposedIndex=3,distanceFromBottom=2; deck-constraint:10S->10S~]
  slot tableau:3:4 9D~ conf=0.81 rank=rank-png-strong@0.81 {9:0.81 8:0.80 2:0.78 K:0.78} suit=suit-png@0.96 {D:0.92 H:0.87} post=[ink-ratio:red=0.2222,black=0.0000,inkRed=true,inkRegion=header; cascade:firstFaceTop=837.7,bottomTop=1081.0,faceUpStep=48.90,geomCount=6,finalCount=6,bottomRank=Eight,leadingRank=King,rankCount=6,diff=0,applied=false,boundary=[not-face-down@faceDownCount=0:teal=0.000,white=0.667,red=0.333,black=0.000],exposedIndex=4,distanceFromBottom=1; deck-constraint:9D->9D~]
  slot tableau:3:5 8S conf=0.90 rank=rank-png-strong@0.90 {8:0.90 6:0.81 3:0.78 9:0.77} suit=suit-png@0.95 {S:0.95 C:0.88} post=[black-tiebreak:full=C0.88/S0.95,top=C0.79/S0.95,branch=wideMarginDirect->Spades; ink-ratio:red=0.0000,black=0.2200,inkRed=false; cascade:firstFaceTop=837.7,bottomTop=1081.0,faceUpStep=48.90,geomCount=6,finalCount=6,bottomRank=Eight,leadingRank=King,rankCount=6,diff=0,applied=false,boundary=[not-face-down@faceDownCount=0:teal=0.000,white=0.667,red=0.333,black=0.000]]
  slot tableau:5:4 9C conf=0.84 rank=rank-png-strong@0.84 {9:0.84 8:0.82 3:0.77 5:0.77} suit=suit-png@0.81 {S:0.91 C:0.88} post=[black-tiebreak:full=C0.88/S0.91,top=C0.81/S0.85,shape=Clubs@0.36;branch=lowTopMargin-shapeLeader->Clubs; ink-ratio:red=0.0139,black=0.1713,inkRed=false; cascade:firstFaceTop=1015.1,bottomTop=1035.1,faceUpStep=48.90,geomCount=1,finalCount=1,bottomRank=Nine,leadingRank=Nine,rankCount=1,diff=0,applied=false,boundary=[not-face-down@faceDownCount=4:teal=0.315,white=0.593,red=0.000,black=0.056]]
  slot tableau:6:3 8C conf=0.93 rank=rank-png-strong@0.93 {8:0.93 9:0.84 6:0.83 A:0.83} suit=suit-png@0.91 {C:0.90 S:0.85} post=[black-tiebreak:full=C0.90/S0.85,top=C0.91/S0.83,shape=Spades@0.60;branch=topLeaderDirect->Clubs; ink-ratio:red=0.0000,black=0.2407,inkRed=false,inkRegion=header; cascade:firstFaceTop=970.7,bottomTop=1235.9,faceUpStep=48.90,geomCount=6,finalCount=6,bottomRank=Ace,n/a,boundary=[not-face-down@faceDownCount=3:teal=0.000,white=0.519,red=0.000,black=0.130],exposedIndex=0,distanceFromBottom=5]
  slot tableau:6:4 7D conf=0.95 rank=rank-png-strong@0.95 {7:0.95 2:0.86 3:0.77 J:0.76} suit=suit-png@0.98 {D:0.94 H:0.83} post=[ocr=miss:empty; ink-ratio:red=0.1759,black=0.0556,inkRed=true,inkRegion=header; cascade:firstFaceTop=970.7,bottomTop=1235.9,faceUpStep=48.90,geomCount=6,finalCount=6,bottomRank=Ace,n/a,boundary=[not-face-down@faceDownCount=3:teal=0.000,white=0.519,red=0.000,black=0.130],exposedIndex=1,distanceFromBottom=4]
  slot tableau:6:5 8H conf=0.86 rank=rank-png-strong@0.86 {8:0.86 K:0.85 9:0.84 6:0.83} suit=suit-png@0.88 {H:0.88 D:0.80} post=[ink-ratio:red=0.2315,black=0.0556,inkRed=true,inkRegion=header; cascade:firstFaceTop=970.7,bottomTop=1235.9,faceUpStep=48.90,geomCount=6,finalCount=6,bottomRank=Ace,n/a,boundary=[not-face-down@faceDownCount=3:teal=0.000,white=0.519,red=0.000,black=0.130],exposedIndex=2,distanceFromBottom=3]
  slot tableau:6:8 ? conf=0.49 rank=? {J:0.49 Q:0.44 4:0.41 9:0.39} suit=suit-png@0.76 {S:0.80 C:0.77} post=[ocr=miss:empty; black-tiebreak:full=C0.77/S0.80,top=C0.72/S0.76,shape=Clubs@0.36;branch=topSpade-widePeakOnlyNoVeto->Spades; ink-ratio:red=0.0000,black=0.1422,inkRed=false; cascade:firstFaceTop=970.7,bottomTop=1235.9,faceUpStep=48.90,geomCount=6,finalCount=6,bottomRank=Ace,n/a,boundary=[not-face-down@faceDownCount=3:teal=0.000,white=0.519,red=0.000,black=0.130]]
  slot waste 10D conf=0.95 rank=rank-png-strong@0.95 {6:0.61 8:0.60 10:0.58 5:0.55} suit=suit-png@1.00 {D:0.96 H:0.81} post=[waste-fusion:legacy=Ten_Diamonds,tight=null; whole@756,503,895,713:ocr=miss:unparsed='OL';corner@756,503,817,566:ocr=miss:unparsed='OL';whole@749,503,907,713:ocr='10'@0.62; waste-ocr-rank:Ten; ink-ratio:red=0.2593,black=0.0000,inkRed=true; ocr=miss:unparsed='OL'; ink-ratio:red=0.2840,black=0.0000,inkRed=true]
18:02:01.483 OUTCOME=ARROW status=Best: Tableau 3 -> Tableau 6 score=111.0 (create-empty,king-family+1,king-setup,lookahead+20.0) 891ms conf=0.88 known=25
  frame=1080x2340 elapsed=891ms conf=0.88 knownFaceUp=25
  timing: queueDelay=67ms detect=891ms select=3ms total=961ms
  move=Tableau 3 -> Tableau 6 score=111.0 rationale=create-empty,king-family+1,king-setup,lookahead+20.0
  runner-up:
    1. Draw from stock score=8.5 (draw)
    2. Tableau 7 -> Tableau 5 score=-216.5 (defer-no-reveal-stack,reversible)
    3. Tableau 7 -> Tableau 4 score=-216.5 (defer-no-reveal-stack,reversible)
  from=(390,862) to=(839,1131)
  signature=Ten_Diamonds|Two_Diamonds;Two_Clubs;-;-|King_Hearts,Queen_Clubs,Jack_Hearts;D,King_Clubs;Eight_Diamonds,Seven_Spades,Six_Diamonds,Five_Clubs,Four_Hearts;King_Diamonds,Queen_Spades,Jack_Diamonds,Ten_Clubs,Nine_Diamonds,Eight_Spades;D,Five_Hearts;D,D,D,D,Nine_Clubs;D,D,D,Eight_Clubs,Seven_Diamonds,Six_Clubs,Five_Diamonds,Four_Clubs
  diag: boardConfidence=0.85
  diag: profile=solitaire_smash_s25
  diag: stock=face-down-stock
  diag: foundation0=match-Two-Diamonds@0.84:TD
  diag: foundation1=match-Two-Clubs@0.83:TC
  diag: foundation2=empty-color:null
  diag: foundation3=empty-color:null
  diag: tableau0.faceScan=rowHeight=5.74,lastWhiteBottom=1130.3,whiteRows=50,minimumRows=7,breakY=1164.7
  diag: tableau0.region=937.5-1130.3
  diag: tableau0=King_Diamonds,Queen_Clubs,Jack_Diamonds
  diag: tableau1.faceScan=rowHeight=5.74,lastWhiteBottom=1078.7,whiteRows=35,minimumRows=7,breakY=1113.1
  diag: tableau1.region=885.9-1078.7
  diag: tableau1=D,King_Clubs
  diag: tableau2.faceScan=rowHeight=5.74,lastWhiteBottom=1227.8,whiteRows=66,minimumRows=7,breakY=1262.2
  diag: tableau2.region=1035.1-1227.8
  diag: tableau2=Eight_Diamonds,Seven_Clubs,Six_Diamonds,Five_Clubs,Four_Diamonds
  diag: tableau3.faceScan=rowHeight=5.74,lastWhiteBottom=1273.7,whiteRows=73,minimumRows=7,breakY=1308.1
  diag: tableau3.region=1081.0-1273.7
  diag: tableau3=King_Diamonds,Queen_Clubs,Jack_Diamonds,Ten_Clubs,Nine_Diamonds,Eight_Clubs
  diag: tableau4.faceScan=rowHeight=5.74,lastWhiteBottom=1078.7,whiteRows=35,minimumRows=7,breakY=1113.1
  diag: tableau4.region=885.9-1078.7
  diag: tableau4=D,Five_Hearts
  diag: tableau5.faceScan=rowHeight=5.74,lastWhiteBottom=1227.8,whiteRows=38,minimumRows=7,breakY=1262.2
  diag: tableau5.region=1035.1-1227.8
  diag: tableau5=D,D,D,D,Nine_Clubs
  diag: tableau6.faceScan=rowHeight=5.74,lastWhiteBottom=1371.2,whiteRows=70,minimumRows=7,breakY=1405.7
  diag: tableau6.region=1178.5-1371.2
  diag: tableau6=D,D,D,Eight_Clubs,Seven_Diamonds,Six_Clubs,Five_Diamonds,Four_Clubs
  diag: wasteOcr:relevant=true,ms=322,overlapped=false
  diag: waste=fused-Ten-Diamonds:TD
  diag: waste-regions=exact:757-895:face-up-color-red-rank=null,legacy:750-907:match-Ten-Diamonds@0.95
  diag: waste-rank-scores={Ace=0.5102639, Two=0.54172766, Three=0.52425283, Four=0.49034336, Five=0.5494186, Six=0.61401033, Seven=0.39349777, Eight=0.60069746, Nine=0.5340751, Ten=0.5798981, Jack=0.4711014, Queen=0.5351697, King=0.53519857}
  diag: waste-suit-scores={Hearts=0.8146267, Diamonds=0.95913976, Clubs=0.8176796, Spades=0.86289924}
  diag: whole@756,503,895,713:ocr=miss:unparsed='OL';corner@756,503,817,566:ocr=miss:unparsed='OL';whole@749,503,907,713:ocr='10'@0.62
  diag: waste-ocr-rank=Ten
  diag: livePlayScreen=true
  diag: gameFooter=true
  diag: lobbyScreen=false
  diag: knownFaceUp=25
  diag: timing:total=890ms,tableau=1481ms[c0=181,c1=17,c2=34,c3=36,c4=418,c5=7,c6=788],scrub=0ms,deckConstraint=2ms,recognize:hits=24,misses=7,missTime=1156ms,missReason:newKey=3,fingerprint=4,bounds=0
  recognition:
  slot foundation:0 2D conf=0.84 rank=rank-png-strong@0.84 {2:0.84 7:0.77 J:0.73 3:0.72} suit=suit-png@0.97 {D:0.93 H:0.82} post=[ink-ratio:red=0.1852,black=0.0000,inkRed=true]
  slot foundation:1 2C conf=0.83 rank=rank-png-strong@0.83 {2:0.83 7:0.77 J:0.72 3:0.72} suit=suit-png@0.81 {C:0.81 S:0.74} post=[black-tiebreak:full=C0.81/S0.74,top=C0.58/S0.52,branch=wideMarginDirect->Clubs; ink-ratio:red=0.0000,black=0.1811,inkRed=false]
  slot tableau:0 KH conf=0.89 rank=rank-png-strong@0.89 {K:0.89 6:0.82 8:0.80 5:0.79} suit=suit-png@0.99 {H:0.95 D:0.81} post=[ink-ratio:red=0.2685,black=0.0000,inkRed=true,inkRegion=header; cascade:firstFaceTop=837.7,bottomTop=937.5,faceUpStep=48.90,geomCount=3,finalCount=3,bottomRank=Jack,leadingRank=King,rankCount=3,diff=0,applied=false,boundary=[not-face-down@faceDownCount=0:teal=0.000,white=0.519,red=0.352,black=0.000],exposedIndex=0,distanceFromBottom=2]
  slot tableau:0:1 QC conf=0.86 rank=rank-png-strong@0.86 {Q:0.86 9:0.75 8:0.72 10:0.71} suit=suit-opencv@0.52 {S:0.91 C:0.89} post=[ocr=miss:empty; ink-ratio:red=0.0000,black=0.3426,inkRed=false,inkRegion=header; post-black-suit:Spades->Clubs; black-tiebreak2:full=C0.66/S0.66,top=C0.74/S0.69,shape=none;branch=topLeaderDirect->Clubs; cascade:firstFaceTop=837.7,bottomTop=937.5,faceUpStep=48.90,geomCount=3,finalCount=3,bottomRank=Jack,leadingRank=King,rankCount=3,diff=0,applied=false,boundary=[not-face-down@faceDownCount=0:teal=0.000,white=0.519,red=0.352,black=0.000],exposedIndex=1,distanceFromBottom=1; deck-constraint:QC~->QC]
  slot tableau:0:2 JH conf=0.83 rank=rank-png-strong@0.83 {J:0.83 4:0.71 7:0.70 3:0.68} suit=suit-png@0.98 {H:0.94 D:0.80} post=[ink-ratio:red=0.1689,black=0.0400,inkRed=true; cascade:firstFaceTop=837.7,bottomTop=937.5,faceUpStep=48.90,geomCount=3,finalCount=3,bottomRank=Jack,leadingRank=King,rankCount=3,diff=0,applied=false,boundary=[not-face-down@faceDownCount=0:teal=0.000,white=0.519,red=0.352,black=0.000]]
  slot tableau:1:1 KC conf=0.94 rank=rank-png-strong@0.94 {K:0.94 10:0.78 8:0.78 2:0.76} suit=suit-png@0.90 {C:0.93 S:0.90} post=[black-tiebreak:full=C0.93/S0.90,top=C0.90/S0.82,shape=none;branch=topLeaderDirect->Clubs; ink-ratio:red=0.0000,black=0.2356,inkRed=false; cascade:firstFaceTop=882.1,bottomTop=885.9,faceUpStep=48.90,geomCount=1,finalCount=1,bottomRank=King,leadingRank=King,rankCount=1,diff=0,applied=false,boundary=[ran-out-of-room]]
  slot tableau:2 8D~ conf=0.86 rank=rank-png-strong@0.86 {8:0.86 6:0.81 A:0.80 K:0.79} suit=suit-png@0.98 {D:0.94 H:0.84} post=[ink-ratio:red=0.2407,black=0.0000,inkRed=true,inkRegion=header; cascade:firstFaceTop=837.7,bottomTop=1035.1,faceUpStep=48.90,geomCount=5,finalCount=5,bottomRank=Four,leadingRank=Eight,rankCount=5,diff=0,applied=false,boundary=[not-face-down@faceDownCount=0:teal=0.000,white=0.685,red=0.296,black=0.000],exposedIndex=0,distanceFromBottom=4; deck-constraint:8D->8D~]
  slot tableau:2:1 7S~ conf=0.86 rank=rank-png-strong@0.86 {7:0.86 2:0.75 J:0.67 3:0.66} suit=suit-png@0.93 {S:0.93 C:0.87} post=[ocr=miss:empty; black-tiebreak:full=C0.87/S0.93,top=C0.82/S0.92,branch=wideMarginDirect->Spades; ink-ratio:red=0.0000,black=0.2037,inkRed=false,inkRegion=header; cascade:firstFaceTop=837.7,bottomTop=1035.1,faceUpStep=48.90,geomCount=5,finalCount=5,bottomRank=Four,leadingRank=Eight,rankCount=5,diff=0,applied=false,boundary=[not-face-down@faceDownCount=0:teal=0.000,white=0.685,red=0.296,black=0.000],exposedIndex=1,distanceFromBottom=3; deck-constraint:7S->7S~]
  slot tableau:2:2 6D~ conf=0.81 rank=rank-png-strong@0.81 {6:0.81 8:0.79 A:0.78 5:0.76} suit=suit-png@0.97 {D:0.93 H:0.84} post=[ink-ratio:red=0.2500,black=0.0000,inkRed=true,inkRegion=header; cascade:firstFaceTop=837.7,bottomTop=1035.1,faceUpStep=48.90,geomCount=5,finalCount=5,bottomRank=Four,leadingRank=Eight,rankCount=5,diff=0,applied=false,boundary=[not-face-down@faceDownCount=0:teal=0.000,white=0.685,red=0.296,black=0.000],exposedIndex=2,distanceFromBottom=2; deck-constraint:6D->6D~]
  slot tableau:2:3 5C~ conf=0.76 rank=rank-png-strong@0.76 {5:0.76 A:0.74 8:0.70 9:0.70} suit=suit-png@0.90 {C:0.94 S:0.90} post=[black-tiebreak:full=C0.94/S0.90,top=C0.90/S0.82,shape=none;branch=topLeaderDirect->Clubs; ink-ratio:red=0.0000,black=0.1944,inkRed=false,inkRegion=header; cascade:firstFaceTop=837.7,bottomTop=1035.1,faceUpStep=48.90,geomCount=5,finalCount=5,bottomRank=Four,leadingRank=Eight,rankCount=5,diff=0,applied=false,boundary=[not-face-down@faceDownCount=0:teal=0.000,white=0.685,red=0.296,black=0.000],exposedIndex=3,distanceFromBottom=1; deck-constraint:5C->5C~]
  slot tableau:2:4 4H~ conf=0.89 rank=rank-png-strong@0.89 {4:0.89 A:0.74 J:0.71 8:0.66} suit=suit-png@0.97 {H:0.93 D:0.80} post=[ink-ratio:red=0.2060,black=0.0000,inkRed=true; cascade:firstFaceTop=837.7,bottomTop=1035.1,faceUpStep=48.90,geomCount=5,finalCount=5,bottomRank=Four,leadingRank=Eight,rankCount=5,diff=0,applied=false,boundary=[not-face-down@faceDownCount=0:teal=0.000,white=0.685,red=0.296,black=0.000]; deck-constraint:4H->4H~]
  slot tableau:3 KD conf=0.87 rank=rank-png-strong@0.87 {K:0.87 6:0.81 8:0.81 5:0.78} suit=suit-png@0.98 {D:0.94 H:0.84} post=[ink-ratio:red=0.2685,black=0.0000,inkRed=true,inkRegion=header; cascade:firstFaceTop=837.7,bottomTop=1081.0,faceUpStep=48.90,geomCount=6,finalCount=6,bottomRank=Eight,leadingRank=King,rankCount=6,diff=0,applied=false,boundary=[not-face-down@faceDownCount=0:teal=0.000,white=0.667,red=0.333,black=0.000],exposedIndex=0,distanceFromBottom=5]
  slot tableau:3:1 QS conf=0.91 rank=rank-png-strong@0.91 {Q:0.91 9:0.80 8:0.75 6:0.74} suit=suit-png@0.93 {S:0.93 C:0.87} post=[black-tiebreak:full=C0.87/S0.93,top=C0.81/S0.91,branch=wideMarginDirect->Spades; ink-ratio:red=0.0000,black=0.2778,inkRed=false,inkRegion=header; cascade:firstFaceTop=837.7,bottomTop=1081.0,faceUpStep=48.90,geomCount=6,finalCount=6,bottomRank=Eight,leadingRank=King,rankCount=6,diff=0,applied=false,boundary=[not-face-down@faceDownCount=0:teal=0.000,white=0.667,red=0.333,black=0.000],exposedIndex=1,distanceFromBottom=4]
  slot tableau:3:2 JD conf=0.88 rank=rank-png-strong@0.88 {J:0.88 4:0.82 7:0.73 A:0.72} suit=suit-png@0.97 {D:0.93 H:0.85} post=[ocr=miss:empty; ink-ratio:red=0.1759,black=0.0000,inkRed=true,inkRegion=header; cascade:firstFaceTop=837.7,bottomTop=1081.0,faceUpStep=48.90,geomCount=6,finalCount=6,bottomRank=Eight,leadingRank=King,rankCount=6,diff=0,applied=false,boundary=[not-face-down@faceDownCount=0:teal=0.000,white=0.667,red=0.333,black=0.000],exposedIndex=2,distanceFromBottom=3]
  slot tableau:3:3 10S~ conf=0.87 rank=rank-png-strong@0.87 {10:0.87 Q:0.74 8:0.71 9:0.70} suit=suit-png@0.89 {S:0.94 C:0.89} post=[black-tiebreak:full=C0.89/S0.94,top=C0.79/S0.89,shape=none;branch=topLeaderDirect->Spades; ink-ratio:red=0.0000,black=0.2870,inkRed=false,inkRegion=header; cascade:firstFaceTop=837.7,bottomTop=1081.0,faceUpStep=48.90,geomCount=6,finalCount=6,bottomRank=Eight,leadingRank=King,rankCount=6,diff=0,applied=false,boundary=[not-face-down@faceDownCount=0:teal=0.000,white=0.667,red=0.333,black=0.000],exposedIndex=3,distanceFromBottom=2; deck-constraint:10S->10S~]
  slot tableau:3:4 9D~ conf=0.81 rank=rank-png-strong@0.81 {9:0.81 8:0.80 2:0.78 K:0.78} suit=suit-png@0.96 {D:0.92 H:0.87} post=[ink-ratio:red=0.2222,black=0.0000,inkRed=true,inkRegion=header; cascade:firstFaceTop=837.7,bottomTop=1081.0,faceUpStep=48.90,geomCount=6,finalCount=6,bottomRank=Eight,leadingRank=King,rankCount=6,diff=0,applied=false,boundary=[not-face-down@faceDownCount=0:teal=0.000,white=0.667,red=0.333,black=0.000],exposedIndex=4,distanceFromBottom=1; deck-constraint:9D->9D~]
  slot tableau:3:5 8S conf=0.90 rank=rank-png-strong@0.90 {8:0.90 6:0.81 3:0.78 9:0.77} suit=suit-png@0.95 {S:0.95 C:0.88} post=[black-tiebreak:full=C0.88/S0.95,top=C0.79/S0.95,branch=wideMarginDirect->Spades; ink-ratio:red=0.0000,black=0.2200,inkRed=false; cascade:firstFaceTop=837.7,bottomTop=1081.0,faceUpStep=48.90,geomCount=6,finalCount=6,bottomRank=Eight,leadingRank=King,rankCount=6,diff=0,applied=false,boundary=[not-face-down@faceDownCount=0:teal=0.000,white=0.667,red=0.333,black=0.000]]
  slot tableau:4:1 5H conf=0.81 rank=rank-png-strong@0.81 {5:0.81 3:0.77 6:0.76 8:0.76} suit=suit-png@0.99 {H:0.95 D:0.81} post=[ink-ratio:red=0.2400,black=0.0000,inkRed=true; cascade:firstFaceTop=882.1,bottomTop=885.9,faceUpStep=48.90,geomCount=1,finalCount=1,bottomRank=Five,leadingRank=Five,rankCount=1,diff=0,applied=false,boundary=[ran-out-of-room]]
  slot tableau:5:4 9C conf=0.84 rank=rank-png-strong@0.84 {9:0.84 8:0.82 3:0.77 5:0.77} suit=suit-png@0.81 {S:0.91 C:0.88} post=[black-tiebreak:full=C0.88/S0.91,top=C0.81/S0.85,shape=Clubs@0.36;branch=lowTopMargin-shapeLeader->Clubs; ink-ratio:red=0.0139,black=0.1713,inkRed=false; cascade:firstFaceTop=1015.1,bottomTop=1035.1,faceUpStep=48.90,geomCount=1,finalCount=1,bottomRank=Nine,leadingRank=Nine,rankCount=1,diff=0,applied=false,boundary=[not-face-down@faceDownCount=4:teal=0.315,white=0.593,red=0.000,black=0.056]]
  slot tableau:6:3 8C conf=0.93 rank=rank-png-strong@0.93 {8:0.93 9:0.84 6:0.83 A:0.83} suit=suit-png@0.91 {C:0.90 S:0.85} post=[black-tiebreak:full=C0.90/S0.85,top=C0.91/S0.83,shape=Spades@0.60;branch=topLeaderDirect->Clubs; ink-ratio:red=0.0000,black=0.2407,inkRed=false,inkRegion=header; cascade:firstFaceTop=970.7,bottomTop=1178.5,faceUpStep=48.90,geomCount=5,finalCount=5,bottomRank=Four,leadingRank=Eight,rankCount=5,diff=0,applied=false,boundary=[not-face-down@faceDownCount=3:teal=0.000,white=0.519,red=0.000,black=0.130],exposedIndex=0,distanceFromBottom=4]
  slot tableau:6:4 7D~ conf=0.95 rank=rank-png-strong@0.95 {7:0.95 2:0.86 3:0.77 J:0.76} suit=suit-png@0.98 {D:0.94 H:0.83} post=[ocr=miss:empty; ink-ratio:red=0.1759,black=0.0556,inkRed=true,inkRegion=header; cascade:firstFaceTop=970.7,bottomTop=1178.5,faceUpStep=48.90,geomCount=5,finalCount=5,bottomRank=Four,leadingRank=Eight,rankCount=5,diff=0,applied=false,boundary=[not-face-down@faceDownCount=3:teal=0.000,white=0.519,red=0.000,black=0.130],exposedIndex=1,distanceFromBottom=3; deck-constraint:7D->7D~]
  slot tableau:6:5 6C~ conf=0.92 rank=rank-png-strong@0.92 {6:0.92 A:0.83 8:0.83 5:0.83} suit=suit-png@0.92 {C:0.90 S:0.86} post=[black-tiebreak:full=C0.90/S0.86,top=C0.92/S0.84,shape=Spades@0.60;branch=topLeaderDirect->Clubs; ink-ratio:red=0.0000,black=0.2500,inkRed=false,inkRegion=header; cascade:firstFaceTop=970.7,bottomTop=1178.5,faceUpStep=48.90,geomCount=5,finalCount=5,bottomRank=Four,leadingRank=Eight,rankCount=5,diff=0,applied=false,boundary=[not-face-down@faceDownCount=3:teal=0.000,white=0.519,red=0.000,black=0.130],exposedIndex=2,distanceFromBottom=2; deck-constraint:6C->6C~]
  slot tableau:6:6 5D conf=0.94 rank=rank-png-strong@0.94 {5:0.94 6:0.83 K:0.81 9:0.80} suit=suit-png@0.96 {D:0.92 H:0.84} post=[ink-ratio:red=0.1574,black=0.0556,inkRed=true,inkRegion=header; cascade:firstFaceTop=970.7,bottomTop=1178.5,faceUpStep=48.90,geomCount=5,finalCount=5,bottomRank=Four,leadingRank=Eight,rankCount=5,diff=0,applied=false,boundary=[not-face-down@faceDownCount=3:teal=0.000,white=0.519,red=0.000,black=0.130],exposedIndex=3,distanceFromBottom=1]
  slot tableau:6:7 4C~ conf=0.91 rank=rank-png-strong@0.91 {4:0.91 A:0.73 J:0.73 8:0.66} suit=suit-png@0.86 {C:0.90 S:0.89} post=[black-tiebreak:full=C0.90/S0.89,top=C0.86/S0.82,shape=Clubs@0.36;branch=lowTopMargin-shapeLeader->Clubs; ink-ratio:red=0.0000,black=0.2067,inkRed=false; cascade:firstFaceTop=970.7,bottomTop=1178.5,faceUpStep=48.90,geomCount=5,finalCount=5,bottomRank=Four,leadingRank=Eight,rankCount=5,diff=0,applied=false,boundary=[not-face-down@faceDownCount=3:teal=0.000,white=0.519,red=0.000,black=0.130]; deck-constraint:4C->4C~]
  slot waste 10D conf=0.95 rank=rank-png-strong@0.95 {6:0.61 8:0.60 10:0.58 5:0.55} suit=suit-png@1.00 {D:0.96 H:0.81} post=[waste-fusion:legacy=Ten_Diamonds,tight=null; whole@756,503,895,713:ocr=miss:unparsed='OL';corner@756,503,817,566:ocr=miss:unparsed='OL';whole@749,503,907,713:ocr='10'@0.62; waste-ocr-rank:Ten; ink-ratio:red=0.2593,black=0.0000,inkRed=true; ocr=miss:unparsed='OL'; ink-ratio:red=0.2840,black=0.0000,inkRed=true]
18:02:03.731 OUTCOME=ARROW status=Best: Tableau 2 -> Tableau 3 score=153.5 (reveal+1,deep-col+12.0,use-empty,king-family+1) 887ms conf=0.88 known=18
  frame=1080x2340 elapsed=887ms conf=0.88 knownFaceUp=18
  timing: queueDelay=0ms detect=887ms select=1ms total=888ms
  move=Tableau 2 -> Tableau 3 score=153.5 rationale=reveal+1,deep-col+12.0,use-empty,king-family+1
  runner-up:
    1. Draw from stock score=28.0 (draw,lookahead+20.0)
    2. Tableau 7 -> Tableau 5 score=-197.0 (defer-no-reveal-stack,lookahead+20.0,reversible)
    3. Tableau 1 -> Tableau 3 score=-197.0 (defer-no-reveal-stack,lookahead+20.0,reversible)
  from=(241,910) to=(390,934)
  signature=Ten_Diamonds|Two_Diamonds;Two_Clubs;-;-|King_Hearts,Queen_Clubs,Jack_Hearts;D,King_Clubs;;King_Diamonds,Jack_Diamonds,Four_Diamonds,U,Jack_Hearts,U;D,Five_Hearts;D,D,D,D,Nine_Clubs;D,D,D,Eight_Clubs,Seven_Diamonds,Six_Clubs,Five_Diamonds,Four_Clubs
  diag: boardConfidence=0.85
  diag: profile=solitaire_smash_s25
  diag: stock=face-down-stock
  diag: foundation0=match-Two-Diamonds@0.84:TD
  diag: foundation1=match-Two-Clubs@0.83:TC
  diag: foundation2=empty-color:null
  diag: foundation3=empty-color:null
  diag: tableau0.faceScan=rowHeight=5.74,lastWhiteBottom=1130.3,whiteRows=50,minimumRows=7,breakY=1164.7
  diag: tableau0.region=937.5-1130.3
  diag: tableau0=King_Diamonds,Queen_Clubs,Jack_Diamonds
  diag: tableau1.faceScan=rowHeight=5.74,lastWhiteBottom=1078.7,whiteRows=35,minimumRows=7,breakY=1113.1
  diag: tableau1.region=885.9-1078.7
  diag: tableau1=D,King_Clubs
  diag: tableau2.faceScan=rowHeight=5.74,lastWhiteBottom=-1.0,whiteRows=0,minimumRows=7,breakY=923.8
  diag: tableau2=
  diag: tableau3.faceScan=rowHeight=5.74,lastWhiteBottom=1279.5,whiteRows=76,minimumRows=7,breakY=1313.9
  diag: tableau3[top]=face-up-color-red-rank=glyph-Nine@0.47
  diag: tableau3.region=1086.7-1279.5
  diag: tableau3=King_Diamonds,Jack_Diamonds,Four_Diamonds,U,Jack_Hearts,U
  diag: tableau4.faceScan=rowHeight=5.74,lastWhiteBottom=1078.7,whiteRows=35,minimumRows=7,breakY=1113.1
  diag: tableau4.region=885.9-1078.7
  diag: tableau4=D,Five_Hearts
  diag: tableau5.faceScan=rowHeight=5.74,lastWhiteBottom=1227.8,whiteRows=38,minimumRows=7,breakY=1262.2
  diag: tableau5.region=1035.1-1227.8
  diag: tableau5=D,D,D,D,Nine_Clubs
  diag: tableau6.faceScan=rowHeight=5.74,lastWhiteBottom=1371.2,whiteRows=70,minimumRows=7,breakY=1405.7
  diag: tableau6.region=1178.5-1371.2
  diag: tableau6=D,D,D,Eight_Clubs,Seven_Diamonds,Six_Clubs,Five_Diamonds,Four_Clubs
  diag: wasteOcr:relevant=true,ms=583,overlapped=false
  diag: waste=fused-Ten-Diamonds:TD
  diag: waste-regions=exact:757-895:face-up-color-red-rank=null,legacy:750-907:match-Ten-Diamonds@0.95
  diag: waste-rank-scores={Ace=0.5102639, Two=0.54172766, Three=0.52425283, Four=0.49034336, Five=0.5494186, Six=0.61401033, Seven=0.39349777, Eight=0.60069746, Nine=0.5340751, Ten=0.5798981, Jack=0.4711014, Queen=0.5351697, King=0.53519857}
  diag: waste-suit-scores={Hearts=0.8146267, Diamonds=0.95913976, Clubs=0.8176796, Spades=0.86289924}
  diag: whole@756,503,895,713:ocr=miss:unparsed='OL';corner@756,503,817,566:ocr=miss:unparsed='OL';whole@749,503,907,713:ocr='10'@0.62
  diag: waste-ocr-rank=Ten
  diag: livePlayScreen=true
  diag: gameFooter=true
  diag: lobbyScreen=false
  diag: knownFaceUp=18
  diag: timing:total=866ms,tableau=1257ms[c0=220,c1=43,c2=13,c3=847,c4=33,c5=18,c6=83],scrub=0ms,deckConstraint=1ms,recognize:hits=20,misses=6,missTime=801ms,missReason:newKey=1,fingerprint=5,bounds=0
  recognition:
  slot foundation:0 2D conf=0.84 rank=rank-png-strong@0.84 {2:0.84 7:0.77 J:0.73 3:0.72} suit=suit-png@0.97 {D:0.93 H:0.82} post=[ink-ratio:red=0.1852,black=0.0000,inkRed=true]
  slot foundation:1 2C conf=0.83 rank=rank-png-strong@0.83 {2:0.83 7:0.77 J:0.72 3:0.72} suit=suit-png@0.81 {C:0.81 S:0.74} post=[black-tiebreak:full=C0.81/S0.74,top=C0.58/S0.52,branch=wideMarginDirect->Clubs; ink-ratio:red=0.0000,black=0.1811,inkRed=false]
  slot tableau:0 KH conf=0.89 rank=rank-png-strong@0.89 {K:0.89 6:0.82 8:0.80 5:0.79} suit=suit-png@0.99 {H:0.95 D:0.81} post=[ink-ratio:red=0.2685,black=0.0000,inkRed=true,inkRegion=header; cascade:firstFaceTop=837.7,bottomTop=937.5,faceUpStep=48.90,geomCount=3,finalCount=3,bottomRank=Jack,leadingRank=King,rankCount=3,diff=0,applied=false,boundary=[not-face-down@faceDownCount=0:teal=0.000,white=0.519,red=0.352,black=0.000],exposedIndex=0,distanceFromBottom=2]
  slot tableau:0:1 QC~ conf=0.86 rank=rank-png-strong@0.86 {Q:0.86 9:0.75 8:0.72 10:0.71} suit=suit-opencv@0.52 {S:0.91 C:0.89} post=[ocr=miss:empty; ink-ratio:red=0.0000,black=0.3426,inkRed=false,inkRegion=header; post-black-suit:Spades->Clubs; black-tiebreak2:full=C0.66/S0.66,top=C0.74/S0.69,shape=none;branch=topLeaderDirect->Clubs; cascade:firstFaceTop=837.7,bottomTop=937.5,faceUpStep=48.90,geomCount=3,finalCount=3,bottomRank=Jack,leadingRank=King,rankCount=3,diff=0,applied=false,boundary=[not-face-down@faceDownCount=0:teal=0.000,white=0.519,red=0.352,black=0.000],exposedIndex=1,distanceFromBottom=1]
  slot tableau:0:2 JH~ conf=0.83 rank=rank-png-strong@0.83 {J:0.83 4:0.71 7:0.70 3:0.68} suit=suit-png@0.98 {H:0.94 D:0.80} post=[ink-ratio:red=0.1689,black=0.0400,inkRed=true; cascade:firstFaceTop=837.7,bottomTop=937.5,faceUpStep=48.90,geomCount=3,finalCount=3,bottomRank=Jack,leadingRank=King,rankCount=3,diff=0,applied=false,boundary=[not-face-down@faceDownCount=0:teal=0.000,white=0.519,red=0.352,black=0.000]; deck-constraint:JH->JH~]
  slot tableau:1:1 KC conf=0.94 rank=rank-png-strong@0.94 {K:0.94 10:0.78 8:0.78 2:0.76} suit=suit-png@0.90 {C:0.93 S:0.90} post=[black-tiebreak:full=C0.93/S0.90,top=C0.90/S0.82,shape=none;branch=topLeaderDirect->Clubs; ink-ratio:red=0.0000,black=0.2356,inkRed=false; cascade:firstFaceTop=882.1,bottomTop=885.9,faceUpStep=48.90,geomCount=1,finalCount=1,bottomRank=King,leadingRank=King,rankCount=1,diff=0,applied=false,boundary=[ran-out-of-room]]
  slot tableau:3 KD conf=0.87 rank=rank-png-strong@0.87 {K:0.87 6:0.80 8:0.79 5:0.79} suit=suit-png@0.98 {D:0.94 H:0.84} post=[ink-ratio:red=0.2685,black=0.0000,inkRed=true,inkRegion=header; cascade:firstFaceTop=837.7,bottomTop=1086.7,faceUpStep=48.90,geomCount=6,finalCount=6,bottomRank=Ace,n/a,boundary=[not-face-down@faceDownCount=0:teal=0.000,white=0.667,red=0.333,black=0.000],exposedIndex=0,distanceFromBottom=5]
  slot tableau:3:1 JD conf=0.81 rank=rank-png-strong@0.81 {J:0.81 4:0.80 9:0.77 8:0.73} suit=suit-png@0.84 {D:0.84 H:0.83 S:0.80 C:0.73} post=[ocr=miss:empty; ink-ratio:red=0.1111,black=0.1296,inkRed=null,inkRegion=header; cascade:firstFaceTop=837.7,bottomTop=1086.7,faceUpStep=48.90,geomCount=6,finalCount=6,bottomRank=Ace,n/a,boundary=[not-face-down@faceDownCount=0:teal=0.000,white=0.667,red=0.333,black=0.000],exposedIndex=1,distanceFromBottom=4]
  slot tableau:3:2 4D conf=0.84 rank=rank-png-strong@0.84 {4:0.84 9:0.79 A:0.78 J:0.77} suit=suit-png@0.81 {D:0.81 H:0.77 S:0.75 C:0.68} post=[ink-ratio:red=0.1111,black=0.1296,inkRed=null,inkRegion=header; cascade:firstFaceTop=837.7,bottomTop=1086.7,faceUpStep=48.90,geomCount=6,finalCount=6,bottomRank=Ace,n/a,boundary=[not-face-down@faceDownCount=0:teal=0.000,white=0.667,red=0.333,black=0.000],exposedIndex=2,distanceFromBottom=3]
  slot tableau:3:4 JH~ conf=0.85 rank=rank-png-strong@0.85 {J:0.85 7:0.78 3:0.78 9:0.73} suit=suit-ambiguous-red {D:0.79 H:0.78} post=[ocr=miss:empty; ink-ratio:red=0.1667,black=0.0556,inkRed=true,inkRegion=header; post-red-suit:Diamonds->Hearts; cascade:firstFaceTop=837.7,bottomTop=1086.7,faceUpStep=48.90,geomCount=6,finalCount=6,bottomRank=Ace,n/a,boundary=[not-face-down@faceDownCount=0:teal=0.000,white=0.667,red=0.333,black=0.000],exposedIndex=4,distanceFromBottom=1; deck-constraint:JH->JH~]
  slot tableau:3:5 ? conf=0.47 rank=? {10:0.59 K:0.58 8:0.54 Q:0.52} suit=suit-png@0.86 {H:0.82 D:0.71} post=[ocr=miss:empty; ink-ratio:red=0.1578,black=0.0467,inkRed=true; cascade:firstFaceTop=837.7,bottomTop=1086.7,faceUpStep=48.90,geomCount=6,finalCount=6,bottomRank=Ace,n/a,boundary=[not-face-down@faceDownCount=0:teal=0.000,white=0.667,red=0.333,black=0.000]]
  slot tableau:4:1 5H conf=0.81 rank=rank-png-strong@0.81 {5:0.81 3:0.77 6:0.76 8:0.76} suit=suit-png@0.99 {H:0.95 D:0.81} post=[ink-ratio:red=0.2000,black=0.0000,inkRed=true; cascade:firstFaceTop=882.1,bottomTop=885.9,faceUpStep=48.90,geomCount=1,finalCount=1,bottomRank=Five,leadingRank=Five,rankCount=1,diff=0,applied=false,boundary=[ran-out-of-room]]
  slot tableau:5:4 9C conf=0.84 rank=rank-png-strong@0.84 {9:0.84 8:0.82 3:0.77 5:0.77} suit=suit-png@0.81 {S:0.91 C:0.88} post=[black-tiebreak:full=C0.88/S0.91,top=C0.81/S0.85,shape=Clubs@0.36;branch=lowTopMargin-shapeLeader->Clubs; ink-ratio:red=0.0000,black=0.2083,inkRed=false; cascade:firstFaceTop=1015.1,bottomTop=1035.1,faceUpStep=48.90,geomCount=1,finalCount=1,bottomRank=Nine,leadingRank=Nine,rankCount=1,diff=0,applied=false,boundary=[not-face-down@faceDownCount=4:teal=0.315,white=0.593,red=0.000,black=0.056]]
  slot tableau:6:3 8C~ conf=0.93 rank=rank-png-strong@0.93 {8:0.93 9:0.84 6:0.83 A:0.83} suit=suit-png@0.91 {C:0.90 S:0.85} post=[black-tiebreak:full=C0.90/S0.85,top=C0.91/S0.83,shape=Spades@0.60;branch=topLeaderDirect->Clubs; ink-ratio:red=0.0000,black=0.2407,inkRed=false,inkRegion=header; cascade:firstFaceTop=970.7,bottomTop=1178.5,faceUpStep=48.90,geomCount=5,finalCount=5,bottomRank=Four,leadingRank=Eight,rankCount=5,diff=0,applied=false,boundary=[not-face-down@faceDownCount=3:teal=0.000,white=0.519,red=0.000,black=0.130],exposedIndex=0,distanceFromBottom=4; deck-constraint:8C->8C~]
  slot tableau:6:4 7D~ conf=0.95 rank=rank-png-strong@0.95 {7:0.95 2:0.86 3:0.77 J:0.76} suit=suit-png@0.98 {D:0.94 H:0.83} post=[ocr=miss:empty; ink-ratio:red=0.1759,black=0.0556,inkRed=true,inkRegion=header; cascade:firstFaceTop=970.7,bottomTop=1178.5,faceUpStep=48.90,geomCount=5,finalCount=5,bottomRank=Four,leadingRank=Eight,rankCount=5,diff=0,applied=false,boundary=[not-face-down@faceDownCount=3:teal=0.000,white=0.519,red=0.000,black=0.130],exposedIndex=1,distanceFromBottom=3; deck-constraint:7D->7D~]
  slot tableau:6:5 6C~ conf=0.92 rank=rank-png-strong@0.92 {6:0.92 A:0.83 8:0.83 5:0.83} suit=suit-png@0.92 {C:0.90 S:0.86} post=[black-tiebreak:full=C0.90/S0.86,top=C0.92/S0.84,shape=Spades@0.60;branch=topLeaderDirect->Clubs; ink-ratio:red=0.0000,black=0.2500,inkRed=false,inkRegion=header; cascade:firstFaceTop=970.7,bottomTop=1178.5,faceUpStep=48.90,geomCount=5,finalCount=5,bottomRank=Four,leadingRank=Eight,rankCount=5,diff=0,applied=false,boundary=[not-face-down@faceDownCount=3:teal=0.000,white=0.519,red=0.000,black=0.130],exposedIndex=2,distanceFromBottom=2; deck-constraint:6C->6C~]
  slot tableau:6:6 5D conf=0.94 rank=rank-png-strong@0.94 {5:0.94 6:0.83 K:0.81 9:0.80} suit=suit-png@0.96 {D:0.92 H:0.84} post=[ink-ratio:red=0.1574,black=0.0556,inkRed=true,inkRegion=header; cascade:firstFaceTop=970.7,bottomTop=1178.5,faceUpStep=48.90,geomCount=5,finalCount=5,bottomRank=Four,leadingRank=Eight,rankCount=5,diff=0,applied=false,boundary=[not-face-down@faceDownCount=3:teal=0.000,white=0.519,red=0.000,black=0.130],exposedIndex=3,distanceFromBottom=1]
  slot tableau:6:7 4C~ conf=0.91 rank=rank-png-strong@0.91 {4:0.91 A:0.73 J:0.72 8:0.66} suit=suit-png@0.86 {C:0.90 S:0.89} post=[black-tiebreak:full=C0.90/S0.89,top=C0.86/S0.82,shape=Clubs@0.36;branch=lowTopMargin-shapeLeader->Clubs; ink-ratio:red=0.0000,black=0.2222,inkRed=false; cascade:firstFaceTop=970.7,bottomTop=1178.5,faceUpStep=48.90,geomCount=5,finalCount=5,bottomRank=Four,leadingRank=Eight,rankCount=5,diff=0,applied=false,boundary=[not-face-down@faceDownCount=3:teal=0.000,white=0.519,red=0.000,black=0.130]; deck-constraint:4C->4C~]
  slot waste 10D conf=0.95 rank=rank-png-strong@0.95 {6:0.61 8:0.60 10:0.58 5:0.55} suit=suit-png@1.00 {D:0.96 H:0.81} post=[waste-fusion:legacy=Ten_Diamonds,tight=null; whole@756,503,895,713:ocr=miss:unparsed='OL';corner@756,503,817,566:ocr=miss:unparsed='OL';whole@749,503,907,713:ocr='10'@0.62; waste-ocr-rank:Ten; ink-ratio:red=0.2593,black=0.0000,inkRed=true; ocr=miss:unparsed='OL'; ink-ratio:red=0.2840,black=0.0000,inkRed=true]
18:02:04.430 OUTCOME=ARROW status=Best: Tableau 2 -> Tableau 3 score=153.5 (reveal+1,deep-col+12.0,use-empty,king-family+1) 692ms conf=0.88 known=25
  frame=1080x2340 elapsed=692ms conf=0.88 knownFaceUp=25
  timing: queueDelay=97ms detect=692ms select=3ms total=792ms
  move=Tableau 2 -> Tableau 3 score=153.5 rationale=reveal+1,deep-col+12.0,use-empty,king-family+1
  runner-up:
    1. Draw from stock score=28.0 (draw,lookahead+20.0)
    2. Tableau 7 -> Tableau 5 score=-197.0 (defer-no-reveal-stack,lookahead+20.0,reversible)
    3. Tableau 7 -> Tableau 4 score=-197.0 (defer-no-reveal-stack,lookahead+20.0,reversible)
  from=(241,910) to=(390,934)
  signature=Ten_Diamonds|Two_Diamonds;Two_Clubs;-;-|King_Hearts,Queen_Clubs,Jack_Hearts;D,King_Clubs;;King_Diamonds,Queen_Spades,Jack_Diamonds,Ten_Spades,Nine_Diamonds,Eight_Spades;D,Five_Hearts;D,D,D,D,Nine_Clubs,Eight_Diamonds,Seven_Clubs,Six_Diamonds,Five_Clubs,Four_Hearts;D,D,D,Eight_Clubs,Seven_Diamonds,Six_Clubs,Five_Diamonds,Four_Clubs
  diag: boardConfidence=0.85
  diag: profile=solitaire_smash_s25
  diag: stock=face-down-stock
  diag: foundation0=match-Two-Diamonds@0.84:TD
  diag: foundation1=match-Two-Clubs@0.83:TC
  diag: foundation2=empty-color:null
  diag: foundation3=empty-color:null
  diag: tableau0.faceScan=rowHeight=5.74,lastWhiteBottom=1130.3,whiteRows=50,minimumRows=7,breakY=1164.7
  diag: tableau0.region=937.5-1130.3
  diag: tableau0=King_Diamonds,Queen_Clubs,Jack_Diamonds
  diag: tableau1.faceScan=rowHeight=5.74,lastWhiteBottom=1078.7,whiteRows=35,minimumRows=7,breakY=1113.1
  diag: tableau1.region=885.9-1078.7
  diag: tableau1=D,King_Clubs
  diag: tableau2.faceScan=rowHeight=5.74,lastWhiteBottom=1027.0,whiteRows=1,minimumRows=7,breakY=1061.5
  diag: tableau2=
  diag: tableau3.faceScan=rowHeight=5.74,lastWhiteBottom=1273.7,whiteRows=73,minimumRows=7,breakY=1308.1
  diag: tableau3.region=1081.0-1273.7
  diag: tableau3=King_Diamonds,Queen_Clubs,Jack_Diamonds,Ten_Clubs,Nine_Diamonds,Eight_Clubs
  diag: tableau4.faceScan=rowHeight=5.74,lastWhiteBottom=1078.7,whiteRows=35,minimumRows=7,breakY=1113.1
  diag: tableau4.region=885.9-1078.7
  diag: tableau4=D,Five_Hearts
  diag: tableau5.faceScan=rowHeight=5.74,lastWhiteBottom=1468.8,whiteRows=78,minimumRows=7,breakY=1503.2
  diag: tableau5.region=1276.0-1468.8
  diag: tableau5=D,D,D,D,Nine_Clubs,Eight_Diamonds,Seven_Clubs,Six_Diamonds,Five_Clubs,Four_Diamonds
  diag: tableau6.faceScan=rowHeight=5.74,lastWhiteBottom=1371.2,whiteRows=70,minimumRows=7,breakY=1405.7
  diag: tableau6.region=1178.5-1371.2
  diag: tableau6=D,D,D,Eight_Clubs,Seven_Diamonds,Six_Clubs,Five_Diamonds,Four_Clubs
  diag: wasteOcr:relevant=true,ms=512,overlapped=false
  diag: waste=fused-Ten-Diamonds:TD
  diag: waste-regions=exact:757-895:face-up-color-red-rank=null,legacy:750-907:match-Ten-Diamonds@0.95
  diag: waste-rank-scores={Ace=0.5102639, Two=0.54172766, Three=0.52425283, Four=0.49034336, Five=0.5494186, Six=0.61401033, Seven=0.39349777, Eight=0.60069746, Nine=0.5340751, Ten=0.5798981, Jack=0.4711014, Queen=0.5351697, King=0.53519857}
  diag: waste-suit-scores={Hearts=0.8146267, Diamonds=0.95913976, Clubs=0.8176796, Spades=0.86289924}
  diag: whole@756,503,895,713:ocr=miss:unparsed='OL';corner@756,503,817,566:ocr=miss:unparsed='OL';whole@749,503,907,713:ocr='10'@0.62
  diag: waste-ocr-rank=Ten
  diag: livePlayScreen=true
  diag: gameFooter=true
  diag: lobbyScreen=false
  diag: knownFaceUp=25
  diag: timing:total=687ms,tableau=1463ms[c0=145,c1=15,c2=9,c3=668,c4=21,c5=569,c6=35],scrub=0ms,deckConstraint=1ms,recognize:hits=18,misses=12,missTime=1160ms,missReason:newKey=5,fingerprint=7,bounds=0
  recognition:
  slot foundation:0 2D conf=0.84 rank=rank-png-strong@0.84 {2:0.84 7:0.77 J:0.73 3:0.72} suit=suit-png@0.97 {D:0.93 H:0.82} post=[ink-ratio:red=0.1852,black=0.0000,inkRed=true]
  slot foundation:1 2C conf=0.83 rank=rank-png-strong@0.83 {2:0.83 7:0.77 J:0.72 3:0.72} suit=suit-png@0.81 {C:0.81 S:0.74} post=[black-tiebreak:full=C0.81/S0.74,top=C0.58/S0.52,branch=wideMarginDirect->Clubs; ink-ratio:red=0.0000,black=0.1811,inkRed=false]
  slot tableau:0 KH conf=0.89 rank=rank-png-strong@0.89 {K:0.89 6:0.82 8:0.80 5:0.79} suit=suit-png@0.99 {H:0.95 D:0.81} post=[ink-ratio:red=0.2685,black=0.0000,inkRed=true,inkRegion=header; cascade:firstFaceTop=837.7,bottomTop=937.5,faceUpStep=48.90,geomCount=3,finalCount=3,bottomRank=Jack,leadingRank=King,rankCount=3,diff=0,applied=false,boundary=[not-face-down@faceDownCount=0:teal=0.000,white=0.519,red=0.352,black=0.000],exposedIndex=0,distanceFromBottom=2]
  slot tableau:0:1 QC conf=0.86 rank=rank-png-strong@0.86 {Q:0.86 9:0.75 8:0.72 10:0.71} suit=suit-opencv@0.52 {S:0.91 C:0.89} post=[ocr=miss:empty; ink-ratio:red=0.0000,black=0.3426,inkRed=false,inkRegion=header; post-black-suit:Spades->Clubs; black-tiebreak2:full=C0.66/S0.66,top=C0.74/S0.69,shape=none;branch=topLeaderDirect->Clubs; cascade:firstFaceTop=837.7,bottomTop=937.5,faceUpStep=48.90,geomCount=3,finalCount=3,bottomRank=Jack,leadingRank=King,rankCount=3,diff=0,applied=false,boundary=[not-face-down@faceDownCount=0:teal=0.000,white=0.519,red=0.352,black=0.000],exposedIndex=1,distanceFromBottom=1; deck-constraint:QC~->QC]
  slot tableau:0:2 JH conf=0.83 rank=rank-png-strong@0.83 {J:0.83 4:0.71 7:0.70 3:0.68} suit=suit-png@0.98 {H:0.94 D:0.80} post=[ink-ratio:red=0.1689,black=0.0400,inkRed=true; cascade:firstFaceTop=837.7,bottomTop=937.5,faceUpStep=48.90,geomCount=3,finalCount=3,bottomRank=Jack,leadingRank=King,rankCount=3,diff=0,applied=false,boundary=[not-face-down@faceDownCount=0:teal=0.000,white=0.519,red=0.352,black=0.000]]
  slot tableau:1:1 KC conf=0.94 rank=rank-png-strong@0.94 {K:0.94 10:0.78 8:0.78 2:0.76} suit=suit-png@0.90 {C:0.93 S:0.90} post=[black-tiebreak:full=C0.93/S0.90,top=C0.90/S0.82,shape=none;branch=topLeaderDirect->Clubs; ink-ratio:red=0.0000,black=0.2356,inkRed=false; cascade:firstFaceTop=882.1,bottomTop=885.9,faceUpStep=48.90,geomCount=1,finalCount=1,bottomRank=King,leadingRank=King,rankCount=1,diff=0,applied=false,boundary=[ran-out-of-room]]
  slot tableau:3 KD conf=0.87 rank=rank-png-strong@0.87 {K:0.87 6:0.81 8:0.81 5:0.78} suit=suit-png@0.98 {D:0.94 H:0.84} post=[ink-ratio:red=0.2685,black=0.0000,inkRed=true,inkRegion=header; cascade:firstFaceTop=837.7,bottomTop=1081.0,faceUpStep=48.90,geomCount=6,finalCount=6,bottomRank=Eight,leadingRank=King,rankCount=6,diff=0,applied=false,boundary=[not-face-down@faceDownCount=0:teal=0.000,white=0.667,red=0.333,black=0.000],exposedIndex=0,distanceFromBottom=5]
  slot tableau:3:1 QS conf=0.91 rank=rank-png-strong@0.91 {Q:0.91 9:0.80 8:0.75 6:0.74} suit=suit-png@0.93 {S:0.93 C:0.87} post=[black-tiebreak:full=C0.87/S0.93,top=C0.81/S0.91,branch=wideMarginDirect->Spades; ink-ratio:red=0.0000,black=0.2778,inkRed=false,inkRegion=header; cascade:firstFaceTop=837.7,bottomTop=1081.0,faceUpStep=48.90,geomCount=6,finalCount=6,bottomRank=Eight,leadingRank=King,rankCount=6,diff=0,applied=false,boundary=[not-face-down@faceDownCount=0:teal=0.000,white=0.667,red=0.333,black=0.000],exposedIndex=1,distanceFromBottom=4]
  slot tableau:3:2 JD conf=0.88 rank=rank-png-strong@0.88 {J:0.88 4:0.82 7:0.73 A:0.72} suit=suit-png@0.97 {D:0.93 H:0.85} post=[ocr=miss:empty; ink-ratio:red=0.1759,black=0.0000,inkRed=true,inkRegion=header; cascade:firstFaceTop=837.7,bottomTop=1081.0,faceUpStep=48.90,geomCount=6,finalCount=6,bottomRank=Eight,leadingRank=King,rankCount=6,diff=0,applied=false,boundary=[not-face-down@faceDownCount=0:teal=0.000,white=0.667,red=0.333,black=0.000],exposedIndex=2,distanceFromBottom=3]
  slot tableau:3:3 10S~ conf=0.72 rank=rank-png-strong@0.74 {10:0.81 K:0.76 Q:0.74 6:0.73} suit=suit-png@0.94 {S:0.94 C:0.89 D:0.88 H:0.86} post=[ocr=miss:empty; ink-ratio:red=0.0741,black=0.2593,inkRed=null,inkRegion=header; geom-override:direct=Queen_Spades,conf=0.74,to=Ten_Spades; deck-constraint:10S->10S~]
  slot tableau:3:4 9D~ conf=0.63 rank=rank-png@0.63 {K:0.69 8:0.65 2:0.64 10:0.63} suit=suit-png@0.94 {D:0.90 H:0.84} post=[ocr=miss:empty; ink-ratio:red=0.2685,black=0.0000,inkRed=true,inkRegion=header; geom-override:direct=Ten_Diamonds,conf=0.63,to=Nine_Diamonds; deck-constraint:9D->9D~]
  slot tableau:3:5 8S conf=0.90 rank=rank-png-strong@0.90 {8:0.90 6:0.81 3:0.78 9:0.77} suit=suit-png@0.94 {S:0.94 C:0.88} post=[black-tiebreak:full=C0.88/S0.94,top=C0.80/S0.95,branch=wideMarginDirect->Spades; ink-ratio:red=0.0000,black=0.2178,inkRed=false; cascade:firstFaceTop=837.7,bottomTop=1081.0,faceUpStep=48.90,geomCount=6,finalCount=6,bottomRank=Eight,leadingRank=King,rankCount=6,diff=0,applied=false,boundary=[not-face-down@faceDownCount=0:teal=0.000,white=0.667,red=0.333,black=0.000]]
  slot tableau:4:1 5H conf=0.81 rank=rank-png-strong@0.81 {5:0.81 3:0.77 6:0.76 8:0.76} suit=suit-png@0.99 {H:0.95 D:0.81} post=[ink-ratio:red=0.2000,black=0.0000,inkRed=true; cascade:firstFaceTop=882.1,bottomTop=885.9,faceUpStep=48.90,geomCount=1,finalCount=1,bottomRank=Five,leadingRank=Five,rankCount=1,diff=0,applied=false,boundary=[ran-out-of-room]]
  slot tableau:5:4 9C~ conf=0.87 rank=rank-png-strong@0.87 {9:0.87 A:0.86 8:0.83 Q:0.82} suit=suit-png@0.93 {C:0.93 S:0.88} post=[black-tiebreak:full=C0.93/S0.88,top=C0.93/S0.82,shape=Spades@1.12;branch=topLeaderDirect->Clubs; ink-ratio:red=0.0000,black=0.1852,inkRed=false,inkRegion=header; cascade:firstFaceTop=1015.1,bottomTop=1276.0,faceUpStep=48.90,geomCount=6,finalCount=6,bottomRank=Four,leadingRank=Nine,rankCount=6,diff=0,applied=false,boundary=[not-face-down@faceDownCount=4:teal=0.315,white=0.593,red=0.000,black=0.056],exposedIndex=0,distanceFromBottom=5; deck-constraint:9C->9C~]
  slot tableau:5:5 8D~ conf=0.87 rank=rank-png-strong@0.87 {8:0.87 A:0.86 9:0.83 4:0.82} suit=suit-png@0.87 {D:0.87 H:0.76} post=[ink-ratio:red=0.1759,black=0.0370,inkRed=true,inkRegion=header; cascade:firstFaceTop=1015.1,bottomTop=1276.0,faceUpStep=48.90,geomCount=6,finalCount=6,bottomRank=Four,leadingRank=Nine,rankCount=6,diff=0,applied=false,boundary=[not-face-down@faceDownCount=4:teal=0.315,white=0.593,red=0.000,black=0.056],exposedIndex=1,distanceFromBottom=4; deck-constraint:8D->8D~]
  slot tableau:5:7 6D~ conf=0.88 rank=rank-png-strong@0.88 {6:0.88 A:0.82 8:0.82 4:0.80} suit=suit-png@0.87 {D:0.87 H:0.76} post=[ink-ratio:red=0.1481,black=0.0185,inkRed=true,inkRegion=header; cascade:firstFaceTop=1015.1,bottomTop=1276.0,faceUpStep=48.90,geomCount=6,finalCount=6,bottomRank=Four,leadingRank=Nine,rankCount=6,diff=0,applied=false,boundary=[not-face-down@faceDownCount=4:teal=0.315,white=0.593,red=0.000,black=0.056],exposedIndex=3,distanceFromBottom=2; deck-constraint:6D->6D~]
  slot tableau:5:8 5C~ conf=0.84 rank=rank-png-strong@0.84 {5:0.84 6:0.83 8:0.80 9:0.80} suit=suit-png@0.79 {C:0.79 S:0.67} post=[black-tiebreak:full=C0.79/S0.67,top=C0.52/S0.48,branch=wideMarginDirect->Clubs; ink-ratio:red=0.0185,black=0.1759,inkRed=false,inkRegion=header; cascade:firstFaceTop=1015.1,bottomTop=1276.0,faceUpStep=48.90,geomCount=6,finalCount=6,bottomRank=Four,leadingRank=Nine,rankCount=6,diff=0,applied=false,boundary=[not-face-down@faceDownCount=4:teal=0.315,white=0.593,red=0.000,black=0.056],exposedIndex=4,distanceFromBottom=1; deck-constraint:5C->5C~]
  slot tableau:5:9 4H~ conf=0.89 rank=rank-png-strong@0.89 {4:0.89 A:0.74 J:0.71 8:0.66} suit=suit-png@0.99 {H:0.95 D:0.79} post=[ink-ratio:red=0.1875,black=0.0000,inkRed=true; cascade:firstFaceTop=1015.1,bottomTop=1276.0,faceUpStep=48.90,geomCount=6,finalCount=6,bottomRank=Four,leadingRank=Nine,rankCount=6,diff=0,applied=false,boundary=[not-face-down@faceDownCount=4:teal=0.315,white=0.593,red=0.000,black=0.056]; deck-constraint:4H->4H~]
  slot tableau:6:3 8C conf=0.93 rank=rank-png-strong@0.93 {8:0.93 9:0.84 6:0.83 A:0.83} suit=suit-png@0.91 {C:0.90 S:0.85} post=[black-tiebreak:full=C0.90/S0.85,top=C0.91/S0.83,shape=Spades@0.60;branch=topLeaderDirect->Clubs; ink-ratio:red=0.0000,black=0.2407,inkRed=false,inkRegion=header; cascade:firstFaceTop=970.7,bottomTop=1178.5,faceUpStep=48.90,geomCount=5,finalCount=5,bottomRank=Four,leadingRank=Eight,rankCount=5,diff=0,applied=false,boundary=[not-face-down@faceDownCount=3:teal=0.000,white=0.519,red=0.000,black=0.130],exposedIndex=0,distanceFromBottom=4]
  slot tableau:6:4 7D~ conf=0.95 rank=rank-png-strong@0.95 {7:0.95 2:0.86 3:0.77 J:0.76} suit=suit-png@0.98 {D:0.94 H:0.83} post=[ocr=miss:empty; ink-ratio:red=0.1759,black=0.0556,inkRed=true,inkRegion=header; cascade:firstFaceTop=970.7,bottomTop=1178.5,faceUpStep=48.90,geomCount=5,finalCount=5,bottomRank=Four,leadingRank=Eight,rankCount=5,diff=0,applied=false,boundary=[not-face-down@faceDownCount=3:teal=0.000,white=0.519,red=0.000,black=0.130],exposedIndex=1,distanceFromBottom=3; deck-constraint:7D->7D~]
  slot tableau:6:5 6C~ conf=0.92 rank=rank-png-strong@0.92 {6:0.92 A:0.83 8:0.83 5:0.83} suit=suit-png@0.92 {C:0.90 S:0.86} post=[black-tiebreak:full=C0.90/S0.86,top=C0.92/S0.84,shape=Spades@0.60;branch=topLeaderDirect->Clubs; ink-ratio:red=0.0000,black=0.2500,inkRed=false,inkRegion=header; cascade:firstFaceTop=970.7,bottomTop=1178.5,faceUpStep=48.90,geomCount=5,finalCount=5,bottomRank=Four,leadingRank=Eight,rankCount=5,diff=0,applied=false,boundary=[not-face-down@faceDownCount=3:teal=0.000,white=0.519,red=0.000,black=0.130],exposedIndex=2,distanceFromBottom=2; deck-constraint:6C->6C~]
  slot tableau:6:6 5D conf=0.94 rank=rank-png-strong@0.94 {5:0.94 6:0.83 K:0.81 9:0.80} suit=suit-png@0.96 {D:0.92 H:0.84} post=[ink-ratio:red=0.1574,black=0.0556,inkRed=true,inkRegion=header; cascade:firstFaceTop=970.7,bottomTop=1178.5,faceUpStep=48.90,geomCount=5,finalCount=5,bottomRank=Four,leadingRank=Eight,rankCount=5,diff=0,applied=false,boundary=[not-face-down@faceDownCount=3:teal=0.000,white=0.519,red=0.000,black=0.130],exposedIndex=3,distanceFromBottom=1]
  slot tableau:6:7 4C~ conf=0.91 rank=rank-png-strong@0.91 {4:0.91 A:0.73 J:0.72 8:0.66} suit=suit-png@0.86 {C:0.90 S:0.89} post=[black-tiebreak:full=C0.90/S0.89,top=C0.86/S0.82,shape=Clubs@0.36;branch=lowTopMargin-shapeLeader->Clubs; ink-ratio:red=0.0000,black=0.2222,inkRed=false; cascade:firstFaceTop=970.7,bottomTop=1178.5,faceUpStep=48.90,geomCount=5,finalCount=5,bottomRank=Four,leadingRank=Eight,rankCount=5,diff=0,applied=false,boundary=[not-face-down@faceDownCount=3:teal=0.000,white=0.519,red=0.000,black=0.130]; deck-constraint:4C->4C~]
  slot waste 10D conf=0.95 rank=rank-png-strong@0.95 {6:0.61 8:0.60 10:0.58 5:0.55} suit=suit-png@1.00 {D:0.96 H:0.81} post=[waste-fusion:legacy=Ten_Diamonds,tight=null; whole@756,503,895,713:ocr=miss:unparsed='OL';corner@756,503,817,566:ocr=miss:unparsed='OL';whole@749,503,907,713:ocr='10'@0.62; waste-ocr-rank:Ten; ink-ratio:red=0.2593,black=0.0000,inkRed=true; ocr=miss:unparsed='OL'; ink-ratio:red=0.2840,black=0.0000,inkRed=true]
18:02:04.961 OUTCOME=ARROW status=Best: Tableau 2 -> Tableau 7 score=93.0 (create-empty,king-setup,lookahead+10.0) 523ms conf=0.88 known=26
  frame=1080x2340 elapsed=523ms conf=0.88 knownFaceUp=26
  timing: queueDelay=59ms detect=523ms select=3ms total=585ms
  move=Tableau 2 -> Tableau 7 score=93.0 rationale=create-empty,king-setup,lookahead+10.0
  runner-up:
    1. Draw from stock score=18.5 (draw,lookahead+10.0)
    2. Tableau 2 -> Foundation 1 score=5.0 (hold-unbalanced,risky-foundation)
    3. Foundation 2 -> Tableau 2 score=-56.5 (pull-from-foundation)
  from=(241,864) to=(989,1275)
  signature=Ten_Diamonds|Two_Diamonds;Two_Clubs;-;-|King_Hearts,Queen_Clubs,Jack_Hearts;Three_Diamonds;King_Clubs;King_Diamonds,Queen_Spades,Jack_Diamonds,Ten_Spades,Nine_Diamonds,Eight_Spades;D,Five_Hearts;D,D,D,D,Nine_Clubs,Eight_Diamonds,Seven_Clubs,Six_Diamonds,Five_Clubs,Four_Hearts;D,D,D,Eight_Clubs,Seven_Diamonds,Six_Clubs,Five_Diamonds,Four_Clubs
  diag: boardConfidence=0.85
  diag: profile=solitaire_smash_s25
  diag: stock=face-down-stock
  diag: foundation0=match-Two-Diamonds@0.84:TD
  diag: foundation1=match-Two-Clubs@0.83:TC
  diag: foundation2=empty-color:null
  diag: foundation3=empty-color:null
  diag: tableau0.faceScan=rowHeight=5.74,lastWhiteBottom=1130.3,whiteRows=50,minimumRows=7,breakY=1164.7
  diag: tableau0.region=937.5-1130.3
  diag: tableau0=King_Diamonds,Queen_Clubs,Jack_Diamonds
  diag: tableau1.faceScan=rowHeight=5.74,lastWhiteBottom=1032.8,whiteRows=34,minimumRows=7,breakY=1067.2
  diag: tableau1.region=840.0-1032.8
  diag: tableau1=Three_Diamonds
  diag: tableau2.faceScan=rowHeight=5.74,lastWhiteBottom=1032.8,whiteRows=34,minimumRows=7,breakY=1067.2
  diag: tableau2.region=840.0-1032.8
  diag: tableau2=King_Clubs
  diag: tableau3.faceScan=rowHeight=5.74,lastWhiteBottom=1273.7,whiteRows=73,minimumRows=7,breakY=1308.1
  diag: tableau3.region=1081.0-1273.7
  diag: tableau3=King_Diamonds,Queen_Clubs,Jack_Diamonds,Ten_Clubs,Nine_Diamonds,Eight_Clubs
  diag: tableau4.faceScan=rowHeight=5.74,lastWhiteBottom=1078.7,whiteRows=35,minimumRows=7,breakY=1113.1
  diag: tableau4.region=885.9-1078.7
  diag: tableau4=D,Five_Hearts
  diag: tableau5.faceScan=rowHeight=5.74,lastWhiteBottom=1468.8,whiteRows=78,minimumRows=7,breakY=1503.2
  diag: tableau5.region=1276.0-1468.8
  diag: tableau5=D,D,D,D,Nine_Clubs,Eight_Diamonds,Seven_Clubs,Six_Diamonds,Five_Clubs,Four_Diamonds
  diag: tableau6.faceScan=rowHeight=5.74,lastWhiteBottom=1371.2,whiteRows=70,minimumRows=7,breakY=1405.7
  diag: tableau6.region=1178.5-1371.2
  diag: tableau6=D,D,D,Eight_Clubs,Seven_Diamonds,Six_Clubs,Five_Diamonds,Four_Clubs
  diag: wasteOcr:relevant=true,ms=266,overlapped=false
  diag: waste=fused-Ten-Diamonds:TD
  diag: waste-regions=exact:757-895:face-up-color-red-rank=null,legacy:750-907:match-Ten-Diamonds@0.95
  diag: waste-rank-scores={Ace=0.5102639, Two=0.54172766, Three=0.52425283, Four=0.49034336, Five=0.5494186, Six=0.61401033, Seven=0.39349777, Eight=0.60069746, Nine=0.5340751, Ten=0.5798981, Jack=0.4711014, Queen=0.5351697, King=0.53519857}
  diag: waste-suit-scores={Hearts=0.8146267, Diamonds=0.95913976, Clubs=0.8176796, Spades=0.86289924}
  diag: whole@756,503,895,713:ocr=miss:unparsed='OL';corner@756,503,817,566:ocr=miss:unparsed='OL';whole@749,503,907,713:ocr='10'@0.62
  diag: waste-ocr-rank=Ten
  diag: livePlayScreen=true
  diag: gameFooter=true
  diag: lobbyScreen=false
  diag: knownFaceUp=26
  diag: timing:total=522ms,tableau=1930ms[c0=200,c1=203,c2=495,c3=506,c4=21,c5=466,c6=40],scrub=3ms,deckConstraint=2ms,recognize:hits=17,misses=15,missTime=1583ms,missReason:newKey=2,fingerprint=13,bounds=0
  recognition:
  slot foundation:0 2D conf=0.84 rank=rank-png-strong@0.84 {2:0.84 7:0.77 J:0.73 3:0.72} suit=suit-png@0.97 {D:0.93 H:0.82} post=[ink-ratio:red=0.1852,black=0.0000,inkRed=true]
  slot foundation:1 2C conf=0.83 rank=rank-png-strong@0.83 {2:0.83 7:0.77 J:0.72 3:0.72} suit=suit-png@0.81 {C:0.81 S:0.74} post=[black-tiebreak:full=C0.81/S0.74,top=C0.58/S0.52,branch=wideMarginDirect->Clubs; ink-ratio:red=0.0000,black=0.1811,inkRed=false]
  slot tableau:0 KH conf=0.89 rank=rank-png-strong@0.89 {K:0.89 6:0.82 8:0.80 5:0.79} suit=suit-png@0.99 {H:0.95 D:0.81} post=[ink-ratio:red=0.2685,black=0.0000,inkRed=true,inkRegion=header; cascade:firstFaceTop=837.7,bottomTop=937.5,faceUpStep=48.90,geomCount=3,finalCount=3,bottomRank=Jack,leadingRank=King,rankCount=3,diff=0,applied=false,boundary=[not-face-down@faceDownCount=0:teal=0.000,white=0.519,red=0.352,black=0.000],exposedIndex=0,distanceFromBottom=2]
  slot tableau:0:1 QC conf=0.86 rank=rank-png-strong@0.86 {Q:0.86 9:0.75 8:0.72 10:0.71} suit=suit-opencv@0.52 {S:0.91 C:0.89} post=[ocr=miss:empty; ink-ratio:red=0.0000,black=0.3426,inkRed=false,inkRegion=header; post-black-suit:Spades->Clubs; black-tiebreak2:full=C0.66/S0.66,top=C0.74/S0.69,shape=none;branch=topLeaderDirect->Clubs; cascade:firstFaceTop=837.7,bottomTop=937.5,faceUpStep=48.90,geomCount=3,finalCount=3,bottomRank=Jack,leadingRank=King,rankCount=3,diff=0,applied=false,boundary=[not-face-down@faceDownCount=0:teal=0.000,white=0.519,red=0.352,black=0.000],exposedIndex=1,distanceFromBottom=1; deck-constraint:QC~->QC]
  slot tableau:0:2 JH conf=0.83 rank=rank-png-strong@0.83 {J:0.83 4:0.71 7:0.70 3:0.68} suit=suit-png@0.98 {H:0.94 D:0.80} post=[ink-ratio:red=0.1689,black=0.0400,inkRed=true; cascade:firstFaceTop=837.7,bottomTop=937.5,faceUpStep=48.90,geomCount=3,finalCount=3,bottomRank=Jack,leadingRank=King,rankCount=3,diff=0,applied=false,boundary=[not-face-down@faceDownCount=0:teal=0.000,white=0.519,red=0.352,black=0.000]]
  slot tableau:1 3D conf=0.83 rank=rank-png-strong@0.83 {3:0.83 8:0.77 J:0.77 2:0.73} suit=suit-png@0.94 {H:0.90 D:0.89} post=[ink-ratio:red=0.2083,black=0.0000,inkRed=true; cascade:firstFaceTop=837.7,bottomTop=840.0,faceUpStep=48.90,geomCount=1,finalCount=1,bottomRank=Three,leadingRank=Four,rankCount=2,diff=1,applied=false,boundary=[ran-out-of-room]]
  slot tableau:2 KC conf=0.93 rank=rank-png-strong@0.93 {K:0.93 2:0.78 8:0.78 10:0.78} suit=suit-png@0.82 {S:0.90 C:0.88} post=[black-tiebreak:full=C0.88/S0.90,top=C0.82/S0.86,shape=Clubs@0.36;branch=topSpade-clubShapeVetoWins->Clubs; ink-ratio:red=0.0000,black=0.2361,inkRed=false; cascade:firstFaceTop=837.7,bottomTop=840.0,faceUpStep=48.90,geomCount=1,finalCount=1,bottomRank=King,leadingRank=King,rankCount=1,diff=0,applied=false,boundary=[ran-out-of-room]]
  slot tableau:3 KD conf=0.87 rank=rank-png-strong@0.87 {K:0.87 6:0.81 8:0.81 5:0.78} suit=suit-png@0.98 {D:0.94 H:0.84} post=[ink-ratio:red=0.2685,black=0.0000,inkRed=true,inkRegion=header; cascade:firstFaceTop=837.7,bottomTop=1081.0,faceUpStep=48.90,geomCount=6,finalCount=6,bottomRank=Eight,leadingRank=King,rankCount=6,diff=0,applied=false,boundary=[not-face-down@faceDownCount=0:teal=0.000,white=0.667,red=0.333,black=0.000],exposedIndex=0,distanceFromBottom=5]
  slot tableau:3:1 QS conf=0.91 rank=rank-png-strong@0.91 {Q:0.91 9:0.80 8:0.75 6:0.74} suit=suit-png@0.93 {S:0.93 C:0.87} post=[black-tiebreak:full=C0.87/S0.93,top=C0.81/S0.91,branch=wideMarginDirect->Spades; ink-ratio:red=0.0000,black=0.2778,inkRed=false,inkRegion=header; cascade:firstFaceTop=837.7,bottomTop=1081.0,faceUpStep=48.90,geomCount=6,finalCount=6,bottomRank=Eight,leadingRank=King,rankCount=6,diff=0,applied=false,boundary=[not-face-down@faceDownCount=0:teal=0.000,white=0.667,red=0.333,black=0.000],exposedIndex=1,distanceFromBottom=4]
  slot tableau:3:2 JD conf=0.88 rank=rank-png-strong@0.88 {J:0.88 4:0.82 7:0.73 A:0.72} suit=suit-png@0.97 {D:0.93 H:0.85} post=[ocr=miss:empty; ink-ratio:red=0.1759,black=0.0000,inkRed=true,inkRegion=header; cascade:firstFaceTop=837.7,bottomTop=1081.0,faceUpStep=48.90,geomCount=6,finalCount=6,bottomRank=Eight,leadingRank=King,rankCount=6,diff=0,applied=false,boundary=[not-face-down@faceDownCount=0:teal=0.000,white=0.667,red=0.333,black=0.000],exposedIndex=2,distanceFromBottom=3]
  slot tableau:3:3 10S~ conf=0.87 rank=rank-png-strong@0.87 {10:0.87 Q:0.74 8:0.71 9:0.70} suit=suit-png@0.89 {S:0.94 C:0.89} post=[black-tiebreak:full=C0.89/S0.94,top=C0.79/S0.89,shape=none;branch=topLeaderDirect->Spades; ink-ratio:red=0.0000,black=0.2870,inkRed=false,inkRegion=header; cascade:firstFaceTop=837.7,bottomTop=1081.0,faceUpStep=48.90,geomCount=6,finalCount=6,bottomRank=Eight,leadingRank=King,rankCount=6,diff=0,applied=false,boundary=[not-face-down@faceDownCount=0:teal=0.000,white=0.667,red=0.333,black=0.000],exposedIndex=3,distanceFromBottom=2; deck-constraint:10S->10S~]
  slot tableau:3:4 9D~ conf=0.81 rank=rank-png-strong@0.81 {9:0.81 8:0.80 2:0.78 K:0.78} suit=suit-png@0.96 {D:0.92 H:0.87} post=[ink-ratio:red=0.2222,black=0.0000,inkRed=true,inkRegion=header; cascade:firstFaceTop=837.7,bottomTop=1081.0,faceUpStep=48.90,geomCount=6,finalCount=6,bottomRank=Eight,leadingRank=King,rankCount=6,diff=0,applied=false,boundary=[not-face-down@faceDownCount=0:teal=0.000,white=0.667,red=0.333,black=0.000],exposedIndex=4,distanceFromBottom=1; deck-constraint:9D->9D~]
  slot tableau:3:5 8S conf=0.90 rank=rank-png-strong@0.90 {8:0.90 6:0.81 3:0.78 9:0.77} suit=suit-png@0.95 {S:0.95 C:0.88} post=[black-tiebreak:full=C0.88/S0.95,top=C0.79/S0.95,branch=wideMarginDirect->Spades; ink-ratio:red=0.0000,black=0.2200,inkRed=false; cascade:firstFaceTop=837.7,bottomTop=1081.0,faceUpStep=48.90,geomCount=6,finalCount=6,bottomRank=Eight,leadingRank=King,rankCount=6,diff=0,applied=false,boundary=[not-face-down@faceDownCount=0:teal=0.000,white=0.667,red=0.333,black=0.000]]
  slot tableau:4:1 5H conf=0.81 rank=rank-png-strong@0.81 {5:0.81 3:0.77 6:0.76 8:0.76} suit=suit-png@0.99 {H:0.95 D:0.81} post=[ink-ratio:red=0.2000,black=0.0000,inkRed=true; cascade:firstFaceTop=882.1,bottomTop=885.9,faceUpStep=48.90,geomCount=1,finalCount=1,bottomRank=Five,leadingRank=Five,rankCount=1,diff=0,applied=false,boundary=[ran-out-of-room]]
  slot tableau:5:4 9C~ conf=0.87 rank=rank-png-strong@0.87 {9:0.87 A:0.86 8:0.83 Q:0.82} suit=suit-png@0.93 {C:0.93 S:0.88} post=[black-tiebreak:full=C0.93/S0.88,top=C0.93/S0.82,shape=Spades@1.12;branch=topLeaderDirect->Clubs; ink-ratio:red=0.0000,black=0.1852,inkRed=false,inkRegion=header; cascade:firstFaceTop=1015.1,bottomTop=1276.0,faceUpStep=48.90,geomCount=6,finalCount=6,bottomRank=Four,leadingRank=Nine,rankCount=6,diff=0,applied=false,boundary=[not-face-down@faceDownCount=4:teal=0.315,white=0.593,red=0.000,black=0.056],exposedIndex=0,distanceFromBottom=5; deck-constraint:9C->9C~]
  slot tableau:5:5 8D~ conf=0.87 rank=rank-png-strong@0.87 {8:0.87 A:0.86 9:0.83 4:0.82} suit=suit-png@0.87 {D:0.87 H:0.76} post=[ink-ratio:red=0.1759,black=0.0370,inkRed=true,inkRegion=header; cascade:firstFaceTop=1015.1,bottomTop=1276.0,faceUpStep=48.90,geomCount=6,finalCount=6,bottomRank=Four,leadingRank=Nine,rankCount=6,diff=0,applied=false,boundary=[not-face-down@faceDownCount=4:teal=0.315,white=0.593,red=0.000,black=0.056],exposedIndex=1,distanceFromBottom=4; deck-constraint:8D->8D~]
  slot tableau:5:7 6D~ conf=0.87 rank=rank-png-strong@0.87 {6:0.87 A:0.83 4:0.81 8:0.81} suit=suit-png@0.87 {D:0.87 H:0.76} post=[ink-ratio:red=0.1852,black=0.0185,inkRed=true,inkRegion=header; cascade:firstFaceTop=1015.1,bottomTop=1276.0,faceUpStep=48.90,geomCount=6,finalCount=6,bottomRank=Four,leadingRank=Nine,rankCount=6,diff=0,applied=false,boundary=[not-face-down@faceDownCount=4:teal=0.315,white=0.593,red=0.000,black=0.056],exposedIndex=3,distanceFromBottom=2; deck-constraint:6D->6D~]
  slot tableau:5:8 5C~ conf=0.84 rank=rank-png-strong@0.84 {5:0.84 6:0.83 8:0.80 9:0.80} suit=suit-png@0.79 {C:0.79 D:0.79 H:0.72 S:0.67} post=[ink-ratio:red=0.0278,black=0.1759,inkRed=null,inkRegion=header; cascade:firstFaceTop=1015.1,bottomTop=1276.0,faceUpStep=48.90,geomCount=6,finalCount=6,bottomRank=Four,leadingRank=Nine,rankCount=6,diff=0,applied=false,boundary=[not-face-down@faceDownCount=4:teal=0.315,white=0.593,red=0.000,black=0.056],exposedIndex=4,distanceFromBottom=1; deck-constraint:5C->5C~]
  slot tableau:5:9 4H~ conf=0.89 rank=rank-png-strong@0.89 {4:0.89 A:0.74 J:0.71 8:0.66} suit=suit-png@0.99 {H:0.95 D:0.79} post=[ink-ratio:red=0.1875,black=0.0000,inkRed=true; cascade:firstFaceTop=1015.1,bottomTop=1276.0,faceUpStep=48.90,geomCount=6,finalCount=6,bottomRank=Four,leadingRank=Nine,rankCount=6,diff=0,applied=false,boundary=[not-face-down@faceDownCount=4:teal=0.315,white=0.593,red=0.000,black=0.056]; deck-constraint:4H->4H~]
  slot tableau:6:3 8C conf=0.93 rank=rank-png-strong@0.93 {8:0.93 9:0.84 6:0.83 A:0.83} suit=suit-png@0.91 {C:0.90 S:0.85} post=[black-tiebreak:full=C0.90/S0.85,top=C0.91/S0.83,shape=Spades@0.60;branch=topLeaderDirect->Clubs; ink-ratio:red=0.0000,black=0.2407,inkRed=false,inkRegion=header; cascade:firstFaceTop=970.7,bottomTop=1178.5,faceUpStep=48.90,geomCount=5,finalCount=5,bottomRank=Four,leadingRank=Eight,rankCount=5,diff=0,applied=false,boundary=[not-face-down@faceDownCount=3:teal=0.000,white=0.519,red=0.000,black=0.130],exposedIndex=0,distanceFromBottom=4]
  slot tableau:6:4 7D~ conf=0.95 rank=rank-png-strong@0.95 {7:0.95 2:0.86 3:0.77 J:0.76} suit=suit-png@0.98 {D:0.94 H:0.83} post=[ocr=miss:empty; ink-ratio:red=0.1759,black=0.0556,inkRed=true,inkRegion=header; cascade:firstFaceTop=970.7,bottomTop=1178.5,faceUpStep=48.90,geomCount=5,finalCount=5,bottomRank=Four,leadingRank=Eight,rankCount=5,diff=0,applied=false,boundary=[not-face-down@faceDownCount=3:teal=0.000,white=0.519,red=0.000,black=0.130],exposedIndex=1,distanceFromBottom=3; deck-constraint:7D->7D~]
  slot tableau:6:5 6C~ conf=0.92 rank=rank-png-strong@0.92 {6:0.92 A:0.83 8:0.83 5:0.83} suit=suit-png@0.92 {C:0.90 S:0.86} post=[black-tiebreak:full=C0.90/S0.86,top=C0.92/S0.84,shape=Spades@0.60;branch=topLeaderDirect->Clubs; ink-ratio:red=0.0000,black=0.2500,inkRed=false,inkRegion=header; cascade:firstFaceTop=970.7,bottomTop=1178.5,faceUpStep=48.90,geomCount=5,finalCount=5,bottomRank=Four,leadingRank=Eight,rankCount=5,diff=0,applied=false,boundary=[not-face-down@faceDownCount=3:teal=0.000,white=0.519,red=0.000,black=0.130],exposedIndex=2,distanceFromBottom=2; deck-constraint:6C->6C~]
  slot tableau:6:6 5D conf=0.94 rank=rank-png-strong@0.94 {5:0.94 6:0.83 K:0.81 9:0.80} suit=suit-png@0.96 {D:0.92 H:0.84} post=[ink-ratio:red=0.1574,black=0.0556,inkRed=true,inkRegion=header; cascade:firstFaceTop=970.7,bottomTop=1178.5,faceUpStep=48.90,geomCount=5,finalCount=5,bottomRank=Four,leadingRank=Eight,rankCount=5,diff=0,applied=false,boundary=[not-face-down@faceDownCount=3:teal=0.000,white=0.519,red=0.000,black=0.130],exposedIndex=3,distanceFromBottom=1]
  slot tableau:6:7 4C~ conf=0.91 rank=rank-png-strong@0.91 {4:0.91 A:0.73 J:0.72 8:0.66} suit=suit-png@0.86 {C:0.90 S:0.89} post=[black-tiebreak:full=C0.90/S0.89,top=C0.86/S0.82,shape=Clubs@0.36;branch=lowTopMargin-shapeLeader->Clubs; ink-ratio:red=0.0000,black=0.2222,inkRed=false; cascade:firstFaceTop=970.7,bottomTop=1178.5,faceUpStep=48.90,geomCount=5,finalCount=5,bottomRank=Four,leadingRank=Eight,rankCount=5,diff=0,applied=false,boundary=[not-face-down@faceDownCount=3:teal=0.000,white=0.519,red=0.000,black=0.130]; deck-constraint:4C->4C~]
  slot waste 10D conf=0.95 rank=rank-png-strong@0.95 {6:0.61 8:0.60 10:0.58 5:0.55} suit=suit-png@1.00 {D:0.96 H:0.81} post=[waste-fusion:legacy=Ten_Diamonds,tight=null; whole@756,503,895,713:ocr=miss:unparsed='OL';corner@756,503,817,566:ocr=miss:unparsed='OL';whole@749,503,907,713:ocr='10'@0.62; waste-ocr-rank:Ten; ink-ratio:red=0.2593,black=0.0000,inkRed=true; ocr=miss:unparsed='OL'; ink-ratio:red=0.2840,black=0.0000,inkRed=true]
18:02:06.335 HOLD prev=Tableau 2 -> Tableau 7 vanished from ranked (raw=Draw from stock streak=1/2)
18:02:06.510 OUTCOME=ARROW status=Best: Draw from stock score=8.0 (draw) 168ms conf=0.88 known=25
  frame=1080x2340 elapsed=168ms conf=0.88 knownFaceUp=25
  timing: queueDelay=112ms detect=168ms select=2ms total=282ms
  move=Draw from stock score=8.0 rationale=draw
  runner-up:
    1. Foundation 1 -> Tableau 7 score=-57.0 (pull-from-foundation)
    2. Tableau 7 -> Tableau 5 score=-217.0 (defer-no-reveal-stack,reversible)
    3. Tableau 7 -> Tableau 4 score=-217.0 (defer-no-reveal-stack,reversible)
  from=(991,608) to=(826,608)
  signature=Ten_Diamonds|Three_Diamonds;Two_Clubs;-;-|King_Hearts,Queen_Clubs,Jack_Hearts;;King_Clubs;King_Diamonds,Queen_Spades,Jack_Diamonds,Ten_Spades,Nine_Diamonds,Eight_Spades;D,Five_Hearts;D,D,D,D,Nine_Clubs,Eight_Diamonds,Seven_Clubs,Six_Diamonds,Five_Clubs,Four_Hearts;D,D,D,Eight_Clubs,Seven_Diamonds,Six_Clubs,Five_Diamonds,Four_Clubs
  diag: boardConfidence=0.85
  diag: profile=solitaire_smash_s25
  diag: stock=face-down-stock
  diag: foundation0=match-Three-Diamonds@0.79:TD
  diag: foundation1=match-Two-Clubs@0.83:TC
  diag: foundation2=empty-color:null
  diag: foundation3=empty-color:null
  diag: tableau0.faceScan=rowHeight=5.74,lastWhiteBottom=1130.3,whiteRows=50,minimumRows=7,breakY=1164.7
  diag: tableau0.region=937.5-1130.3
  diag: tableau0=King_Diamonds,Queen_Clubs,Jack_Diamonds
  diag: tableau1.faceScan=rowHeight=5.74,lastWhiteBottom=1027.0,whiteRows=1,minimumRows=7,breakY=1061.5
  diag: tableau1=
  diag: tableau2.faceScan=rowHeight=5.74,lastWhiteBottom=1032.8,whiteRows=34,minimumRows=7,breakY=1067.2
  diag: tableau2.region=840.0-1032.8
  diag: tableau2=King_Clubs
  diag: tableau3.faceScan=rowHeight=5.74,lastWhiteBottom=1273.7,whiteRows=73,minimumRows=7,breakY=1308.1
  diag: tableau3.region=1081.0-1273.7
  diag: tableau3=King_Diamonds,Queen_Clubs,Jack_Diamonds,Ten_Clubs,Nine_Diamonds,Eight_Clubs
  diag: tableau4.faceScan=rowHeight=5.74,lastWhiteBottom=1078.7,whiteRows=35,minimumRows=7,breakY=1113.1
  diag: tableau4.region=885.9-1078.7
  diag: tableau4=D,Five_Hearts
  diag: tableau5.faceScan=rowHeight=5.74,lastWhiteBottom=1468.8,whiteRows=78,minimumRows=7,breakY=1503.2
  diag: tableau5.region=1276.0-1468.8
  diag: tableau5=D,D,D,D,Nine_Clubs,Eight_Diamonds,Seven_Clubs,Six_Diamonds,Five_Clubs,Four_Diamonds
  diag: tableau6.faceScan=rowHeight=5.74,lastWhiteBottom=1371.2,whiteRows=70,minimumRows=7,breakY=1405.7
  diag: tableau6.region=1178.5-1371.2
  diag: tableau6=D,D,D,Eight_Clubs,Seven_Diamonds,Six_Clubs,Five_Diamonds,Four_Clubs
  diag: wasteOcr:relevant=true,ms=0,overlapped=false
  diag: waste=fused-Ten-Diamonds:TD
  diag: waste-regions=exact:757-895:face-up-color-red-rank=null,legacy:750-907:match-Ten-Diamonds@0.95
  diag: waste-rank-scores={Ace=0.5102639, Two=0.54172766, Three=0.52425283, Four=0.49034336, Five=0.5494186, Six=0.61401033, Seven=0.39349777, Eight=0.60069746, Nine=0.5340751, Ten=0.5798981, Jack=0.4711014, Queen=0.5351697, King=0.53519857}
  diag: waste-suit-scores={Hearts=0.8146267, Diamonds=0.95913976, Clubs=0.8176796, Spades=0.86289924}
  diag: whole@756,503,895,713:ocr=miss:unparsed='OL';corner@756,503,817,566:ocr=miss:unparsed='OL';whole@749,503,907,713:ocr='10'@0.62
  diag: waste-ocr-rank=Ten
  diag: livePlayScreen=true
  diag: gameFooter=true
  diag: lobbyScreen=false
  diag: knownFaceUp=25
  diag: timing:total=164ms,tableau=361ms[c0=119,c1=14,c2=11,c3=36,c4=10,c5=135,c6=36],scrub=0ms,deckConstraint=1ms,recognize:hits=28,misses=2,missTime=105ms,missReason:newKey=0,fingerprint=2,bounds=0
  recognition:
  slot foundation:0 3D conf=0.79 rank=rank-png-strong@0.79 {3:0.79 J:0.76 8:0.73 4:0.71} suit=suit-png@0.96 {D:0.92 H:0.82} post=[ink-ratio:red=0.1687,black=0.0000,inkRed=true]
  slot foundation:1 2C conf=0.83 rank=rank-png-strong@0.83 {2:0.83 7:0.77 J:0.72 3:0.72} suit=suit-png@0.81 {C:0.81 S:0.74} post=[black-tiebreak:full=C0.81/S0.74,top=C0.58/S0.52,branch=wideMarginDirect->Clubs; ink-ratio:red=0.0000,black=0.1811,inkRed=false]
  slot tableau:0 KH conf=0.89 rank=rank-png-strong@0.89 {K:0.89 6:0.82 8:0.80 5:0.79} suit=suit-png@0.99 {H:0.95 D:0.81} post=[ink-ratio:red=0.2685,black=0.0000,inkRed=true,inkRegion=header; cascade:firstFaceTop=837.7,bottomTop=937.5,faceUpStep=48.90,geomCount=3,finalCount=3,bottomRank=Jack,leadingRank=King,rankCount=3,diff=0,applied=false,boundary=[not-face-down@faceDownCount=0:teal=0.000,white=0.519,red=0.352,black=0.000],exposedIndex=0,distanceFromBottom=2]
  slot tableau:0:1 QC conf=0.86 rank=rank-png-strong@0.86 {Q:0.86 9:0.75 8:0.72 10:0.71} suit=suit-opencv@0.52 {S:0.91 C:0.89} post=[ocr=miss:empty; ink-ratio:red=0.0000,black=0.3426,inkRed=false,inkRegion=header; post-black-suit:Spades->Clubs; black-tiebreak2:full=C0.66/S0.66,top=C0.74/S0.69,shape=none;branch=topLeaderDirect->Clubs; cascade:firstFaceTop=837.7,bottomTop=937.5,faceUpStep=48.90,geomCount=3,finalCount=3,bottomRank=Jack,leadingRank=King,rankCount=3,diff=0,applied=false,boundary=[not-face-down@faceDownCount=0:teal=0.000,white=0.519,red=0.352,black=0.000],exposedIndex=1,distanceFromBottom=1; deck-constraint:QC~->QC]
  slot tableau:0:2 JH conf=0.83 rank=rank-png-strong@0.83 {J:0.83 4:0.71 7:0.70 3:0.68} suit=suit-png@0.98 {H:0.94 D:0.80} post=[ink-ratio:red=0.1689,black=0.0400,inkRed=true; cascade:firstFaceTop=837.7,bottomTop=937.5,faceUpStep=48.90,geomCount=3,finalCount=3,bottomRank=Jack,leadingRank=King,rankCount=3,diff=0,applied=false,boundary=[not-face-down@faceDownCount=0:teal=0.000,white=0.519,red=0.352,black=0.000]]
  slot tableau:2 KC conf=0.93 rank=rank-png-strong@0.93 {K:0.93 2:0.78 8:0.78 10:0.78} suit=suit-png@0.82 {S:0.90 C:0.88} post=[black-tiebreak:full=C0.88/S0.90,top=C0.82/S0.86,shape=Clubs@0.36;branch=topSpade-clubShapeVetoWins->Clubs; ink-ratio:red=0.0324,black=0.2361,inkRed=false; cascade:firstFaceTop=837.7,bottomTop=840.0,faceUpStep=48.90,geomCount=1,finalCount=1,bottomRank=King,leadingRank=King,rankCount=1,diff=0,applied=false,boundary=[ran-out-of-room]]
  slot tableau:3 KD conf=0.87 rank=rank-png-strong@0.87 {K:0.87 6:0.81 8:0.81 5:0.78} suit=suit-png@0.98 {D:0.94 H:0.84} post=[ink-ratio:red=0.2685,black=0.0000,inkRed=true,inkRegion=header; cascade:firstFaceTop=837.7,bottomTop=1081.0,faceUpStep=48.90,geomCount=6,finalCount=6,bottomRank=Eight,leadingRank=King,rankCount=6,diff=0,applied=false,boundary=[not-face-down@faceDownCount=0:teal=0.000,white=0.667,red=0.333,black=0.000],exposedIndex=0,distanceFromBottom=5]
  slot tableau:3:1 QS conf=0.91 rank=rank-png-strong@0.91 {Q:0.91 9:0.80 8:0.75 6:0.74} suit=suit-png@0.93 {S:0.93 C:0.87} post=[black-tiebreak:full=C0.87/S0.93,top=C0.81/S0.91,branch=wideMarginDirect->Spades; ink-ratio:red=0.0000,black=0.2778,inkRed=false,inkRegion=header; cascade:firstFaceTop=837.7,bottomTop=1081.0,faceUpStep=48.90,geomCount=6,finalCount=6,bottomRank=Eight,leadingRank=King,rankCount=6,diff=0,applied=false,boundary=[not-face-down@faceDownCount=0:teal=0.000,white=0.667,red=0.333,black=0.000],exposedIndex=1,distanceFromBottom=4]
  slot tableau:3:2 JD conf=0.88 rank=rank-png-strong@0.88 {J:0.88 4:0.82 7:0.73 A:0.72} suit=suit-png@0.97 {D:0.93 H:0.85} post=[ocr=miss:empty; ink-ratio:red=0.1759,black=0.0000,inkRed=true,inkRegion=header; cascade:firstFaceTop=837.7,bottomTop=1081.0,faceUpStep=48.90,geomCount=6,finalCount=6,bottomRank=Eight,leadingRank=King,rankCount=6,diff=0,applied=false,boundary=[not-face-down@faceDownCount=0:teal=0.000,white=0.667,red=0.333,black=0.000],exposedIndex=2,distanceFromBottom=3]
  slot tableau:3:3 10S~ conf=0.87 rank=rank-png-strong@0.87 {10:0.87 Q:0.74 8:0.71 9:0.70} suit=suit-png@0.89 {S:0.94 C:0.89} post=[black-tiebreak:full=C0.89/S0.94,top=C0.79/S0.89,shape=none;branch=topLeaderDirect->Spades; ink-ratio:red=0.0000,black=0.2870,inkRed=false,inkRegion=header; cascade:firstFaceTop=837.7,bottomTop=1081.0,faceUpStep=48.90,geomCount=6,finalCount=6,bottomRank=Eight,leadingRank=King,rankCount=6,diff=0,applied=false,boundary=[not-face-down@faceDownCount=0:teal=0.000,white=0.667,red=0.333,black=0.000],exposedIndex=3,distanceFromBottom=2; deck-constraint:10S->10S~]
  slot tableau:3:4 9D~ conf=0.81 rank=rank-png-strong@0.81 {9:0.81 8:0.80 2:0.78 K:0.78} suit=suit-png@0.96 {D:0.92 H:0.87} post=[ink-ratio:red=0.2222,black=0.0000,inkRed=true,inkRegion=header; cascade:firstFaceTop=837.7,bottomTop=1081.0,faceUpStep=48.90,geomCount=6,finalCount=6,bottomRank=Eight,leadingRank=King,rankCount=6,diff=0,applied=false,boundary=[not-face-down@faceDownCount=0:teal=0.000,white=0.667,red=0.333,black=0.000],exposedIndex=4,distanceFromBottom=1; deck-constraint:9D->9D~]
  slot tableau:3:5 8S conf=0.90 rank=rank-png-strong@0.90 {8:0.90 6:0.81 3:0.78 9:0.77} suit=suit-png@0.95 {S:0.95 C:0.88} post=[black-tiebreak:full=C0.88/S0.95,top=C0.79/S0.95,branch=wideMarginDirect->Spades; ink-ratio:red=0.0089,black=0.2044,inkRed=false; cascade:firstFaceTop=837.7,bottomTop=1081.0,faceUpStep=48.90,geomCount=6,finalCount=6,bottomRank=Eight,leadingRank=King,rankCount=6,diff=0,applied=false,boundary=[not-face-down@faceDownCount=0:teal=0.000,white=0.667,red=0.333,black=0.000]]
  slot tableau:4:1 5H conf=0.81 rank=rank-png-strong@0.81 {5:0.81 3:0.77 6:0.76 8:0.76} suit=suit-png@0.99 {H:0.95 D:0.81} post=[ink-ratio:red=0.2000,black=0.0000,inkRed=true; cascade:firstFaceTop=882.1,bottomTop=885.9,faceUpStep=48.90,geomCount=1,finalCount=1,bottomRank=Five,leadingRank=Five,rankCount=1,diff=0,applied=false,boundary=[ran-out-of-room]]
  slot tableau:5:4 9C~ conf=0.87 rank=rank-png-strong@0.87 {9:0.87 A:0.86 8:0.83 Q:0.82} suit=suit-png@0.93 {C:0.93 S:0.88} post=[black-tiebreak:full=C0.93/S0.88,top=C0.93/S0.82,shape=Spades@1.12;branch=topLeaderDirect->Clubs; ink-ratio:red=0.0000,black=0.1852,inkRed=false,inkRegion=header; cascade:firstFaceTop=1015.1,bottomTop=1276.0,faceUpStep=48.90,geomCount=6,finalCount=6,bottomRank=Four,leadingRank=Nine,rankCount=6,diff=0,applied=false,boundary=[not-face-down@faceDownCount=4:teal=0.315,white=0.593,red=0.000,black=0.056],exposedIndex=0,distanceFromBottom=5; deck-constraint:9C->9C~]
  slot tableau:5:5 8D~ conf=0.87 rank=rank-png-strong@0.87 {8:0.87 A:0.86 9:0.83 4:0.82} suit=suit-png@0.87 {D:0.87 H:0.76} post=[ink-ratio:red=0.1759,black=0.0370,inkRed=true,inkRegion=header; cascade:firstFaceTop=1015.1,bottomTop=1276.0,faceUpStep=48.90,geomCount=6,finalCount=6,bottomRank=Four,leadingRank=Nine,rankCount=6,diff=0,applied=false,boundary=[not-face-down@faceDownCount=4:teal=0.315,white=0.593,red=0.000,black=0.056],exposedIndex=1,distanceFromBottom=4; deck-constraint:8D->8D~]
  slot tableau:5:7 6D~ conf=0.87 rank=rank-png-strong@0.87 {6:0.87 A:0.83 4:0.81 8:0.81} suit=suit-png@0.87 {D:0.87 H:0.76} post=[ink-ratio:red=0.1852,black=0.0185,inkRed=true,inkRegion=header; cascade:firstFaceTop=1015.1,bottomTop=1276.0,faceUpStep=48.90,geomCount=6,finalCount=6,bottomRank=Four,leadingRank=Nine,rankCount=6,diff=0,applied=false,boundary=[not-face-down@faceDownCount=4:teal=0.315,white=0.593,red=0.000,black=0.056],exposedIndex=3,distanceFromBottom=2; deck-constraint:6D->6D~]
  slot tableau:5:8 5C~ conf=0.84 rank=rank-png-strong@0.84 {5:0.84 6:0.83 8:0.80 9:0.80} suit=suit-png@0.79 {C:0.79 D:0.79 H:0.72 S:0.67} post=[ink-ratio:red=0.0278,black=0.1759,inkRed=null,inkRegion=header; cascade:firstFaceTop=1015.1,bottomTop=1276.0,faceUpStep=48.90,geomCount=6,finalCount=6,bottomRank=Four,leadingRank=Nine,rankCount=6,diff=0,applied=false,boundary=[not-face-down@faceDownCount=4:teal=0.315,white=0.593,red=0.000,black=0.056],exposedIndex=4,distanceFromBottom=1; deck-constraint:5C->5C~]
  slot tableau:5:9 4H~ conf=0.89 rank=rank-png-strong@0.89 {4:0.89 A:0.74 J:0.71 8:0.66} suit=suit-png@1.00 {H:0.96 D:0.80} post=[ink-ratio:red=0.1852,black=0.0000,inkRed=true; cascade:firstFaceTop=1015.1,bottomTop=1276.0,faceUpStep=48.90,geomCount=6,finalCount=6,bottomRank=Four,leadingRank=Nine,rankCount=6,diff=0,applied=false,boundary=[not-face-down@faceDownCount=4:teal=0.315,white=0.593,red=0.000,black=0.056]; deck-constraint:4H->4H~]
  slot tableau:6:3 8C conf=0.93 rank=rank-png-strong@0.93 {8:0.93 9:0.84 6:0.83 A:0.83} suit=suit-png@0.91 {C:0.90 S:0.85} post=[black-tiebreak:full=C0.90/S0.85,top=C0.91/S0.83,shape=Spades@0.60;branch=topLeaderDirect->Clubs; ink-ratio:red=0.0000,black=0.2407,inkRed=false,inkRegion=header; cascade:firstFaceTop=970.7,bottomTop=1178.5,faceUpStep=48.90,geomCount=5,finalCount=5,bottomRank=Four,leadingRank=Eight,rankCount=5,diff=0,applied=false,boundary=[not-face-down@faceDownCount=3:teal=0.000,white=0.519,red=0.000,black=0.130],exposedIndex=0,distanceFromBottom=4]
  slot tableau:6:4 7D~ conf=0.95 rank=rank-png-strong@0.95 {7:0.95 2:0.86 3:0.77 J:0.76} suit=suit-png@0.98 {D:0.94 H:0.83} post=[ocr=miss:empty; ink-ratio:red=0.1759,black=0.0556,inkRed=true,inkRegion=header; cascade:firstFaceTop=970.7,bottomTop=1178.5,faceUpStep=48.90,geomCount=5,finalCount=5,bottomRank=Four,leadingRank=Eight,rankCount=5,diff=0,applied=false,boundary=[not-face-down@faceDownCount=3:teal=0.000,white=0.519,red=0.000,black=0.130],exposedIndex=1,distanceFromBottom=3; deck-constraint:7D->7D~]
  slot tableau:6:5 6C~ conf=0.92 rank=rank-png-strong@0.92 {6:0.92 A:0.83 8:0.83 5:0.83} suit=suit-png@0.92 {C:0.90 S:0.86} post=[black-tiebreak:full=C0.90/S0.86,top=C0.92/S0.84,shape=Spades@0.60;branch=topLeaderDirect->Clubs; ink-ratio:red=0.0000,black=0.2500,inkRed=false,inkRegion=header; cascade:firstFaceTop=970.7,bottomTop=1178.5,faceUpStep=48.90,geomCount=5,finalCount=5,bottomRank=Four,leadingRank=Eight,rankCount=5,diff=0,applied=false,boundary=[not-face-down@faceDownCount=3:teal=0.000,white=0.519,red=0.000,black=0.130],exposedIndex=2,distanceFromBottom=2; deck-constraint:6C->6C~]
  slot tableau:6:6 5D conf=0.94 rank=rank-png-strong@0.94 {5:0.94 6:0.83 K:0.81 9:0.80} suit=suit-png@0.96 {D:0.92 H:0.84} post=[ink-ratio:red=0.1574,black=0.0556,inkRed=true,inkRegion=header; cascade:firstFaceTop=970.7,bottomTop=1178.5,faceUpStep=48.90,geomCount=5,finalCount=5,bottomRank=Four,leadingRank=Eight,rankCount=5,diff=0,applied=false,boundary=[not-face-down@faceDownCount=3:teal=0.000,white=0.519,red=0.000,black=0.130],exposedIndex=3,distanceFromBottom=1]
  slot tableau:6:7 4C~ conf=0.91 rank=rank-png-strong@0.91 {4:0.91 A:0.73 J:0.72 8:0.66} suit=suit-png@0.86 {C:0.90 S:0.89} post=[black-tiebreak:full=C0.90/S0.89,top=C0.86/S0.82,shape=Clubs@0.36;branch=lowTopMargin-shapeLeader->Clubs; ink-ratio:red=0.0000,black=0.2222,inkRed=false; cascade:firstFaceTop=970.7,bottomTop=1178.5,faceUpStep=48.90,geomCount=5,finalCount=5,bottomRank=Four,leadingRank=Eight,rankCount=5,diff=0,applied=false,boundary=[not-face-down@faceDownCount=3:teal=0.000,white=0.519,red=0.000,black=0.130]; deck-constraint:4C->4C~]
  slot waste 10D conf=0.95 rank=rank-png-strong@0.95 {6:0.61 8:0.60 10:0.58 5:0.55} suit=suit-png@1.00 {D:0.96 H:0.81} post=[waste-fusion:legacy=Ten_Diamonds,tight=null; whole@756,503,895,713:ocr=miss:unparsed='OL';corner@756,503,817,566:ocr=miss:unparsed='OL';whole@749,503,907,713:ocr='10'@0.62; waste-ocr-rank:Ten; ink-ratio:red=0.2593,black=0.0000,inkRed=true; ocr=miss:unparsed='OL'; ink-ratio:red=0.2840,black=0.0000,inkRed=true]
18:02:08.236 OUTCOME=ARROW status=Best: Recycle waste to stock score=-2.0 (recycle) 358ms conf=0.74 known=25
  frame=1080x2340 elapsed=358ms conf=0.74 knownFaceUp=25
  timing: queueDelay=126ms detect=358ms select=3ms total=487ms
  move=Recycle waste to stock score=-2.0 rationale=recycle
  runner-up:
    1. Foundation 1 -> Tableau 7 score=-57.0 (pull-from-foundation)
    2. Tableau 7 -> Tableau 5 score=-217.0 (defer-no-reveal-stack,reversible)
    3. Tableau 7 -> Tableau 4 score=-217.0 (defer-no-reveal-stack,reversible)
  from=(991,608) to=(777,608)
  signature=Two_Hearts|Three_Diamonds;Two_Clubs;-;-|King_Hearts,Queen_Clubs,Jack_Hearts;;King_Clubs;King_Diamonds,Queen_Spades,Jack_Diamonds,Ten_Spades,Nine_Diamonds,Eight_Spades;D,Five_Hearts;D,D,D,D,Nine_Clubs,Eight_Diamonds,Seven_Clubs,Six_Diamonds,Five_Clubs,Four_Hearts;D,D,D,Eight_Clubs,Seven_Diamonds,Six_Clubs,Five_Diamonds,Four_Clubs
  diag: boardConfidence=0.85
  diag: profile=solitaire_smash_s25
  diag: stock=empty-color
  diag: foundation0=match-Three-Diamonds@0.79:TD
  diag: foundation1=match-Two-Clubs@0.83:TC
  diag: foundation2=empty-color:null
  diag: foundation3=empty-color:null
  diag: tableau0.faceScan=rowHeight=5.74,lastWhiteBottom=1130.3,whiteRows=50,minimumRows=7,breakY=1164.7
  diag: tableau0.region=937.5-1130.3
  diag: tableau0=King_Diamonds,Queen_Clubs,Jack_Diamonds
  diag: tableau1.faceScan=rowHeight=5.74,lastWhiteBottom=1027.0,whiteRows=1,minimumRows=7,breakY=1061.5
  diag: tableau1=
  diag: tableau2.faceScan=rowHeight=5.74,lastWhiteBottom=1032.8,whiteRows=34,minimumRows=7,breakY=1067.2
  diag: tableau2.region=840.0-1032.8
  diag: tableau2=King_Clubs
  diag: tableau3.faceScan=rowHeight=5.74,lastWhiteBottom=1273.7,whiteRows=73,minimumRows=7,breakY=1308.1
  diag: tableau3.region=1081.0-1273.7
  diag: tableau3=King_Diamonds,Queen_Clubs,Jack_Diamonds,Ten_Clubs,Nine_Diamonds,Eight_Clubs
  diag: tableau4.faceScan=rowHeight=5.74,lastWhiteBottom=1078.7,whiteRows=35,minimumRows=7,breakY=1113.1
  diag: tableau4.region=885.9-1078.7
  diag: tableau4=D,Five_Hearts
  diag: tableau5.faceScan=rowHeight=5.74,lastWhiteBottom=1468.8,whiteRows=78,minimumRows=7,breakY=1503.2
  diag: tableau5.region=1276.0-1468.8
  diag: tableau5=D,D,D,D,Nine_Clubs,Eight_Diamonds,Seven_Clubs,Six_Diamonds,Five_Clubs,Four_Diamonds
  diag: tableau6.faceScan=rowHeight=5.74,lastWhiteBottom=1371.2,whiteRows=70,minimumRows=7,breakY=1405.7
  diag: tableau6.region=1178.5-1371.2
  diag: tableau6=D,D,D,Eight_Clubs,Seven_Diamonds,Six_Clubs,Five_Diamonds,Four_Clubs
  diag: wasteOcr:relevant=true,ms=141,overlapped=true
  diag: waste=fused-Two-Hearts:TH
  diag: waste-regions=exact:708-846:match-Two-Hearts@0.56,legacy:750-907:no-card-face
  diag: waste-rank-scores={Ace=0.45485714, Two=0.39233893, Three=0.3872073, Four=0.39898348, Five=0.42615557, Six=0.37895867, Seven=0.3147023, Eight=0.3752495, Nine=0.39531165, Ten=0.4283431, Jack=0.3950777, Queen=0.49859312, King=0.45586708}
  diag: waste-suit-scores={Hearts=0.96199095, Diamonds=0.8565379}
  diag: whole@707,503,846,713:ocr=miss:empty;corner@707,503,768,566:ocr='2'@0.62
  diag: waste-ocr-rank=Two
  diag: livePlayScreen=true
  diag: gameFooter=true
  diag: lobbyScreen=false
  diag: knownFaceUp=25
  diag: timing:total=355ms,tableau=185ms[c0=66,c1=4,c2=12,c3=28,c4=7,c5=36,c6=31],scrub=0ms,deckConstraint=2ms,recognize:hits=28,misses=2,missTime=114ms,missReason:newKey=0,fingerprint=2,bounds=0
  recognition:
  slot foundation:0 3D conf=0.79 rank=rank-png-strong@0.79 {3:0.79 J:0.76 8:0.73 4:0.71} suit=suit-png@0.96 {D:0.92 H:0.82} post=[ink-ratio:red=0.1687,black=0.0000,inkRed=true]
  slot foundation:1 2C conf=0.83 rank=rank-png-strong@0.83 {2:0.83 7:0.77 J:0.72 3:0.72} suit=suit-png@0.81 {C:0.81 S:0.74} post=[black-tiebreak:full=C0.81/S0.74,top=C0.58/S0.52,branch=wideMarginDirect->Clubs; ink-ratio:red=0.0000,black=0.1811,inkRed=false]
  slot tableau:0 KH conf=0.89 rank=rank-png-strong@0.89 {K:0.89 6:0.82 8:0.80 5:0.79} suit=suit-png@0.99 {H:0.95 D:0.81} post=[ink-ratio:red=0.2685,black=0.0000,inkRed=true,inkRegion=header; cascade:firstFaceTop=837.7,bottomTop=937.5,faceUpStep=48.90,geomCount=3,finalCount=3,bottomRank=Jack,leadingRank=King,rankCount=3,diff=0,applied=false,boundary=[not-face-down@faceDownCount=0:teal=0.000,white=0.519,red=0.352,black=0.000],exposedIndex=0,distanceFromBottom=2]
  slot tableau:0:1 QC conf=0.86 rank=rank-png-strong@0.86 {Q:0.86 9:0.75 8:0.72 10:0.71} suit=suit-opencv@0.52 {S:0.91 C:0.89} post=[ocr=miss:empty; ink-ratio:red=0.0000,black=0.3426,inkRed=false,inkRegion=header; post-black-suit:Spades->Clubs; black-tiebreak2:full=C0.66/S0.66,top=C0.74/S0.69,shape=none;branch=topLeaderDirect->Clubs; cascade:firstFaceTop=837.7,bottomTop=937.5,faceUpStep=48.90,geomCount=3,finalCount=3,bottomRank=Jack,leadingRank=King,rankCount=3,diff=0,applied=false,boundary=[not-face-down@faceDownCount=0:teal=0.000,white=0.519,red=0.352,black=0.000],exposedIndex=1,distanceFromBottom=1; deck-constraint:QC~->QC]
  slot tableau:0:2 JH conf=0.83 rank=rank-png-strong@0.83 {J:0.83 4:0.71 7:0.70 3:0.68} suit=suit-png@0.98 {H:0.94 D:0.80} post=[ink-ratio:red=0.1689,black=0.0400,inkRed=true; cascade:firstFaceTop=837.7,bottomTop=937.5,faceUpStep=48.90,geomCount=3,finalCount=3,bottomRank=Jack,leadingRank=King,rankCount=3,diff=0,applied=false,boundary=[not-face-down@faceDownCount=0:teal=0.000,white=0.519,red=0.352,black=0.000]]
  slot tableau:2 KC conf=0.93 rank=rank-png-strong@0.93 {K:0.93 2:0.78 8:0.78 10:0.78} suit=suit-png@0.82 {S:0.90 C:0.88} post=[black-tiebreak:full=C0.88/S0.90,top=C0.82/S0.86,shape=Clubs@0.36;branch=topSpade-clubShapeVetoWins->Clubs; ink-ratio:red=0.0000,black=0.2361,inkRed=false; cascade:firstFaceTop=837.7,bottomTop=840.0,faceUpStep=48.90,geomCount=1,finalCount=1,bottomRank=King,leadingRank=King,rankCount=1,diff=0,applied=false,boundary=[ran-out-of-room]]
  slot tableau:3 KD conf=0.87 rank=rank-png-strong@0.87 {K:0.87 6:0.81 8:0.81 5:0.78} suit=suit-png@0.98 {D:0.94 H:0.84} post=[ink-ratio:red=0.2685,black=0.0000,inkRed=true,inkRegion=header; cascade:firstFaceTop=837.7,bottomTop=1081.0,faceUpStep=48.90,geomCount=6,finalCount=6,bottomRank=Eight,leadingRank=King,rankCount=6,diff=0,applied=false,boundary=[not-face-down@faceDownCount=0:teal=0.000,white=0.667,red=0.333,black=0.000],exposedIndex=0,distanceFromBottom=5]
  slot tableau:3:1 QS conf=0.91 rank=rank-png-strong@0.91 {Q:0.91 9:0.80 8:0.75 6:0.74} suit=suit-png@0.93 {S:0.93 C:0.87} post=[black-tiebreak:full=C0.87/S0.93,top=C0.81/S0.91,branch=wideMarginDirect->Spades; ink-ratio:red=0.0000,black=0.2778,inkRed=false,inkRegion=header; cascade:firstFaceTop=837.7,bottomTop=1081.0,faceUpStep=48.90,geomCount=6,finalCount=6,bottomRank=Eight,leadingRank=King,rankCount=6,diff=0,applied=false,boundary=[not-face-down@faceDownCount=0:teal=0.000,white=0.667,red=0.333,black=0.000],exposedIndex=1,distanceFromBottom=4]
  slot tableau:3:2 JD conf=0.88 rank=rank-png-strong@0.88 {J:0.88 4:0.82 7:0.73 A:0.72} suit=suit-png@0.97 {D:0.93 H:0.85} post=[ocr=miss:empty; ink-ratio:red=0.1759,black=0.0000,inkRed=true,inkRegion=header; cascade:firstFaceTop=837.7,bottomTop=1081.0,faceUpStep=48.90,geomCount=6,finalCount=6,bottomRank=Eight,leadingRank=King,rankCount=6,diff=0,applied=false,boundary=[not-face-down@faceDownCount=0:teal=0.000,white=0.667,red=0.333,black=0.000],exposedIndex=2,distanceFromBottom=3]
  slot tableau:3:3 10S~ conf=0.87 rank=rank-png-strong@0.87 {10:0.87 Q:0.74 8:0.71 9:0.70} suit=suit-png@0.89 {S:0.94 C:0.89} post=[black-tiebreak:full=C0.89/S0.94,top=C0.79/S0.89,shape=none;branch=topLeaderDirect->Spades; ink-ratio:red=0.0000,black=0.2870,inkRed=false,inkRegion=header; cascade:firstFaceTop=837.7,bottomTop=1081.0,faceUpStep=48.90,geomCount=6,finalCount=6,bottomRank=Eight,leadingRank=King,rankCount=6,diff=0,applied=false,boundary=[not-face-down@faceDownCount=0:teal=0.000,white=0.667,red=0.333,black=0.000],exposedIndex=3,distanceFromBottom=2; deck-constraint:10S->10S~]
  slot tableau:3:4 9D~ conf=0.81 rank=rank-png-strong@0.81 {9:0.81 8:0.80 2:0.78 K:0.78} suit=suit-png@0.96 {D:0.92 H:0.87} post=[ink-ratio:red=0.2222,black=0.0000,inkRed=true,inkRegion=header; cascade:firstFaceTop=837.7,bottomTop=1081.0,faceUpStep=48.90,geomCount=6,finalCount=6,bottomRank=Eight,leadingRank=King,rankCount=6,diff=0,applied=false,boundary=[not-face-down@faceDownCount=0:teal=0.000,white=0.667,red=0.333,black=0.000],exposedIndex=4,distanceFromBottom=1; deck-constraint:9D->9D~]
  slot tableau:3:5 8S conf=0.90 rank=rank-png-strong@0.90 {8:0.90 6:0.81 3:0.78 9:0.77} suit=suit-png@0.95 {S:0.95 C:0.88} post=[black-tiebreak:full=C0.88/S0.95,top=C0.79/S0.95,branch=wideMarginDirect->Spades; ink-ratio:red=0.0000,black=0.2200,inkRed=false; cascade:firstFaceTop=837.7,bottomTop=1081.0,faceUpStep=48.90,geomCount=6,finalCount=6,bottomRank=Eight,leadingRank=King,rankCount=6,diff=0,applied=false,boundary=[not-face-down@faceDownCount=0:teal=0.000,white=0.667,red=0.333,black=0.000]]
  slot tableau:4:1 5H conf=0.81 rank=rank-png-strong@0.81 {5:0.81 3:0.77 6:0.76 8:0.76} suit=suit-png@0.99 {H:0.95 D:0.81} post=[ink-ratio:red=0.2000,black=0.0000,inkRed=true; cascade:firstFaceTop=882.1,bottomTop=885.9,faceUpStep=48.90,geomCount=1,finalCount=1,bottomRank=Five,leadingRank=Five,rankCount=1,diff=0,applied=false,boundary=[ran-out-of-room]]
  slot tableau:5:4 9C~ conf=0.87 rank=rank-png-strong@0.87 {9:0.87 A:0.86 8:0.83 Q:0.82} suit=suit-png@0.93 {C:0.93 S:0.88} post=[black-tiebreak:full=C0.93/S0.88,top=C0.93/S0.82,shape=Spades@1.12;branch=topLeaderDirect->Clubs; ink-ratio:red=0.0000,black=0.1852,inkRed=false,inkRegion=header; cascade:firstFaceTop=1015.1,bottomTop=1276.0,faceUpStep=48.90,geomCount=6,finalCount=6,bottomRank=Four,leadingRank=Nine,rankCount=6,diff=0,applied=false,boundary=[not-face-down@faceDownCount=4:teal=0.315,white=0.593,red=0.000,black=0.056],exposedIndex=0,distanceFromBottom=5; deck-constraint:9C->9C~]
  slot tableau:5:5 8D~ conf=0.87 rank=rank-png-strong@0.87 {8:0.87 A:0.86 9:0.83 4:0.82} suit=suit-png@0.87 {D:0.87 H:0.76} post=[ink-ratio:red=0.1759,black=0.0370,inkRed=true,inkRegion=header; cascade:firstFaceTop=1015.1,bottomTop=1276.0,faceUpStep=48.90,geomCount=6,finalCount=6,bottomRank=Four,leadingRank=Nine,rankCount=6,diff=0,applied=false,boundary=[not-face-down@faceDownCount=4:teal=0.315,white=0.593,red=0.000,black=0.056],exposedIndex=1,distanceFromBottom=4; deck-constraint:8D->8D~]
  slot tableau:5:7 6D~ conf=0.87 rank=rank-png-strong@0.87 {6:0.87 A:0.83 4:0.81 8:0.81} suit=suit-png@0.87 {D:0.87 H:0.76} post=[ink-ratio:red=0.1852,black=0.0185,inkRed=true,inkRegion=header; cascade:firstFaceTop=1015.1,bottomTop=1276.0,faceUpStep=48.90,geomCount=6,finalCount=6,bottomRank=Four,leadingRank=Nine,rankCount=6,diff=0,applied=false,boundary=[not-face-down@faceDownCount=4:teal=0.315,white=0.593,red=0.000,black=0.056],exposedIndex=3,distanceFromBottom=2; deck-constraint:6D->6D~]
  slot tableau:5:8 5C~ conf=0.84 rank=rank-png-strong@0.84 {5:0.84 6:0.83 8:0.80 9:0.80} suit=suit-png@0.79 {C:0.79 D:0.79 H:0.72 S:0.67} post=[ink-ratio:red=0.0278,black=0.1759,inkRed=null,inkRegion=header; cascade:firstFaceTop=1015.1,bottomTop=1276.0,faceUpStep=48.90,geomCount=6,finalCount=6,bottomRank=Four,leadingRank=Nine,rankCount=6,diff=0,applied=false,boundary=[not-face-down@faceDownCount=4:teal=0.315,white=0.593,red=0.000,black=0.056],exposedIndex=4,distanceFromBottom=1; deck-constraint:5C->5C~]
  slot tableau:5:9 4H~ conf=0.89 rank=rank-png-strong@0.89 {4:0.89 A:0.74 J:0.71 8:0.66} suit=suit-png@0.99 {H:0.95 D:0.79} post=[ink-ratio:red=0.1875,black=0.0000,inkRed=true; cascade:firstFaceTop=1015.1,bottomTop=1276.0,faceUpStep=48.90,geomCount=6,finalCount=6,bottomRank=Four,leadingRank=Nine,rankCount=6,diff=0,applied=false,boundary=[not-face-down@faceDownCount=4:teal=0.315,white=0.593,red=0.000,black=0.056]; deck-constraint:4H->4H~]
  slot tableau:6:3 8C conf=0.93 rank=rank-png-strong@0.93 {8:0.93 9:0.84 6:0.83 A:0.83} suit=suit-png@0.91 {C:0.90 S:0.85} post=[black-tiebreak:full=C0.90/S0.85,top=C0.91/S0.83,shape=Spades@0.60;branch=topLeaderDirect->Clubs; ink-ratio:red=0.0000,black=0.2407,inkRed=false,inkRegion=header; cascade:firstFaceTop=970.7,bottomTop=1178.5,faceUpStep=48.90,geomCount=5,finalCount=5,bottomRank=Four,leadingRank=Eight,rankCount=5,diff=0,applied=false,boundary=[not-face-down@faceDownCount=3:teal=0.000,white=0.519,red=0.000,black=0.130],exposedIndex=0,distanceFromBottom=4]
  slot tableau:6:4 7D~ conf=0.95 rank=rank-png-strong@0.95 {7:0.95 2:0.86 3:0.77 J:0.76} suit=suit-png@0.98 {D:0.94 H:0.83} post=[ocr=miss:empty; ink-ratio:red=0.1759,black=0.0556,inkRed=true,inkRegion=header; cascade:firstFaceTop=970.7,bottomTop=1178.5,faceUpStep=48.90,geomCount=5,finalCount=5,bottomRank=Four,leadingRank=Eight,rankCount=5,diff=0,applied=false,boundary=[not-face-down@faceDownCount=3:teal=0.000,white=0.519,red=0.000,black=0.130],exposedIndex=1,distanceFromBottom=3; deck-constraint:7D->7D~]
  slot tableau:6:5 6C~ conf=0.92 rank=rank-png-strong@0.92 {6:0.92 A:0.83 8:0.83 5:0.83} suit=suit-png@0.92 {C:0.90 S:0.86} post=[black-tiebreak:full=C0.90/S0.86,top=C0.92/S0.84,shape=Spades@0.60;branch=topLeaderDirect->Clubs; ink-ratio:red=0.0000,black=0.2500,inkRed=false,inkRegion=header; cascade:firstFaceTop=970.7,bottomTop=1178.5,faceUpStep=48.90,geomCount=5,finalCount=5,bottomRank=Four,leadingRank=Eight,rankCount=5,diff=0,applied=false,boundary=[not-face-down@faceDownCount=3:teal=0.000,white=0.519,red=0.000,black=0.130],exposedIndex=2,distanceFromBottom=2; deck-constraint:6C->6C~]
  slot tableau:6:6 5D conf=0.94 rank=rank-png-strong@0.94 {5:0.94 6:0.83 K:0.81 9:0.80} suit=suit-png@0.96 {D:0.92 H:0.84} post=[ink-ratio:red=0.1574,black=0.0556,inkRed=true,inkRegion=header; cascade:firstFaceTop=970.7,bottomTop=1178.5,faceUpStep=48.90,geomCount=5,finalCount=5,bottomRank=Four,leadingRank=Eight,rankCount=5,diff=0,applied=false,boundary=[not-face-down@faceDownCount=3:teal=0.000,white=0.519,red=0.000,black=0.130],exposedIndex=3,distanceFromBottom=1]
  slot tableau:6:7 4C~ conf=0.91 rank=rank-png-strong@0.91 {4:0.91 A:0.73 J:0.72 8:0.66} suit=suit-png@0.86 {C:0.90 S:0.89} post=[black-tiebreak:full=C0.90/S0.89,top=C0.86/S0.82,shape=Clubs@0.36;branch=lowTopMargin-shapeLeader->Clubs; ink-ratio:red=0.0000,black=0.2222,inkRed=false; cascade:firstFaceTop=970.7,bottomTop=1178.5,faceUpStep=48.90,geomCount=5,finalCount=5,bottomRank=Four,leadingRank=Eight,rankCount=5,diff=0,applied=false,boundary=[not-face-down@faceDownCount=3:teal=0.000,white=0.519,red=0.000,black=0.130]; deck-constraint:4C->4C~]
  slot waste 2H conf=0.56 rank=rank-opencv@0.56 {Q:0.50 K:0.46 A:0.45 10:0.43} suit=suit-png@0.96 {H:0.96 D:0.86} post=[waste-fusion:legacy=null,tight=Two_Hearts; whole@707,503,846,713:ocr=miss:empty;corner@707,503,768,566:ocr='2'@0.62; waste-ocr-rank:Two; ocr=miss:empty; ink-ratio:red=0.1872,black=0.0000,inkRed=true]
18:02:08.421 OUTCOME=ARROW status=Best: Waste -> Foundation 1 score=30.0 (hold-unbalanced,risky-foundation,clear-waste) 177ms conf=0.79 known=25
  frame=1080x2340 elapsed=177ms conf=0.79 knownFaceUp=25
  timing: queueDelay=42ms detect=177ms select=3ms total=222ms
  move=Waste -> Foundation 1 score=30.0 rationale=hold-unbalanced,risky-foundation,clear-waste
  runner-up:
    1. Recycle waste to stock score=-2.0 (recycle)
    2. Foundation 1 -> Tableau 7 score=-57.0 (pull-from-foundation)
    3. Tableau 7 -> Tableau 5 score=-207.0 (defer-no-reveal-stack,lookahead+10.0,reversible)
  from=(826,608) to=(85,608)
  signature=Four_Diamonds|Three_Diamonds;Two_Clubs;-;-|King_Hearts,Queen_Clubs,Jack_Hearts;;King_Clubs;King_Diamonds,Queen_Spades,Jack_Diamonds,Ten_Spades,Nine_Diamonds,Eight_Spades;D,Five_Hearts;D,D,D,D,Nine_Clubs,Eight_Diamonds,Seven_Clubs,Six_Diamonds,Five_Clubs,Four_Hearts;D,D,D,Eight_Clubs,Seven_Diamonds,Six_Clubs,Five_Diamonds,Four_Clubs
  diag: boardConfidence=0.85
  diag: profile=solitaire_smash_s25
  diag: stock=empty-color
  diag: foundation0=match-Three-Diamonds@0.79:TD
  diag: foundation1=match-Two-Clubs@0.83:TC
  diag: foundation2=empty-color:null
  diag: foundation3=empty-color:null
  diag: tableau0.faceScan=rowHeight=5.74,lastWhiteBottom=1130.3,whiteRows=50,minimumRows=7,breakY=1164.7
  diag: tableau0.region=937.5-1130.3
  diag: tableau0=King_Diamonds,Queen_Clubs,Jack_Diamonds
  diag: tableau1.faceScan=rowHeight=5.74,lastWhiteBottom=1027.0,whiteRows=1,minimumRows=7,breakY=1061.5
  diag: tableau1=
  diag: tableau2.faceScan=rowHeight=5.74,lastWhiteBottom=1032.8,whiteRows=34,minimumRows=7,breakY=1067.2
  diag: tableau2.region=840.0-1032.8
  diag: tableau2=King_Clubs
  diag: tableau3.faceScan=rowHeight=5.74,lastWhiteBottom=1273.7,whiteRows=73,minimumRows=7,breakY=1308.1
  diag: tableau3.region=1081.0-1273.7
  diag: tableau3=King_Diamonds,Queen_Clubs,Jack_Diamonds,Ten_Clubs,Nine_Diamonds,Eight_Clubs
  diag: tableau4.faceScan=rowHeight=5.74,lastWhiteBottom=1078.7,whiteRows=35,minimumRows=7,breakY=1113.1
  diag: tableau4.region=885.9-1078.7
  diag: tableau4=D,Five_Hearts
  diag: tableau5.faceScan=rowHeight=5.74,lastWhiteBottom=1468.8,whiteRows=78,minimumRows=7,breakY=1503.2
  diag: tableau5.region=1276.0-1468.8
  diag: tableau5=D,D,D,D,Nine_Clubs,Eight_Diamonds,Seven_Clubs,Six_Diamonds,Five_Clubs,Four_Diamonds
  diag: tableau6.faceScan=rowHeight=5.74,lastWhiteBottom=1371.2,whiteRows=70,minimumRows=7,breakY=1405.7
  diag: tableau6.region=1178.5-1371.2
  diag: tableau6=D,D,D,Eight_Clubs,Seven_Diamonds,Six_Clubs,Five_Diamonds,Four_Clubs
  diag: wasteOcr:relevant=true,ms=47,overlapped=true
  diag: waste=fused-Four-Diamonds:FD
  diag: waste-regions=exact:757-895:match-Four-Diamonds@0.69,legacy:750-907:match-Four-Diamonds@0.69
  diag: waste-rank-scores={Ace=0.35244417, Two=0.35092026, Three=0.43908322, Four=0.33490884, Five=0.47352767, Six=0.41605428, Seven=0.23180941, Eight=0.43412527, Nine=0.4193912, Ten=0.40316206, Jack=0.4383184, Queen=0.46060607, King=0.35533553}
  diag: waste-suit-scores={Hearts=0.8246493, Diamonds=0.9570747}
  diag: whole@756,503,895,713:ocr='4'@0.62
  diag: waste-ocr-rank=Four
  diag: livePlayScreen=true
  diag: gameFooter=true
  diag: lobbyScreen=false
  diag: knownFaceUp=25
  diag: timing:total=175ms,tableau=211ms[c0=66,c1=7,c2=15,c3=37,c4=22,c5=40,c6=23],scrub=4ms,deckConstraint=2ms,recognize:hits=28,misses=1,missTime=19ms,missReason:newKey=0,fingerprint=1,bounds=0
  recognition:
  slot foundation:0 3D conf=0.79 rank=rank-png-strong@0.79 {3:0.79 J:0.76 8:0.73 4:0.71} suit=suit-png@0.96 {D:0.92 H:0.82} post=[ink-ratio:red=0.1687,black=0.0000,inkRed=true]
  slot foundation:1 2C conf=0.83 rank=rank-png-strong@0.83 {2:0.83 7:0.77 J:0.72 3:0.72} suit=suit-png@0.81 {C:0.81 S:0.74} post=[black-tiebreak:full=C0.81/S0.74,top=C0.58/S0.52,branch=wideMarginDirect->Clubs; ink-ratio:red=0.0000,black=0.1811,inkRed=false]
  slot tableau:0 KH conf=0.89 rank=rank-png-strong@0.89 {K:0.89 6:0.82 8:0.80 5:0.79} suit=suit-png@0.99 {H:0.95 D:0.81} post=[ink-ratio:red=0.2685,black=0.0000,inkRed=true,inkRegion=header; cascade:firstFaceTop=837.7,bottomTop=937.5,faceUpStep=48.90,geomCount=3,finalCount=3,bottomRank=Jack,leadingRank=King,rankCount=3,diff=0,applied=false,boundary=[not-face-down@faceDownCount=0:teal=0.000,white=0.519,red=0.352,black=0.000],exposedIndex=0,distanceFromBottom=2]
  slot tableau:0:1 QC conf=0.86 rank=rank-png-strong@0.86 {Q:0.86 9:0.75 8:0.72 10:0.71} suit=suit-opencv@0.52 {S:0.91 C:0.89} post=[ocr=miss:empty; ink-ratio:red=0.0000,black=0.3426,inkRed=false,inkRegion=header; post-black-suit:Spades->Clubs; black-tiebreak2:full=C0.66/S0.66,top=C0.74/S0.69,shape=none;branch=topLeaderDirect->Clubs; cascade:firstFaceTop=837.7,bottomTop=937.5,faceUpStep=48.90,geomCount=3,finalCount=3,bottomRank=Jack,leadingRank=King,rankCount=3,diff=0,applied=false,boundary=[not-face-down@faceDownCount=0:teal=0.000,white=0.519,red=0.352,black=0.000],exposedIndex=1,distanceFromBottom=1; deck-constraint:QC~->QC]
  slot tableau:0:2 JH conf=0.83 rank=rank-png-strong@0.83 {J:0.83 4:0.71 7:0.70 3:0.68} suit=suit-png@0.98 {H:0.94 D:0.80} post=[ink-ratio:red=0.1689,black=0.0400,inkRed=true; cascade:firstFaceTop=837.7,bottomTop=937.5,faceUpStep=48.90,geomCount=3,finalCount=3,bottomRank=Jack,leadingRank=King,rankCount=3,diff=0,applied=false,boundary=[not-face-down@faceDownCount=0:teal=0.000,white=0.519,red=0.352,black=0.000]]
  slot tableau:2 KC conf=0.93 rank=rank-png-strong@0.93 {K:0.93 2:0.78 8:0.78 10:0.78} suit=suit-png@0.82 {S:0.90 C:0.88} post=[black-tiebreak:full=C0.88/S0.90,top=C0.82/S0.86,shape=Clubs@0.36;branch=topSpade-clubShapeVetoWins->Clubs; ink-ratio:red=0.0000,black=0.2361,inkRed=false; cascade:firstFaceTop=837.7,bottomTop=840.0,faceUpStep=48.90,geomCount=1,finalCount=1,bottomRank=King,leadingRank=King,rankCount=1,diff=0,applied=false,boundary=[ran-out-of-room]]
  slot tableau:3 KD conf=0.87 rank=rank-png-strong@0.87 {K:0.87 6:0.81 8:0.81 5:0.78} suit=suit-png@0.98 {D:0.94 H:0.84} post=[ink-ratio:red=0.2685,black=0.0000,inkRed=true,inkRegion=header; cascade:firstFaceTop=837.7,bottomTop=1081.0,faceUpStep=48.90,geomCount=6,finalCount=6,bottomRank=Eight,leadingRank=King,rankCount=6,diff=0,applied=false,boundary=[not-face-down@faceDownCount=0:teal=0.000,white=0.667,red=0.333,black=0.000],exposedIndex=0,distanceFromBottom=5]
  slot tableau:3:1 QS conf=0.91 rank=rank-png-strong@0.91 {Q:0.91 9:0.80 8:0.75 6:0.74} suit=suit-png@0.93 {S:0.93 C:0.87} post=[black-tiebreak:full=C0.87/S0.93,top=C0.81/S0.91,branch=wideMarginDirect->Spades; ink-ratio:red=0.0000,black=0.2778,inkRed=false,inkRegion=header; cascade:firstFaceTop=837.7,bottomTop=1081.0,faceUpStep=48.90,geomCount=6,finalCount=6,bottomRank=Eight,leadingRank=King,rankCount=6,diff=0,applied=false,boundary=[not-face-down@faceDownCount=0:teal=0.000,white=0.667,red=0.333,black=0.000],exposedIndex=1,distanceFromBottom=4]
  slot tableau:3:2 JD conf=0.88 rank=rank-png-strong@0.88 {J:0.88 4:0.82 7:0.73 A:0.72} suit=suit-png@0.97 {D:0.93 H:0.85} post=[ocr=miss:empty; ink-ratio:red=0.1759,black=0.0000,inkRed=true,inkRegion=header; cascade:firstFaceTop=837.7,bottomTop=1081.0,faceUpStep=48.90,geomCount=6,finalCount=6,bottomRank=Eight,leadingRank=King,rankCount=6,diff=0,applied=false,boundary=[not-face-down@faceDownCount=0:teal=0.000,white=0.667,red=0.333,black=0.000],exposedIndex=2,distanceFromBottom=3]
  slot tableau:3:3 10S~ conf=0.87 rank=rank-png-strong@0.87 {10:0.87 Q:0.74 8:0.71 9:0.70} suit=suit-png@0.89 {S:0.94 C:0.89} post=[black-tiebreak:full=C0.89/S0.94,top=C0.79/S0.89,shape=none;branch=topLeaderDirect->Spades; ink-ratio:red=0.0000,black=0.2870,inkRed=false,inkRegion=header; cascade:firstFaceTop=837.7,bottomTop=1081.0,faceUpStep=48.90,geomCount=6,finalCount=6,bottomRank=Eight,leadingRank=King,rankCount=6,diff=0,applied=false,boundary=[not-face-down@faceDownCount=0:teal=0.000,white=0.667,red=0.333,black=0.000],exposedIndex=3,distanceFromBottom=2; deck-constraint:10S->10S~]
  slot tableau:3:4 9D~ conf=0.81 rank=rank-png-strong@0.81 {9:0.81 8:0.80 2:0.78 K:0.78} suit=suit-png@0.96 {D:0.92 H:0.87} post=[ink-ratio:red=0.2222,black=0.0000,inkRed=true,inkRegion=header; cascade:firstFaceTop=837.7,bottomTop=1081.0,faceUpStep=48.90,geomCount=6,finalCount=6,bottomRank=Eight,leadingRank=King,rankCount=6,diff=0,applied=false,boundary=[not-face-down@faceDownCount=0:teal=0.000,white=0.667,red=0.333,black=0.000],exposedIndex=4,distanceFromBottom=1; deck-constraint:9D->9D~]
  slot tableau:3:5 8S conf=0.90 rank=rank-png-strong@0.90 {8:0.90 6:0.81 3:0.78 9:0.77} suit=suit-png@0.95 {S:0.95 C:0.88} post=[black-tiebreak:full=C0.88/S0.95,top=C0.79/S0.95,branch=wideMarginDirect->Spades; ink-ratio:red=0.0000,black=0.2200,inkRed=false; cascade:firstFaceTop=837.7,bottomTop=1081.0,faceUpStep=48.90,geomCount=6,finalCount=6,bottomRank=Eight,leadingRank=King,rankCount=6,diff=0,applied=false,boundary=[not-face-down@faceDownCount=0:teal=0.000,white=0.667,red=0.333,black=0.000]]
  slot tableau:4:1 5H conf=0.81 rank=rank-png-strong@0.81 {5:0.81 3:0.77 6:0.76 8:0.76} suit=suit-png@0.99 {H:0.95 D:0.81} post=[ink-ratio:red=0.2000,black=0.0000,inkRed=true; cascade:firstFaceTop=882.1,bottomTop=885.9,faceUpStep=48.90,geomCount=1,finalCount=1,bottomRank=Five,leadingRank=Five,rankCount=1,diff=0,applied=false,boundary=[ran-out-of-room]]
  slot tableau:5:4 9C~ conf=0.87 rank=rank-png-strong@0.87 {9:0.87 A:0.86 8:0.83 Q:0.82} suit=suit-png@0.93 {C:0.93 S:0.88} post=[black-tiebreak:full=C0.93/S0.88,top=C0.93/S0.82,shape=Spades@1.12;branch=topLeaderDirect->Clubs; ink-ratio:red=0.0000,black=0.1852,inkRed=false,inkRegion=header; cascade:firstFaceTop=1015.1,bottomTop=1276.0,faceUpStep=48.90,geomCount=6,finalCount=6,bottomRank=Four,leadingRank=Nine,rankCount=6,diff=0,applied=false,boundary=[not-face-down@faceDownCount=4:teal=0.315,white=0.593,red=0.000,black=0.056],exposedIndex=0,distanceFromBottom=5; deck-constraint:9C->9C~]
  slot tableau:5:5 8D~ conf=0.87 rank=rank-png-strong@0.87 {8:0.87 A:0.86 9:0.83 4:0.82} suit=suit-png@0.87 {D:0.87 H:0.76} post=[ink-ratio:red=0.1759,black=0.0370,inkRed=true,inkRegion=header; cascade:firstFaceTop=1015.1,bottomTop=1276.0,faceUpStep=48.90,geomCount=6,finalCount=6,bottomRank=Four,leadingRank=Nine,rankCount=6,diff=0,applied=false,boundary=[not-face-down@faceDownCount=4:teal=0.315,white=0.593,red=0.000,black=0.056],exposedIndex=1,distanceFromBottom=4; deck-constraint:8D->8D~]
  slot tableau:5:7 6D~ conf=0.87 rank=rank-png-strong@0.87 {6:0.87 A:0.83 4:0.81 8:0.81} suit=suit-png@0.87 {D:0.87 H:0.76} post=[ink-ratio:red=0.1852,black=0.0185,inkRed=true,inkRegion=header; cascade:firstFaceTop=1015.1,bottomTop=1276.0,faceUpStep=48.90,geomCount=6,finalCount=6,bottomRank=Four,leadingRank=Nine,rankCount=6,diff=0,applied=false,boundary=[not-face-down@faceDownCount=4:teal=0.315,white=0.593,red=0.000,black=0.056],exposedIndex=3,distanceFromBottom=2; deck-constraint:6D->6D~]
  slot tableau:5:8 5C~ conf=0.84 rank=rank-png-strong@0.84 {5:0.84 6:0.83 8:0.80 9:0.80} suit=suit-png@0.79 {C:0.79 D:0.79 H:0.72 S:0.67} post=[ink-ratio:red=0.0278,black=0.1759,inkRed=null,inkRegion=header; cascade:firstFaceTop=1015.1,bottomTop=1276.0,faceUpStep=48.90,geomCount=6,finalCount=6,bottomRank=Four,leadingRank=Nine,rankCount=6,diff=0,applied=false,boundary=[not-face-down@faceDownCount=4:teal=0.315,white=0.593,red=0.000,black=0.056],exposedIndex=4,distanceFromBottom=1; deck-constraint:5C->5C~]
  slot tableau:5:9 4H conf=0.89 rank=rank-png-strong@0.89 {4:0.89 A:0.74 J:0.71 8:0.66} suit=suit-png@0.99 {H:0.95 D:0.79} post=[ink-ratio:red=0.1875,black=0.0000,inkRed=true; cascade:firstFaceTop=1015.1,bottomTop=1276.0,faceUpStep=48.90,geomCount=6,finalCount=6,bottomRank=Four,leadingRank=Nine,rankCount=6,diff=0,applied=false,boundary=[not-face-down@faceDownCount=4:teal=0.315,white=0.593,red=0.000,black=0.056]]
  slot tableau:6:3 8C conf=0.93 rank=rank-png-strong@0.93 {8:0.93 9:0.84 6:0.83 A:0.83} suit=suit-png@0.91 {C:0.90 S:0.85} post=[black-tiebreak:full=C0.90/S0.85,top=C0.91/S0.83,shape=Spades@0.60;branch=topLeaderDirect->Clubs; ink-ratio:red=0.0000,black=0.2407,inkRed=false,inkRegion=header; cascade:firstFaceTop=970.7,bottomTop=1178.5,faceUpStep=48.90,geomCount=5,finalCount=5,bottomRank=Four,leadingRank=Eight,rankCount=5,diff=0,applied=false,boundary=[not-face-down@faceDownCount=3:teal=0.000,white=0.519,red=0.000,black=0.130],exposedIndex=0,distanceFromBottom=4]
  slot tableau:6:4 7D~ conf=0.95 rank=rank-png-strong@0.95 {7:0.95 2:0.86 3:0.77 J:0.76} suit=suit-png@0.98 {D:0.94 H:0.83} post=[ocr=miss:empty; ink-ratio:red=0.1759,black=0.0556,inkRed=true,inkRegion=header; cascade:firstFaceTop=970.7,bottomTop=1178.5,faceUpStep=48.90,geomCount=5,finalCount=5,bottomRank=Four,leadingRank=Eight,rankCount=5,diff=0,applied=false,boundary=[not-face-down@faceDownCount=3:teal=0.000,white=0.519,red=0.000,black=0.130],exposedIndex=1,distanceFromBottom=3; deck-constraint:7D->7D~]
  slot tableau:6:5 6C~ conf=0.92 rank=rank-png-strong@0.92 {6:0.92 A:0.83 8:0.83 5:0.83} suit=suit-png@0.92 {C:0.90 S:0.86} post=[black-tiebreak:full=C0.90/S0.86,top=C0.92/S0.84,shape=Spades@0.60;branch=topLeaderDirect->Clubs; ink-ratio:red=0.0000,black=0.2500,inkRed=false,inkRegion=header; cascade:firstFaceTop=970.7,bottomTop=1178.5,faceUpStep=48.90,geomCount=5,finalCount=5,bottomRank=Four,leadingRank=Eight,rankCount=5,diff=0,applied=false,boundary=[not-face-down@faceDownCount=3:teal=0.000,white=0.519,red=0.000,black=0.130],exposedIndex=2,distanceFromBottom=2; deck-constraint:6C->6C~]
  slot tableau:6:6 5D conf=0.94 rank=rank-png-strong@0.94 {5:0.94 6:0.83 K:0.81 9:0.80} suit=suit-png@0.96 {D:0.92 H:0.84} post=[ink-ratio:red=0.1574,black=0.0556,inkRed=true,inkRegion=header; cascade:firstFaceTop=970.7,bottomTop=1178.5,faceUpStep=48.90,geomCount=5,finalCount=5,bottomRank=Four,leadingRank=Eight,rankCount=5,diff=0,applied=false,boundary=[not-face-down@faceDownCount=3:teal=0.000,white=0.519,red=0.000,black=0.130],exposedIndex=3,distanceFromBottom=1]
  slot tableau:6:7 4C~ conf=0.91 rank=rank-png-strong@0.91 {4:0.91 A:0.73 J:0.72 8:0.66} suit=suit-png@0.86 {C:0.90 S:0.89} post=[black-tiebreak:full=C0.90/S0.89,top=C0.86/S0.82,shape=Clubs@0.36;branch=lowTopMargin-shapeLeader->Clubs; ink-ratio:red=0.0000,black=0.2222,inkRed=false; cascade:firstFaceTop=970.7,bottomTop=1178.5,faceUpStep=48.90,geomCount=5,finalCount=5,bottomRank=Four,leadingRank=Eight,rankCount=5,diff=0,applied=false,boundary=[not-face-down@faceDownCount=3:teal=0.000,white=0.519,red=0.000,black=0.130]; deck-constraint:4C->4C~]
  slot waste 4D conf=0.69 rank=rank-opencv@0.69 {5:0.47 Q:0.46 3:0.44 J:0.44} suit=suit-png@1.00 {D:0.96 H:0.82} post=[waste-fusion:legacy=Four_Diamonds,tight=Four_Diamonds; whole@756,503,895,713:ocr='4'@0.62; waste-ocr-rank:Four; ink-ratio:red=0.1502,black=0.0000,inkRed=true]
18:02:09.587 HOLD prev=Waste -> Foundation 1 vanished from ranked (raw=Draw from stock streak=1/2)
18:02:09.995 OUTCOME=ARROW status=Best: Draw from stock score=8.0 (draw) 395ms conf=0.84 known=24
  frame=1080x2340 elapsed=395ms conf=0.84 knownFaceUp=24
  timing: queueDelay=5ms detect=395ms select=4ms total=404ms
  move=Draw from stock score=8.0 rationale=draw
  runner-up:
    1. Foundation 1 -> Tableau 7 score=-57.0 (pull-from-foundation)
    2. Tableau 7 -> Tableau 5 score=-217.0 (defer-no-reveal-stack,reversible)
    3. Tableau 7 -> Tableau 4 score=-217.0 (defer-no-reveal-stack,reversible)
  from=(991,608) to=(828,608)
  signature=|Three_Diamonds;Two_Clubs;-;-|King_Hearts,Queen_Clubs,Jack_Hearts;;King_Clubs;King_Diamonds,Queen_Spades,Jack_Diamonds,Ten_Spades,Nine_Diamonds,Eight_Spades;D,Five_Hearts;D,D,D,D,Nine_Clubs,Eight_Diamonds,Seven_Clubs,Six_Diamonds,Five_Clubs,Four_Hearts;D,D,D,Eight_Clubs,Seven_Diamonds,Six_Clubs,Five_Diamonds,Four_Clubs
  diag: boardConfidence=0.85
  diag: profile=solitaire_smash_s25
  diag: stock=face-down-stock
  diag: foundation0=match-Three-Diamonds@0.79:TD
  diag: foundation1=match-Two-Clubs@0.83:TC
  diag: foundation2=empty-color:null
  diag: foundation3=empty-color:null
  diag: tableau0.faceScan=rowHeight=5.74,lastWhiteBottom=1130.3,whiteRows=50,minimumRows=7,breakY=1164.7
  diag: tableau0.region=937.5-1130.3
  diag: tableau0=King_Diamonds,Queen_Clubs,Jack_Diamonds
  diag: tableau1.faceScan=rowHeight=5.74,lastWhiteBottom=1027.0,whiteRows=1,minimumRows=7,breakY=1061.5
  diag: tableau1=
  diag: tableau2.faceScan=rowHeight=5.74,lastWhiteBottom=1032.8,whiteRows=34,minimumRows=7,breakY=1067.2
  diag: tableau2.region=840.0-1032.8
  diag: tableau2=King_Clubs
  diag: tableau3.faceScan=rowHeight=5.74,lastWhiteBottom=1273.7,whiteRows=73,minimumRows=7,breakY=1308.1
  diag: tableau3.region=1081.0-1273.7
  diag: tableau3=King_Diamonds,Queen_Clubs,Jack_Diamonds,Ten_Clubs,Nine_Diamonds,Eight_Clubs
  diag: tableau4.faceScan=rowHeight=5.74,lastWhiteBottom=1078.7,whiteRows=35,minimumRows=7,breakY=1113.1
  diag: tableau4.region=885.9-1078.7
  diag: tableau4=D,Five_Hearts
  diag: tableau5.faceScan=rowHeight=5.74,lastWhiteBottom=1468.8,whiteRows=78,minimumRows=7,breakY=1503.2
  diag: tableau5.region=1276.0-1468.8
  diag: tableau5=D,D,D,D,Nine_Clubs,Eight_Diamonds,Seven_Clubs,Six_Diamonds,Five_Clubs,Four_Diamonds
  diag: tableau6.faceScan=rowHeight=5.74,lastWhiteBottom=1371.2,whiteRows=70,minimumRows=7,breakY=1405.7
  diag: tableau6.region=1178.5-1371.2
  diag: tableau6=D,D,D,Eight_Clubs,Seven_Diamonds,Six_Clubs,Five_Diamonds,Four_Clubs
  diag: wasteOcr:relevant=false,ms=0,overlapped=false
  diag: waste=empty-color:null
  diag: waste-regions=exact:694-832:empty-color,legacy:750-907:empty-color
  diag: waste-rank-scores={Ace=0.0, Two=0.0, Three=0.0, Four=0.0, Five=0.0, Six=0.0, Seven=0.0, Eight=0.0, Nine=0.0, Ten=0.0, Jack=0.0, Queen=0.0, King=0.0}
  diag: waste-suit-scores={Hearts=0.0, Diamonds=0.0, Clubs=0.0, Spades=0.0}
  diag: livePlayScreen=true
  diag: gameFooter=true
  diag: lobbyScreen=false
  diag: knownFaceUp=24
  diag: timing:total=382ms,tableau=317ms[c0=153,c1=15,c2=16,c3=36,c4=18,c5=42,c6=37],scrub=0ms,deckConstraint=2ms,recognize:hits=30,misses=0,missTime=0ms,missReason:newKey=0,fingerprint=0,bounds=0
  recognition:
  slot foundation:0 3D conf=0.79 rank=rank-png-strong@0.79 {3:0.79 J:0.76 8:0.73 4:0.71} suit=suit-png@0.96 {D:0.92 H:0.82} post=[ink-ratio:red=0.1687,black=0.0000,inkRed=true]
  slot foundation:1 2C conf=0.83 rank=rank-png-strong@0.83 {2:0.83 7:0.77 J:0.72 3:0.72} suit=suit-png@0.81 {C:0.81 S:0.74} post=[black-tiebreak:full=C0.81/S0.74,top=C0.58/S0.52,branch=wideMarginDirect->Clubs; ink-ratio:red=0.0000,black=0.1811,inkRed=false]
  slot tableau:0 KH conf=0.89 rank=rank-png-strong@0.89 {K:0.89 6:0.82 8:0.80 5:0.79} suit=suit-png@0.99 {H:0.95 D:0.81} post=[ink-ratio:red=0.2685,black=0.0000,inkRed=true,inkRegion=header; cascade:firstFaceTop=837.7,bottomTop=937.5,faceUpStep=48.90,geomCount=3,finalCount=3,bottomRank=Jack,leadingRank=King,rankCount=3,diff=0,applied=false,boundary=[not-face-down@faceDownCount=0:teal=0.000,white=0.519,red=0.352,black=0.000],exposedIndex=0,distanceFromBottom=2]
  slot tableau:0:1 QC conf=0.86 rank=rank-png-strong@0.86 {Q:0.86 9:0.75 8:0.72 10:0.71} suit=suit-opencv@0.52 {S:0.91 C:0.89} post=[ocr=miss:empty; ink-ratio:red=0.0000,black=0.3426,inkRed=false,inkRegion=header; post-black-suit:Spades->Clubs; black-tiebreak2:full=C0.66/S0.66,top=C0.74/S0.69,shape=none;branch=topLeaderDirect->Clubs; cascade:firstFaceTop=837.7,bottomTop=937.5,faceUpStep=48.90,geomCount=3,finalCount=3,bottomRank=Jack,leadingRank=King,rankCount=3,diff=0,applied=false,boundary=[not-face-down@faceDownCount=0:teal=0.000,white=0.519,red=0.352,black=0.000],exposedIndex=1,distanceFromBottom=1; deck-constraint:QC~->QC]
  slot tableau:0:2 JH conf=0.83 rank=rank-png-strong@0.83 {J:0.83 4:0.71 7:0.70 3:0.68} suit=suit-png@0.98 {H:0.94 D:0.80} post=[ink-ratio:red=0.1689,black=0.0400,inkRed=true; cascade:firstFaceTop=837.7,bottomTop=937.5,faceUpStep=48.90,geomCount=3,finalCount=3,bottomRank=Jack,leadingRank=King,rankCount=3,diff=0,applied=false,boundary=[not-face-down@faceDownCount=0:teal=0.000,white=0.519,red=0.352,black=0.000]]
  slot tableau:2 KC conf=0.93 rank=rank-png-strong@0.93 {K:0.93 2:0.78 8:0.78 10:0.78} suit=suit-png@0.82 {S:0.90 C:0.88} post=[black-tiebreak:full=C0.88/S0.90,top=C0.82/S0.86,shape=Clubs@0.36;branch=topSpade-clubShapeVetoWins->Clubs; ink-ratio:red=0.0000,black=0.2361,inkRed=false; cascade:firstFaceTop=837.7,bottomTop=840.0,faceUpStep=48.90,geomCount=1,finalCount=1,bottomRank=King,leadingRank=King,rankCount=1,diff=0,applied=false,boundary=[ran-out-of-room]]
  slot tableau:3 KD conf=0.87 rank=rank-png-strong@0.87 {K:0.87 6:0.81 8:0.81 5:0.78} suit=suit-png@0.98 {D:0.94 H:0.84} post=[ink-ratio:red=0.2685,black=0.0000,inkRed=true,inkRegion=header; cascade:firstFaceTop=837.7,bottomTop=1081.0,faceUpStep=48.90,geomCount=6,finalCount=6,bottomRank=Eight,leadingRank=King,rankCount=6,diff=0,applied=false,boundary=[not-face-down@faceDownCount=0:teal=0.000,white=0.667,red=0.333,black=0.000],exposedIndex=0,distanceFromBottom=5]
  slot tableau:3:1 QS conf=0.91 rank=rank-png-strong@0.91 {Q:0.91 9:0.80 8:0.75 6:0.74} suit=suit-png@0.93 {S:0.93 C:0.87} post=[black-tiebreak:full=C0.87/S0.93,top=C0.81/S0.91,branch=wideMarginDirect->Spades; ink-ratio:red=0.0000,black=0.2778,inkRed=false,inkRegion=header; cascade:firstFaceTop=837.7,bottomTop=1081.0,faceUpStep=48.90,geomCount=6,finalCount=6,bottomRank=Eight,leadingRank=King,rankCount=6,diff=0,applied=false,boundary=[not-face-down@faceDownCount=0:teal=0.000,white=0.667,red=0.333,black=0.000],exposedIndex=1,distanceFromBottom=4]
  slot tableau:3:2 JD conf=0.88 rank=rank-png-strong@0.88 {J:0.88 4:0.82 7:0.73 A:0.72} suit=suit-png@0.97 {D:0.93 H:0.85} post=[ocr=miss:empty; ink-ratio:red=0.1759,black=0.0000,inkRed=true,inkRegion=header; cascade:firstFaceTop=837.7,bottomTop=1081.0,faceUpStep=48.90,geomCount=6,finalCount=6,bottomRank=Eight,leadingRank=King,rankCount=6,diff=0,applied=false,boundary=[not-face-down@faceDownCount=0:teal=0.000,white=0.667,red=0.333,black=0.000],exposedIndex=2,distanceFromBottom=3]
  slot tableau:3:3 10S~ conf=0.87 rank=rank-png-strong@0.87 {10:0.87 Q:0.74 8:0.71 9:0.70} suit=suit-png@0.89 {S:0.94 C:0.89} post=[black-tiebreak:full=C0.89/S0.94,top=C0.79/S0.89,shape=none;branch=topLeaderDirect->Spades; ink-ratio:red=0.0000,black=0.2870,inkRed=false,inkRegion=header; cascade:firstFaceTop=837.7,bottomTop=1081.0,faceUpStep=48.90,geomCount=6,finalCount=6,bottomRank=Eight,leadingRank=King,rankCount=6,diff=0,applied=false,boundary=[not-face-down@faceDownCount=0:teal=0.000,white=0.667,red=0.333,black=0.000],exposedIndex=3,distanceFromBottom=2; deck-constraint:10S->10S~]
  slot tableau:3:4 9D~ conf=0.81 rank=rank-png-strong@0.81 {9:0.81 8:0.80 2:0.78 K:0.78} suit=suit-png@0.96 {D:0.92 H:0.87} post=[ink-ratio:red=0.2222,black=0.0000,inkRed=true,inkRegion=header; cascade:firstFaceTop=837.7,bottomTop=1081.0,faceUpStep=48.90,geomCount=6,finalCount=6,bottomRank=Eight,leadingRank=King,rankCount=6,diff=0,applied=false,boundary=[not-face-down@faceDownCount=0:teal=0.000,white=0.667,red=0.333,black=0.000],exposedIndex=4,distanceFromBottom=1; deck-constraint:9D->9D~]
  slot tableau:3:5 8S conf=0.90 rank=rank-png-strong@0.90 {8:0.90 6:0.81 3:0.78 9:0.77} suit=suit-png@0.95 {S:0.95 C:0.88} post=[black-tiebreak:full=C0.88/S0.95,top=C0.79/S0.95,branch=wideMarginDirect->Spades; ink-ratio:red=0.0000,black=0.2200,inkRed=false; cascade:firstFaceTop=837.7,bottomTop=1081.0,faceUpStep=48.90,geomCount=6,finalCount=6,bottomRank=Eight,leadingRank=King,rankCount=6,diff=0,applied=false,boundary=[not-face-down@faceDownCount=0:teal=0.000,white=0.667,red=0.333,black=0.000]]
  slot tableau:4:1 5H conf=0.81 rank=rank-png-strong@0.81 {5:0.81 3:0.77 6:0.76 8:0.76} suit=suit-png@0.99 {H:0.95 D:0.81} post=[ink-ratio:red=0.2000,black=0.0000,inkRed=true; cascade:firstFaceTop=882.1,bottomTop=885.9,faceUpStep=48.90,geomCount=1,finalCount=1,bottomRank=Five,leadingRank=Five,rankCount=1,diff=0,applied=false,boundary=[ran-out-of-room]]
  slot tableau:5:4 9C~ conf=0.87 rank=rank-png-strong@0.87 {9:0.87 A:0.86 8:0.83 Q:0.82} suit=suit-png@0.93 {C:0.93 S:0.88} post=[black-tiebreak:full=C0.93/S0.88,top=C0.93/S0.82,shape=Spades@1.12;branch=topLeaderDirect->Clubs; ink-ratio:red=0.0000,black=0.1852,inkRed=false,inkRegion=header; cascade:firstFaceTop=1015.1,bottomTop=1276.0,faceUpStep=48.90,geomCount=6,finalCount=6,bottomRank=Four,leadingRank=Nine,rankCount=6,diff=0,applied=false,boundary=[not-face-down@faceDownCount=4:teal=0.315,white=0.593,red=0.000,black=0.056],exposedIndex=0,distanceFromBottom=5; deck-constraint:9C->9C~]
  slot tableau:5:5 8D~ conf=0.87 rank=rank-png-strong@0.87 {8:0.87 A:0.86 9:0.83 4:0.82} suit=suit-png@0.87 {D:0.87 H:0.76} post=[ink-ratio:red=0.1759,black=0.0370,inkRed=true,inkRegion=header; cascade:firstFaceTop=1015.1,bottomTop=1276.0,faceUpStep=48.90,geomCount=6,finalCount=6,bottomRank=Four,leadingRank=Nine,rankCount=6,diff=0,applied=false,boundary=[not-face-down@faceDownCount=4:teal=0.315,white=0.593,red=0.000,black=0.056],exposedIndex=1,distanceFromBottom=4; deck-constraint:8D->8D~]
  slot tableau:5:7 6D~ conf=0.87 rank=rank-png-strong@0.87 {6:0.87 A:0.83 4:0.81 8:0.81} suit=suit-png@0.87 {D:0.87 H:0.76} post=[ink-ratio:red=0.1852,black=0.0185,inkRed=true,inkRegion=header; cascade:firstFaceTop=1015.1,bottomTop=1276.0,faceUpStep=48.90,geomCount=6,finalCount=6,bottomRank=Four,leadingRank=Nine,rankCount=6,diff=0,applied=false,boundary=[not-face-down@faceDownCount=4:teal=0.315,white=0.593,red=0.000,black=0.056],exposedIndex=3,distanceFromBottom=2; deck-constraint:6D->6D~]
  slot tableau:5:8 5C~ conf=0.84 rank=rank-png-strong@0.84 {5:0.84 6:0.83 8:0.80 9:0.80} suit=suit-png@0.79 {C:0.79 D:0.79 H:0.72 S:0.67} post=[ink-ratio:red=0.0278,black=0.1759,inkRed=null,inkRegion=header; cascade:firstFaceTop=1015.1,bottomTop=1276.0,faceUpStep=48.90,geomCount=6,finalCount=6,bottomRank=Four,leadingRank=Nine,rankCount=6,diff=0,applied=false,boundary=[not-face-down@faceDownCount=4:teal=0.315,white=0.593,red=0.000,black=0.056],exposedIndex=4,distanceFromBottom=1; deck-constraint:5C->5C~]
  slot tableau:5:9 4H~ conf=0.89 rank=rank-png-strong@0.89 {4:0.89 A:0.74 J:0.71 8:0.66} suit=suit-png@0.99 {H:0.95 D:0.79} post=[ink-ratio:red=0.1875,black=0.0000,inkRed=true; cascade:firstFaceTop=1015.1,bottomTop=1276.0,faceUpStep=48.90,geomCount=6,finalCount=6,bottomRank=Four,leadingRank=Nine,rankCount=6,diff=0,applied=false,boundary=[not-face-down@faceDownCount=4:teal=0.315,white=0.593,red=0.000,black=0.056]; deck-constraint:4H->4H~]
  slot tableau:6:3 8C conf=0.93 rank=rank-png-strong@0.93 {8:0.93 9:0.84 6:0.83 A:0.83} suit=suit-png@0.91 {C:0.90 S:0.85} post=[black-tiebreak:full=C0.90/S0.85,top=C0.91/S0.83,shape=Spades@0.60;branch=topLeaderDirect->Clubs; ink-ratio:red=0.0000,black=0.2407,inkRed=false,inkRegion=header; cascade:firstFaceTop=970.7,bottomTop=1178.5,faceUpStep=48.90,geomCount=5,finalCount=5,bottomRank=Four,leadingRank=Eight,rankCount=5,diff=0,applied=false,boundary=[not-face-down@faceDownCount=3:teal=0.000,white=0.519,red=0.000,black=0.130],exposedIndex=0,distanceFromBottom=4]
  slot tableau:6:4 7D~ conf=0.95 rank=rank-png-strong@0.95 {7:0.95 2:0.86 3:0.77 J:0.76} suit=suit-png@0.98 {D:0.94 H:0.83} post=[ocr=miss:empty; ink-ratio:red=0.1759,black=0.0556,inkRed=true,inkRegion=header; cascade:firstFaceTop=970.7,bottomTop=1178.5,faceUpStep=48.90,geomCount=5,finalCount=5,bottomRank=Four,leadingRank=Eight,rankCount=5,diff=0,applied=false,boundary=[not-face-down@faceDownCount=3:teal=0.000,white=0.519,red=0.000,black=0.130],exposedIndex=1,distanceFromBottom=3; deck-constraint:7D->7D~]
  slot tableau:6:5 6C~ conf=0.92 rank=rank-png-strong@0.92 {6:0.92 A:0.83 8:0.83 5:0.83} suit=suit-png@0.92 {C:0.90 S:0.86} post=[black-tiebreak:full=C0.90/S0.86,top=C0.92/S0.84,shape=Spades@0.60;branch=topLeaderDirect->Clubs; ink-ratio:red=0.0000,black=0.2500,inkRed=false,inkRegion=header; cascade:firstFaceTop=970.7,bottomTop=1178.5,faceUpStep=48.90,geomCount=5,finalCount=5,bottomRank=Four,leadingRank=Eight,rankCount=5,diff=0,applied=false,boundary=[not-face-down@faceDownCount=3:teal=0.000,white=0.519,red=0.000,black=0.130],exposedIndex=2,distanceFromBottom=2; deck-constraint:6C->6C~]
  slot tableau:6:6 5D conf=0.94 rank=rank-png-strong@0.94 {5:0.94 6:0.83 K:0.81 9:0.80} suit=suit-png@0.96 {D:0.92 H:0.84} post=[ink-ratio:red=0.1574,black=0.0556,inkRed=true,inkRegion=header; cascade:firstFaceTop=970.7,bottomTop=1178.5,faceUpStep=48.90,geomCount=5,finalCount=5,bottomRank=Four,leadingRank=Eight,rankCount=5,diff=0,applied=false,boundary=[not-face-down@faceDownCount=3:teal=0.000,white=0.519,red=0.000,black=0.130],exposedIndex=3,distanceFromBottom=1]
  slot tableau:6:7 4C~ conf=0.91 rank=rank-png-strong@0.91 {4:0.91 A:0.73 J:0.72 8:0.66} suit=suit-png@0.86 {C:0.90 S:0.89} post=[black-tiebreak:full=C0.90/S0.89,top=C0.86/S0.82,shape=Clubs@0.36;branch=lowTopMargin-shapeLeader->Clubs; ink-ratio:red=0.0000,black=0.2222,inkRed=false; cascade:firstFaceTop=970.7,bottomTop=1178.5,faceUpStep=48.90,geomCount=5,finalCount=5,bottomRank=Four,leadingRank=Eight,rankCount=5,diff=0,applied=false,boundary=[not-face-down@faceDownCount=3:teal=0.000,white=0.519,red=0.000,black=0.130]; deck-constraint:4C->4C~]
18:02:11.391 OUTCOME=ARROW status=Best: Draw from stock score=8.0 (draw) 760ms conf=0.80 known=25
  frame=1080x2340 elapsed=760ms conf=0.80 knownFaceUp=25
  timing: queueDelay=118ms detect=760ms select=4ms total=882ms
  move=Draw from stock score=8.0 rationale=draw
  runner-up:
    1. Foundation 1 -> Tableau 7 score=-57.0 (pull-from-foundation)
    2. Tableau 7 -> Tableau 5 score=-217.0 (defer-no-reveal-stack,reversible)
    3. Tableau 7 -> Tableau 4 score=-217.0 (defer-no-reveal-stack,reversible)
  from=(991,608) to=(826,608)
  signature=Jack_Clubs|Three_Diamonds;Two_Clubs;-;-|King_Hearts,Queen_Clubs,Jack_Hearts;;King_Clubs;King_Diamonds,Queen_Spades,Jack_Diamonds,Ten_Spades,Nine_Diamonds,Eight_Spades;D,Five_Hearts;D,D,D,D,Nine_Clubs,Eight_Diamonds,Seven_Clubs,Six_Diamonds,Five_Clubs,Four_Hearts;D,D,D,Eight_Clubs,Seven_Diamonds,Six_Clubs,Five_Diamonds,Four_Clubs
  diag: boardConfidence=0.85
  diag: profile=solitaire_smash_s25
  diag: stock=face-down-stock
  diag: foundation0=match-Three-Diamonds@0.79:TD
  diag: foundation1=match-Two-Clubs@0.83:TC
  diag: foundation2=empty-color:null
  diag: foundation3=empty-color:null
  diag: tableau0.faceScan=rowHeight=5.74,lastWhiteBottom=1130.3,whiteRows=50,minimumRows=7,breakY=1164.7
  diag: tableau0.region=937.5-1130.3
  diag: tableau0=King_Diamonds,Queen_Clubs,Jack_Diamonds
  diag: tableau1.faceScan=rowHeight=5.74,lastWhiteBottom=1027.0,whiteRows=1,minimumRows=7,breakY=1061.5
  diag: tableau1=
  diag: tableau2.faceScan=rowHeight=5.74,lastWhiteBottom=1032.8,whiteRows=34,minimumRows=7,breakY=1067.2
  diag: tableau2.region=840.0-1032.8
  diag: tableau2=King_Clubs
  diag: tableau3.faceScan=rowHeight=5.74,lastWhiteBottom=1273.7,whiteRows=73,minimumRows=7,breakY=1308.1
  diag: tableau3.region=1081.0-1273.7
  diag: tableau3=King_Diamonds,Queen_Clubs,Jack_Diamonds,Ten_Clubs,Nine_Diamonds,Eight_Clubs
  diag: tableau4.faceScan=rowHeight=5.74,lastWhiteBottom=1078.7,whiteRows=35,minimumRows=7,breakY=1113.1
  diag: tableau4.region=885.9-1078.7
  diag: tableau4=D,Five_Hearts
  diag: tableau5.faceScan=rowHeight=5.74,lastWhiteBottom=1468.8,whiteRows=78,minimumRows=7,breakY=1503.2
  diag: tableau5.region=1276.0-1468.8
  diag: tableau5=D,D,D,D,Nine_Clubs,Eight_Diamonds,Seven_Clubs,Six_Diamonds,Five_Clubs,Four_Diamonds
  diag: tableau6.faceScan=rowHeight=5.74,lastWhiteBottom=1371.2,whiteRows=70,minimumRows=7,breakY=1405.7
  diag: tableau6.region=1178.5-1371.2
  diag: tableau6=D,D,D,Eight_Clubs,Seven_Diamonds,Six_Clubs,Five_Diamonds,Four_Clubs
  diag: wasteOcr:relevant=true,ms=131,overlapped=true
  diag: waste=fused-Jack-Clubs:JC
  diag: waste-regions=exact:757-895:match-Four-Clubs@0.56,legacy:750-907:match-Jack-Clubs@0.76
  diag: waste-rank-scores={Ace=0.38053098, Two=0.28167203, Three=0.37271005, Four=0.36214605, Five=0.40846825, Six=0.38226482, Seven=0.15696888, Eight=0.38154194, Nine=0.35785756, Ten=0.34920636, Jack=0.375, Queen=0.42412698, King=0.34129694}
  diag: waste-suit-scores={Clubs=0.79936475, Spades=0.7149271}
  diag: waste-disagreement=tight:Four_Clubs,legacy:Jack_Clubs
  diag: whole@756,503,895,713:ocr=miss:empty;corner@756,503,817,566:ocr='J'@0.62
  diag: waste-ocr-rank=Jack
  diag: livePlayScreen=true
  diag: gameFooter=true
  diag: lobbyScreen=false
  diag: knownFaceUp=25
  diag: timing:total=727ms,tableau=513ms[c0=273,c1=29,c2=19,c3=45,c4=45,c5=82,c6=19],scrub=0ms,deckConstraint=2ms,recognize:hits=24,misses=6,missTime=799ms,missReason:newKey=0,fingerprint=6,bounds=0
  recognition:
  slot foundation:0 3D conf=0.79 rank=rank-png-strong@0.79 {3:0.79 J:0.76 8:0.73 4:0.71} suit=suit-png@0.96 {D:0.92 H:0.82} post=[ink-ratio:red=0.1687,black=0.0000,inkRed=true]
  slot foundation:1 2C conf=0.83 rank=rank-png-strong@0.83 {2:0.83 7:0.77 J:0.72 3:0.72} suit=suit-png@0.81 {C:0.81 S:0.74} post=[black-tiebreak:full=C0.81/S0.74,top=C0.58/S0.52,branch=wideMarginDirect->Clubs; ink-ratio:red=0.0000,black=0.1811,inkRed=false]
  slot tableau:0 KH conf=0.89 rank=rank-png-strong@0.89 {K:0.89 6:0.82 8:0.80 5:0.79} suit=suit-png@0.99 {H:0.95 D:0.81} post=[ink-ratio:red=0.2685,black=0.0000,inkRed=true,inkRegion=header; cascade:firstFaceTop=837.7,bottomTop=937.5,faceUpStep=48.90,geomCount=3,finalCount=3,bottomRank=Jack,leadingRank=King,rankCount=3,diff=0,applied=false,boundary=[not-face-down@faceDownCount=0:teal=0.000,white=0.519,red=0.352,black=0.000],exposedIndex=0,distanceFromBottom=2]
  slot tableau:0:1 QC conf=0.86 rank=rank-png-strong@0.86 {Q:0.86 9:0.75 8:0.72 10:0.71} suit=suit-opencv@0.52 {S:0.91 C:0.89} post=[ocr=miss:empty; ink-ratio:red=0.0000,black=0.3426,inkRed=false,inkRegion=header; post-black-suit:Spades->Clubs; black-tiebreak2:full=C0.66/S0.66,top=C0.74/S0.69,shape=none;branch=topLeaderDirect->Clubs; cascade:firstFaceTop=837.7,bottomTop=937.5,faceUpStep=48.90,geomCount=3,finalCount=3,bottomRank=Jack,leadingRank=King,rankCount=3,diff=0,applied=false,boundary=[not-face-down@faceDownCount=0:teal=0.000,white=0.519,red=0.352,black=0.000],exposedIndex=1,distanceFromBottom=1; deck-constraint:QC~->QC]
  slot tableau:0:2 JH conf=0.83 rank=rank-png-strong@0.83 {J:0.83 4:0.71 7:0.70 3:0.68} suit=suit-png@0.98 {H:0.94 D:0.80} post=[ink-ratio:red=0.1689,black=0.0400,inkRed=true; cascade:firstFaceTop=837.7,bottomTop=937.5,faceUpStep=48.90,geomCount=3,finalCount=3,bottomRank=Jack,leadingRank=King,rankCount=3,diff=0,applied=false,boundary=[not-face-down@faceDownCount=0:teal=0.000,white=0.519,red=0.352,black=0.000]]
  slot tableau:2 KC conf=0.93 rank=rank-png-strong@0.93 {K:0.93 2:0.78 8:0.78 10:0.78} suit=suit-png@0.82 {S:0.90 C:0.88} post=[black-tiebreak:full=C0.88/S0.90,top=C0.82/S0.86,shape=Clubs@0.36;branch=topSpade-clubShapeVetoWins->Clubs; ink-ratio:red=0.0000,black=0.2361,inkRed=false; cascade:firstFaceTop=837.7,bottomTop=840.0,faceUpStep=48.90,geomCount=1,finalCount=1,bottomRank=King,leadingRank=King,rankCount=1,diff=0,applied=false,boundary=[ran-out-of-room]]
  slot tableau:3 KD conf=0.87 rank=rank-png-strong@0.87 {K:0.87 6:0.81 8:0.81 5:0.78} suit=suit-png@0.98 {D:0.94 H:0.84} post=[ink-ratio:red=0.2685,black=0.0000,inkRed=true,inkRegion=header; cascade:firstFaceTop=837.7,bottomTop=1081.0,faceUpStep=48.90,geomCount=6,finalCount=6,bottomRank=Eight,leadingRank=King,rankCount=6,diff=0,applied=false,boundary=[not-face-down@faceDownCount=0:teal=0.000,white=0.667,red=0.333,black=0.000],exposedIndex=0,distanceFromBottom=5]
  slot tableau:3:1 QS conf=0.91 rank=rank-png-strong@0.91 {Q:0.91 9:0.80 8:0.75 6:0.74} suit=suit-png@0.93 {S:0.93 C:0.87} post=[black-tiebreak:full=C0.87/S0.93,top=C0.81/S0.91,branch=wideMarginDirect->Spades; ink-ratio:red=0.0000,black=0.2778,inkRed=false,inkRegion=header; cascade:firstFaceTop=837.7,bottomTop=1081.0,faceUpStep=48.90,geomCount=6,finalCount=6,bottomRank=Eight,leadingRank=King,rankCount=6,diff=0,applied=false,boundary=[not-face-down@faceDownCount=0:teal=0.000,white=0.667,red=0.333,black=0.000],exposedIndex=1,distanceFromBottom=4]
  slot tableau:3:2 JD conf=0.88 rank=rank-png-strong@0.88 {J:0.88 4:0.82 7:0.73 A:0.72} suit=suit-png@0.97 {D:0.93 H:0.85} post=[ocr=miss:empty; ink-ratio:red=0.1759,black=0.0000,inkRed=true,inkRegion=header; cascade:firstFaceTop=837.7,bottomTop=1081.0,faceUpStep=48.90,geomCount=6,finalCount=6,bottomRank=Eight,leadingRank=King,rankCount=6,diff=0,applied=false,boundary=[not-face-down@faceDownCount=0:teal=0.000,white=0.667,red=0.333,black=0.000],exposedIndex=2,distanceFromBottom=3]
  slot tableau:3:3 10S~ conf=0.87 rank=rank-png-strong@0.87 {10:0.87 Q:0.74 8:0.71 9:0.70} suit=suit-png@0.89 {S:0.94 C:0.89} post=[black-tiebreak:full=C0.89/S0.94,top=C0.79/S0.89,shape=none;branch=topLeaderDirect->Spades; ink-ratio:red=0.0000,black=0.2870,inkRed=false,inkRegion=header; cascade:firstFaceTop=837.7,bottomTop=1081.0,faceUpStep=48.90,geomCount=6,finalCount=6,bottomRank=Eight,leadingRank=King,rankCount=6,diff=0,applied=false,boundary=[not-face-down@faceDownCount=0:teal=0.000,white=0.667,red=0.333,black=0.000],exposedIndex=3,distanceFromBottom=2; deck-constraint:10S->10S~]
  slot tableau:3:4 9D~ conf=0.81 rank=rank-png-strong@0.81 {9:0.81 8:0.80 2:0.78 K:0.78} suit=suit-png@0.96 {D:0.92 H:0.87} post=[ink-ratio:red=0.2222,black=0.0000,inkRed=true,inkRegion=header; cascade:firstFaceTop=837.7,bottomTop=1081.0,faceUpStep=48.90,geomCount=6,finalCount=6,bottomRank=Eight,leadingRank=King,rankCount=6,diff=0,applied=false,boundary=[not-face-down@faceDownCount=0:teal=0.000,white=0.667,red=0.333,black=0.000],exposedIndex=4,distanceFromBottom=1; deck-constraint:9D->9D~]
  slot tableau:3:5 8S conf=0.90 rank=rank-png-strong@0.90 {8:0.90 6:0.81 3:0.78 9:0.77} suit=suit-png@0.95 {S:0.95 C:0.88} post=[black-tiebreak:full=C0.88/S0.95,top=C0.79/S0.95,branch=wideMarginDirect->Spades; ink-ratio:red=0.0000,black=0.2200,inkRed=false; cascade:firstFaceTop=837.7,bottomTop=1081.0,faceUpStep=48.90,geomCount=6,finalCount=6,bottomRank=Eight,leadingRank=King,rankCount=6,diff=0,applied=false,boundary=[not-face-down@faceDownCount=0:teal=0.000,white=0.667,red=0.333,black=0.000]]
  slot tableau:4:1 5H conf=0.81 rank=rank-png-strong@0.81 {5:0.81 3:0.77 6:0.76 8:0.76} suit=suit-png@0.99 {H:0.95 D:0.81} post=[ink-ratio:red=0.2000,black=0.0000,inkRed=true; cascade:firstFaceTop=882.1,bottomTop=885.9,faceUpStep=48.90,geomCount=1,finalCount=1,bottomRank=Five,leadingRank=Five,rankCount=1,diff=0,applied=false,boundary=[ran-out-of-room]]
  slot tableau:5:4 9C~ conf=0.87 rank=rank-png-strong@0.87 {9:0.87 A:0.86 8:0.83 Q:0.82} suit=suit-png@0.93 {C:0.93 S:0.88} post=[black-tiebreak:full=C0.93/S0.88,top=C0.93/S0.82,shape=Spades@1.12;branch=topLeaderDirect->Clubs; ink-ratio:red=0.0000,black=0.1852,inkRed=false,inkRegion=header; cascade:firstFaceTop=1015.1,bottomTop=1276.0,faceUpStep=48.90,geomCount=6,finalCount=6,bottomRank=Four,leadingRank=Nine,rankCount=6,diff=0,applied=false,boundary=[not-face-down@faceDownCount=4:teal=0.315,white=0.593,red=0.000,black=0.056],exposedIndex=0,distanceFromBottom=5; deck-constraint:9C->9C~]
  slot tableau:5:5 8D~ conf=0.87 rank=rank-png-strong@0.87 {8:0.87 A:0.86 9:0.83 4:0.82} suit=suit-png@0.87 {D:0.87 H:0.76} post=[ink-ratio:red=0.1759,black=0.0370,inkRed=true,inkRegion=header; cascade:firstFaceTop=1015.1,bottomTop=1276.0,faceUpStep=48.90,geomCount=6,finalCount=6,bottomRank=Four,leadingRank=Nine,rankCount=6,diff=0,applied=false,boundary=[not-face-down@faceDownCount=4:teal=0.315,white=0.593,red=0.000,black=0.056],exposedIndex=1,distanceFromBottom=4; deck-constraint:8D->8D~]
  slot tableau:5:7 6D~ conf=0.87 rank=rank-png-strong@0.87 {6:0.87 A:0.83 4:0.81 8:0.81} suit=suit-png@0.87 {D:0.87 H:0.76} post=[ink-ratio:red=0.1852,black=0.0185,inkRed=true,inkRegion=header; cascade:firstFaceTop=1015.1,bottomTop=1276.0,faceUpStep=48.90,geomCount=6,finalCount=6,bottomRank=Four,leadingRank=Nine,rankCount=6,diff=0,applied=false,boundary=[not-face-down@faceDownCount=4:teal=0.315,white=0.593,red=0.000,black=0.056],exposedIndex=3,distanceFromBottom=2; deck-constraint:6D->6D~]
  slot tableau:5:8 5C~ conf=0.84 rank=rank-png-strong@0.84 {5:0.84 6:0.83 8:0.80 9:0.80} suit=suit-png@0.79 {C:0.79 D:0.79 H:0.72 S:0.67} post=[ink-ratio:red=0.0278,black=0.1759,inkRed=null,inkRegion=header; cascade:firstFaceTop=1015.1,bottomTop=1276.0,faceUpStep=48.90,geomCount=6,finalCount=6,bottomRank=Four,leadingRank=Nine,rankCount=6,diff=0,applied=false,boundary=[not-face-down@faceDownCount=4:teal=0.315,white=0.593,red=0.000,black=0.056],exposedIndex=4,distanceFromBottom=1; deck-constraint:5C->5C~]
  slot tableau:5:9 4H~ conf=0.89 rank=rank-png-strong@0.89 {4:0.89 A:0.74 J:0.71 8:0.66} suit=suit-png@0.99 {H:0.95 D:0.79} post=[ink-ratio:red=0.1875,black=0.0000,inkRed=true; cascade:firstFaceTop=1015.1,bottomTop=1276.0,faceUpStep=48.90,geomCount=6,finalCount=6,bottomRank=Four,leadingRank=Nine,rankCount=6,diff=0,applied=false,boundary=[not-face-down@faceDownCount=4:teal=0.315,white=0.593,red=0.000,black=0.056]; deck-constraint:4H->4H~]
  slot tableau:6:3 8C conf=0.93 rank=rank-png-strong@0.93 {8:0.93 9:0.84 6:0.83 A:0.83} suit=suit-png@0.91 {C:0.90 S:0.85} post=[black-tiebreak:full=C0.90/S0.85,top=C0.91/S0.83,shape=Spades@0.60;branch=topLeaderDirect->Clubs; ink-ratio:red=0.0000,black=0.2407,inkRed=false,inkRegion=header; cascade:firstFaceTop=970.7,bottomTop=1178.5,faceUpStep=48.90,geomCount=5,finalCount=5,bottomRank=Four,leadingRank=Eight,rankCount=5,diff=0,applied=false,boundary=[not-face-down@faceDownCount=3:teal=0.000,white=0.519,red=0.000,black=0.130],exposedIndex=0,distanceFromBottom=4]
  slot tableau:6:4 7D~ conf=0.95 rank=rank-png-strong@0.95 {7:0.95 2:0.86 3:0.77 J:0.76} suit=suit-png@0.98 {D:0.94 H:0.83} post=[ocr=miss:empty; ink-ratio:red=0.1759,black=0.0556,inkRed=true,inkRegion=header; cascade:firstFaceTop=970.7,bottomTop=1178.5,faceUpStep=48.90,geomCount=5,finalCount=5,bottomRank=Four,leadingRank=Eight,rankCount=5,diff=0,applied=false,boundary=[not-face-down@faceDownCount=3:teal=0.000,white=0.519,red=0.000,black=0.130],exposedIndex=1,distanceFromBottom=3; deck-constraint:7D->7D~]
  slot tableau:6:5 6C~ conf=0.92 rank=rank-png-strong@0.92 {6:0.92 A:0.83 8:0.83 5:0.83} suit=suit-png@0.92 {C:0.90 S:0.86} post=[black-tiebreak:full=C0.90/S0.86,top=C0.92/S0.84,shape=Spades@0.60;branch=topLeaderDirect->Clubs; ink-ratio:red=0.0000,black=0.2500,inkRed=false,inkRegion=header; cascade:firstFaceTop=970.7,bottomTop=1178.5,faceUpStep=48.90,geomCount=5,finalCount=5,bottomRank=Four,leadingRank=Eight,rankCount=5,diff=0,applied=false,boundary=[not-face-down@faceDownCount=3:teal=0.000,white=0.519,red=0.000,black=0.130],exposedIndex=2,distanceFromBottom=2; deck-constraint:6C->6C~]
  slot tableau:6:6 5D conf=0.94 rank=rank-png-strong@0.94 {5:0.94 6:0.83 K:0.81 9:0.80} suit=suit-png@0.96 {D:0.92 H:0.84} post=[ink-ratio:red=0.1574,black=0.0556,inkRed=true,inkRegion=header; cascade:firstFaceTop=970.7,bottomTop=1178.5,faceUpStep=48.90,geomCount=5,finalCount=5,bottomRank=Four,leadingRank=Eight,rankCount=5,diff=0,applied=false,boundary=[not-face-down@faceDownCount=3:teal=0.000,white=0.519,red=0.000,black=0.130],exposedIndex=3,distanceFromBottom=1]
  slot tableau:6:7 4C~ conf=0.91 rank=rank-png-strong@0.91 {4:0.91 A:0.73 J:0.72 8:0.66} suit=suit-png@0.86 {C:0.90 S:0.89} post=[black-tiebreak:full=C0.90/S0.89,top=C0.86/S0.82,shape=Clubs@0.36;branch=lowTopMargin-shapeLeader->Clubs; ink-ratio:red=0.0000,black=0.2222,inkRed=false; cascade:firstFaceTop=970.7,bottomTop=1178.5,faceUpStep=48.90,geomCount=5,finalCount=5,bottomRank=Four,leadingRank=Eight,rankCount=5,diff=0,applied=false,boundary=[not-face-down@faceDownCount=3:teal=0.000,white=0.519,red=0.000,black=0.130]; deck-constraint:4C->4C~]
  slot waste JC conf=0.76 rank=rank-opencv@0.56 {Q:0.42 5:0.41 6:0.38 8:0.38} suit=suit-png@0.80 {C:0.80 S:0.71} post=[waste-fusion:legacy=Jack_Clubs,tight=Four_Clubs; whole@756,503,895,713:ocr=miss:empty;corner@756,503,817,566:ocr='J'@0.62; waste-ocr-rank:Jack; black-tiebreak:full=C0.80/S0.71,top=C0.66/S0.53,branch=wideMarginDirect->Clubs; ink-ratio:red=0.0000,black=0.1157,inkRed=false; ocr=miss:empty; ink-ratio:red=0.0000,black=0.1358,inkRed=false]
18:02:13.359 OUTCOME=ARROW status=Best: Draw from stock score=8.0 (draw) 716ms conf=0.88 known=25
  frame=1080x2340 elapsed=716ms conf=0.88 knownFaceUp=25
  timing: queueDelay=110ms detect=716ms select=3ms total=829ms
  move=Draw from stock score=8.0 rationale=draw
  runner-up:
    1. Foundation 1 -> Tableau 7 score=-57.0 (pull-from-foundation)
    2. Tableau 7 -> Tableau 5 score=-217.0 (defer-no-reveal-stack,reversible)
    3. Tableau 7 -> Tableau 4 score=-217.0 (defer-no-reveal-stack,reversible)
  from=(991,608) to=(826,608)
  signature=Ten_Hearts|Three_Diamonds;Two_Clubs;-;-|King_Hearts,Queen_Clubs,Jack_Hearts;;King_Clubs;King_Diamonds,Queen_Spades,Jack_Diamonds,Ten_Spades,Nine_Diamonds,Eight_Spades;D,Five_Hearts;D,D,D,D,Nine_Clubs,Eight_Diamonds,Seven_Clubs,Six_Diamonds,Five_Clubs,Four_Hearts;D,D,D,Eight_Clubs,Seven_Diamonds,Six_Clubs,Five_Diamonds,Four_Clubs
  diag: boardConfidence=0.85
  diag: profile=solitaire_smash_s25
  diag: stock=face-down-stock
  diag: foundation0=match-Three-Diamonds@0.79:TD
  diag: foundation1=match-Two-Clubs@0.83:TC
  diag: foundation2=empty-color:null
  diag: foundation3=empty-color:null
  diag: tableau0.faceScan=rowHeight=5.74,lastWhiteBottom=1130.3,whiteRows=50,minimumRows=7,breakY=1164.7
  diag: tableau0.region=937.5-1130.3
  diag: tableau0=King_Diamonds,Queen_Clubs,Jack_Diamonds
  diag: tableau1.faceScan=rowHeight=5.74,lastWhiteBottom=1027.0,whiteRows=1,minimumRows=7,breakY=1061.5
  diag: tableau1=
  diag: tableau2.faceScan=rowHeight=5.74,lastWhiteBottom=1032.8,whiteRows=34,minimumRows=7,breakY=1067.2
  diag: tableau2.region=840.0-1032.8
  diag: tableau2=King_Clubs
  diag: tableau3.faceScan=rowHeight=5.74,lastWhiteBottom=1273.7,whiteRows=73,minimumRows=7,breakY=1308.1
  diag: tableau3.region=1081.0-1273.7
  diag: tableau3=King_Diamonds,Queen_Clubs,Jack_Diamonds,Ten_Clubs,Nine_Diamonds,Eight_Clubs
  diag: tableau4.faceScan=rowHeight=5.74,lastWhiteBottom=1078.7,whiteRows=35,minimumRows=7,breakY=1113.1
  diag: tableau4.region=885.9-1078.7
  diag: tableau4=D,Five_Hearts
  diag: tableau5.faceScan=rowHeight=5.74,lastWhiteBottom=1468.8,whiteRows=78,minimumRows=7,breakY=1503.2
  diag: tableau5.region=1276.0-1468.8
  diag: tableau5=D,D,D,D,Nine_Clubs,Eight_Diamonds,Seven_Clubs,Six_Diamonds,Five_Clubs,Four_Diamonds
  diag: tableau6.faceScan=rowHeight=5.74,lastWhiteBottom=1371.2,whiteRows=70,minimumRows=7,breakY=1405.7
  diag: tableau6.region=1178.5-1371.2
  diag: tableau6=D,D,D,Eight_Clubs,Seven_Diamonds,Six_Clubs,Five_Diamonds,Four_Clubs
  diag: wasteOcr:relevant=true,ms=160,overlapped=true
  diag: waste=fused-Ten-Hearts:TH
  diag: waste-regions=exact:757-895:face-up-color-red-rank=null,legacy:750-907:match-Ten-Hearts@0.95
  diag: waste-rank-scores={Ace=0.50678295, Two=0.535075, Three=0.5196698, Four=0.48671627, Five=0.54370797, Six=0.6097902, Seven=0.3930399, Eight=0.6012111, Nine=0.53057474, Ten=0.57326597, Jack=0.48502702, Queen=0.53047293, King=0.5416294}
  diag: waste-suit-scores={Hearts=0.9624604, Diamonds=0.874258, Clubs=0.76560456, Spades=0.8604459}
  diag: whole@756,503,895,713:ocr=miss:unparsed='OL';corner@756,503,817,566:ocr=miss:unparsed='OL';whole@749,503,907,713:ocr='10'@0.62
  diag: waste-ocr-rank=Ten
  diag: livePlayScreen=true
  diag: gameFooter=true
  diag: lobbyScreen=false
  diag: knownFaceUp=25
  diag: timing:total=714ms,tableau=534ms[c0=246,c1=13,c2=39,c3=66,c4=38,c5=66,c6=66],scrub=0ms,deckConstraint=2ms,recognize:hits=28,misses=2,missTime=270ms,missReason:newKey=0,fingerprint=2,bounds=0
  recognition:
  slot foundation:0 3D conf=0.79 rank=rank-png-strong@0.79 {3:0.79 J:0.76 8:0.73 4:0.71} suit=suit-png@0.96 {D:0.92 H:0.82} post=[ink-ratio:red=0.1687,black=0.0000,inkRed=true]
  slot foundation:1 2C conf=0.83 rank=rank-png-strong@0.83 {2:0.83 7:0.77 J:0.72 3:0.72} suit=suit-png@0.81 {C:0.81 S:0.74} post=[black-tiebreak:full=C0.81/S0.74,top=C0.58/S0.52,branch=wideMarginDirect->Clubs; ink-ratio:red=0.0000,black=0.1811,inkRed=false]
  slot tableau:0 KH conf=0.89 rank=rank-png-strong@0.89 {K:0.89 6:0.82 8:0.80 5:0.79} suit=suit-png@0.99 {H:0.95 D:0.81} post=[ink-ratio:red=0.2685,black=0.0000,inkRed=true,inkRegion=header; cascade:firstFaceTop=837.7,bottomTop=937.5,faceUpStep=48.90,geomCount=3,finalCount=3,bottomRank=Jack,leadingRank=King,rankCount=3,diff=0,applied=false,boundary=[not-face-down@faceDownCount=0:teal=0.000,white=0.519,red=0.352,black=0.000],exposedIndex=0,distanceFromBottom=2]
  slot tableau:0:1 QC conf=0.86 rank=rank-png-strong@0.86 {Q:0.86 9:0.75 8:0.72 10:0.71} suit=suit-opencv@0.52 {S:0.91 C:0.89} post=[ocr=miss:empty; ink-ratio:red=0.0000,black=0.3426,inkRed=false,inkRegion=header; post-black-suit:Spades->Clubs; black-tiebreak2:full=C0.66/S0.66,top=C0.74/S0.69,shape=none;branch=topLeaderDirect->Clubs; cascade:firstFaceTop=837.7,bottomTop=937.5,faceUpStep=48.90,geomCount=3,finalCount=3,bottomRank=Jack,leadingRank=King,rankCount=3,diff=0,applied=false,boundary=[not-face-down@faceDownCount=0:teal=0.000,white=0.519,red=0.352,black=0.000],exposedIndex=1,distanceFromBottom=1; deck-constraint:QC~->QC]
  slot tableau:0:2 JH conf=0.83 rank=rank-png-strong@0.83 {J:0.83 4:0.71 7:0.70 3:0.68} suit=suit-png@0.98 {H:0.94 D:0.80} post=[ink-ratio:red=0.1689,black=0.0400,inkRed=true; cascade:firstFaceTop=837.7,bottomTop=937.5,faceUpStep=48.90,geomCount=3,finalCount=3,bottomRank=Jack,leadingRank=King,rankCount=3,diff=0,applied=false,boundary=[not-face-down@faceDownCount=0:teal=0.000,white=0.519,red=0.352,black=0.000]]
  slot tableau:2 KC conf=0.93 rank=rank-png-strong@0.93 {K:0.93 2:0.78 8:0.78 10:0.78} suit=suit-png@0.82 {S:0.90 C:0.88} post=[black-tiebreak:full=C0.88/S0.90,top=C0.82/S0.86,shape=Clubs@0.36;branch=topSpade-clubShapeVetoWins->Clubs; ink-ratio:red=0.0000,black=0.2361,inkRed=false; cascade:firstFaceTop=837.7,bottomTop=840.0,faceUpStep=48.90,geomCount=1,finalCount=1,bottomRank=King,leadingRank=King,rankCount=1,diff=0,applied=false,boundary=[ran-out-of-room]]
  slot tableau:3 KD conf=0.87 rank=rank-png-strong@0.87 {K:0.87 6:0.81 8:0.81 5:0.78} suit=suit-png@0.98 {D:0.94 H:0.84} post=[ink-ratio:red=0.2685,black=0.0000,inkRed=true,inkRegion=header; cascade:firstFaceTop=837.7,bottomTop=1081.0,faceUpStep=48.90,geomCount=6,finalCount=6,bottomRank=Eight,leadingRank=King,rankCount=6,diff=0,applied=false,boundary=[not-face-down@faceDownCount=0:teal=0.000,white=0.667,red=0.333,black=0.000],exposedIndex=0,distanceFromBottom=5]
  slot tableau:3:1 QS conf=0.91 rank=rank-png-strong@0.91 {Q:0.91 9:0.80 8:0.75 6:0.74} suit=suit-png@0.93 {S:0.93 C:0.87} post=[black-tiebreak:full=C0.87/S0.93,top=C0.81/S0.91,branch=wideMarginDirect->Spades; ink-ratio:red=0.0000,black=0.2778,inkRed=false,inkRegion=header; cascade:firstFaceTop=837.7,bottomTop=1081.0,faceUpStep=48.90,geomCount=6,finalCount=6,bottomRank=Eight,leadingRank=King,rankCount=6,diff=0,applied=false,boundary=[not-face-down@faceDownCount=0:teal=0.000,white=0.667,red=0.333,black=0.000],exposedIndex=1,distanceFromBottom=4]
  slot tableau:3:2 JD conf=0.88 rank=rank-png-strong@0.88 {J:0.88 4:0.82 7:0.73 A:0.72} suit=suit-png@0.97 {D:0.93 H:0.85} post=[ocr=miss:empty; ink-ratio:red=0.1759,black=0.0000,inkRed=true,inkRegion=header; cascade:firstFaceTop=837.7,bottomTop=1081.0,faceUpStep=48.90,geomCount=6,finalCount=6,bottomRank=Eight,leadingRank=King,rankCount=6,diff=0,applied=false,boundary=[not-face-down@faceDownCount=0:teal=0.000,white=0.667,red=0.333,black=0.000],exposedIndex=2,distanceFromBottom=3]
  slot tableau:3:3 10S~ conf=0.87 rank=rank-png-strong@0.87 {10:0.87 Q:0.74 8:0.71 9:0.70} suit=suit-png@0.89 {S:0.94 C:0.89} post=[black-tiebreak:full=C0.89/S0.94,top=C0.79/S0.89,shape=none;branch=topLeaderDirect->Spades; ink-ratio:red=0.0000,black=0.2870,inkRed=false,inkRegion=header; cascade:firstFaceTop=837.7,bottomTop=1081.0,faceUpStep=48.90,geomCount=6,finalCount=6,bottomRank=Eight,leadingRank=King,rankCount=6,diff=0,applied=false,boundary=[not-face-down@faceDownCount=0:teal=0.000,white=0.667,red=0.333,black=0.000],exposedIndex=3,distanceFromBottom=2; deck-constraint:10S->10S~]
  slot tableau:3:4 9D~ conf=0.81 rank=rank-png-strong@0.81 {9:0.81 8:0.80 2:0.78 K:0.78} suit=suit-png@0.96 {D:0.92 H:0.87} post=[ink-ratio:red=0.2222,black=0.0000,inkRed=true,inkRegion=header; cascade:firstFaceTop=837.7,bottomTop=1081.0,faceUpStep=48.90,geomCount=6,finalCount=6,bottomRank=Eight,leadingRank=King,rankCount=6,diff=0,applied=false,boundary=[not-face-down@faceDownCount=0:teal=0.000,white=0.667,red=0.333,black=0.000],exposedIndex=4,distanceFromBottom=1; deck-constraint:9D->9D~]
  slot tableau:3:5 8S conf=0.90 rank=rank-png-strong@0.90 {8:0.90 6:0.81 3:0.78 9:0.77} suit=suit-png@0.95 {S:0.95 C:0.88} post=[black-tiebreak:full=C0.88/S0.95,top=C0.79/S0.95,branch=wideMarginDirect->Spades; ink-ratio:red=0.0000,black=0.2200,inkRed=false; cascade:firstFaceTop=837.7,bottomTop=1081.0,faceUpStep=48.90,geomCount=6,finalCount=6,bottomRank=Eight,leadingRank=King,rankCount=6,diff=0,applied=false,boundary=[not-face-down@faceDownCount=0:teal=0.000,white=0.667,red=0.333,black=0.000]]
  slot tableau:4:1 5H conf=0.81 rank=rank-png-strong@0.81 {5:0.81 3:0.77 6:0.76 8:0.76} suit=suit-png@0.99 {H:0.95 D:0.81} post=[ink-ratio:red=0.2000,black=0.0000,inkRed=true; cascade:firstFaceTop=882.1,bottomTop=885.9,faceUpStep=48.90,geomCount=1,finalCount=1,bottomRank=Five,leadingRank=Five,rankCount=1,diff=0,applied=false,boundary=[ran-out-of-room]]
  slot tableau:5:4 9C~ conf=0.87 rank=rank-png-strong@0.87 {9:0.87 A:0.86 8:0.83 Q:0.82} suit=suit-png@0.93 {C:0.93 S:0.88} post=[black-tiebreak:full=C0.93/S0.88,top=C0.93/S0.82,shape=Spades@1.12;branch=topLeaderDirect->Clubs; ink-ratio:red=0.0000,black=0.1852,inkRed=false,inkRegion=header; cascade:firstFaceTop=1015.1,bottomTop=1276.0,faceUpStep=48.90,geomCount=6,finalCount=6,bottomRank=Four,leadingRank=Nine,rankCount=6,diff=0,applied=false,boundary=[not-face-down@faceDownCount=4:teal=0.315,white=0.593,red=0.000,black=0.056],exposedIndex=0,distanceFromBottom=5; deck-constraint:9C->9C~]
  slot tableau:5:5 8D~ conf=0.87 rank=rank-png-strong@0.87 {8:0.87 A:0.86 9:0.83 4:0.82} suit=suit-png@0.87 {D:0.87 H:0.76} post=[ink-ratio:red=0.1759,black=0.0370,inkRed=true,inkRegion=header; cascade:firstFaceTop=1015.1,bottomTop=1276.0,faceUpStep=48.90,geomCount=6,finalCount=6,bottomRank=Four,leadingRank=Nine,rankCount=6,diff=0,applied=false,boundary=[not-face-down@faceDownCount=4:teal=0.315,white=0.593,red=0.000,black=0.056],exposedIndex=1,distanceFromBottom=4; deck-constraint:8D->8D~]
  slot tableau:5:7 6D~ conf=0.87 rank=rank-png-strong@0.87 {6:0.87 A:0.83 4:0.81 8:0.81} suit=suit-png@0.87 {D:0.87 H:0.76} post=[ink-ratio:red=0.1852,black=0.0185,inkRed=true,inkRegion=header; cascade:firstFaceTop=1015.1,bottomTop=1276.0,faceUpStep=48.90,geomCount=6,finalCount=6,bottomRank=Four,leadingRank=Nine,rankCount=6,diff=0,applied=false,boundary=[not-face-down@faceDownCount=4:teal=0.315,white=0.593,red=0.000,black=0.056],exposedIndex=3,distanceFromBottom=2; deck-constraint:6D->6D~]
  slot tableau:5:8 5C~ conf=0.84 rank=rank-png-strong@0.84 {5:0.84 6:0.83 8:0.80 9:0.80} suit=suit-png@0.79 {C:0.79 D:0.79 H:0.72 S:0.67} post=[ink-ratio:red=0.0278,black=0.1759,inkRed=null,inkRegion=header; cascade:firstFaceTop=1015.1,bottomTop=1276.0,faceUpStep=48.90,geomCount=6,finalCount=6,bottomRank=Four,leadingRank=Nine,rankCount=6,diff=0,applied=false,boundary=[not-face-down@faceDownCount=4:teal=0.315,white=0.593,red=0.000,black=0.056],exposedIndex=4,distanceFromBottom=1; deck-constraint:5C->5C~]
  slot tableau:5:9 4H~ conf=0.89 rank=rank-png-strong@0.89 {4:0.89 A:0.74 J:0.71 8:0.66} suit=suit-png@0.99 {H:0.95 D:0.79} post=[ink-ratio:red=0.1875,black=0.0000,inkRed=true; cascade:firstFaceTop=1015.1,bottomTop=1276.0,faceUpStep=48.90,geomCount=6,finalCount=6,bottomRank=Four,leadingRank=Nine,rankCount=6,diff=0,applied=false,boundary=[not-face-down@faceDownCount=4:teal=0.315,white=0.593,red=0.000,black=0.056]; deck-constraint:4H->4H~]
  slot tableau:6:3 8C conf=0.93 rank=rank-png-strong@0.93 {8:0.93 9:0.84 6:0.83 A:0.83} suit=suit-png@0.91 {C:0.90 S:0.85} post=[black-tiebreak:full=C0.90/S0.85,top=C0.91/S0.83,shape=Spades@0.60;branch=topLeaderDirect->Clubs; ink-ratio:red=0.0000,black=0.2407,inkRed=false,inkRegion=header; cascade:firstFaceTop=970.7,bottomTop=1178.5,faceUpStep=48.90,geomCount=5,finalCount=5,bottomRank=Four,leadingRank=Eight,rankCount=5,diff=0,applied=false,boundary=[not-face-down@faceDownCount=3:teal=0.000,white=0.519,red=0.000,black=0.130],exposedIndex=0,distanceFromBottom=4]
  slot tableau:6:4 7D~ conf=0.95 rank=rank-png-strong@0.95 {7:0.95 2:0.86 3:0.77 J:0.76} suit=suit-png@0.98 {D:0.94 H:0.83} post=[ocr=miss:empty; ink-ratio:red=0.1759,black=0.0556,inkRed=true,inkRegion=header; cascade:firstFaceTop=970.7,bottomTop=1178.5,faceUpStep=48.90,geomCount=5,finalCount=5,bottomRank=Four,leadingRank=Eight,rankCount=5,diff=0,applied=false,boundary=[not-face-down@faceDownCount=3:teal=0.000,white=0.519,red=0.000,black=0.130],exposedIndex=1,distanceFromBottom=3; deck-constraint:7D->7D~]
  slot tableau:6:5 6C~ conf=0.92 rank=rank-png-strong@0.92 {6:0.92 A:0.83 8:0.83 5:0.83} suit=suit-png@0.92 {C:0.90 S:0.86} post=[black-tiebreak:full=C0.90/S0.86,top=C0.92/S0.84,shape=Spades@0.60;branch=topLeaderDirect->Clubs; ink-ratio:red=0.0000,black=0.2500,inkRed=false,inkRegion=header; cascade:firstFaceTop=970.7,bottomTop=1178.5,faceUpStep=48.90,geomCount=5,finalCount=5,bottomRank=Four,leadingRank=Eight,rankCount=5,diff=0,applied=false,boundary=[not-face-down@faceDownCount=3:teal=0.000,white=0.519,red=0.000,black=0.130],exposedIndex=2,distanceFromBottom=2; deck-constraint:6C->6C~]
  slot tableau:6:6 5D conf=0.94 rank=rank-png-strong@0.94 {5:0.94 6:0.83 K:0.81 9:0.80} suit=suit-png@0.96 {D:0.92 H:0.84} post=[ink-ratio:red=0.1574,black=0.0556,inkRed=true,inkRegion=header; cascade:firstFaceTop=970.7,bottomTop=1178.5,faceUpStep=48.90,geomCount=5,finalCount=5,bottomRank=Four,leadingRank=Eight,rankCount=5,diff=0,applied=false,boundary=[not-face-down@faceDownCount=3:teal=0.000,white=0.519,red=0.000,black=0.130],exposedIndex=3,distanceFromBottom=1]
  slot tableau:6:7 4C~ conf=0.91 rank=rank-png-strong@0.91 {4:0.91 A:0.73 J:0.72 8:0.66} suit=suit-png@0.86 {C:0.90 S:0.89} post=[black-tiebreak:full=C0.90/S0.89,top=C0.86/S0.82,shape=Clubs@0.36;branch=lowTopMargin-shapeLeader->Clubs; ink-ratio:red=0.0000,black=0.2222,inkRed=false; cascade:firstFaceTop=970.7,bottomTop=1178.5,faceUpStep=48.90,geomCount=5,finalCount=5,bottomRank=Four,leadingRank=Eight,rankCount=5,diff=0,applied=false,boundary=[not-face-down@faceDownCount=3:teal=0.000,white=0.519,red=0.000,black=0.130]; deck-constraint:4C->4C~]
  slot waste 10H conf=0.95 rank=rank-png-strong@0.95 {6:0.61 8:0.60 10:0.57 5:0.54} suit=suit-png@0.96 {H:0.96 D:0.87} post=[waste-fusion:legacy=Ten_Hearts,tight=null; whole@756,503,895,713:ocr=miss:unparsed='OL';corner@756,503,817,566:ocr=miss:unparsed='OL';whole@749,503,907,713:ocr='10'@0.62; waste-ocr-rank:Ten; ink-ratio:red=0.2685,black=0.0000,inkRed=true; ocr=miss:unparsed='OL'; ink-ratio:red=0.2984,black=0.0000,inkRed=true]
18:02:13.887 OUTCOME=ARROW status=Best: Draw from stock score=8.0 (draw) 164ms conf=0.70 known=24
  frame=1080x2340 elapsed=164ms conf=0.70 knownFaceUp=24
  timing: queueDelay=1ms detect=164ms select=2ms total=167ms
  move=Draw from stock score=8.0 rationale=draw
  runner-up:
    1. Foundation 1 -> Tableau 7 score=-57.0 (pull-from-foundation)
    2. Tableau 7 -> Tableau 5 score=-217.0 (defer-no-reveal-stack,reversible)
    3. Tableau 7 -> Tableau 4 score=-217.0 (defer-no-reveal-stack,reversible)
  from=(991,608) to=(828,608)
  signature=|Three_Diamonds;Two_Clubs;-;-|King_Hearts,Queen_Clubs,Jack_Hearts;;King_Clubs;King_Diamonds,Queen_Spades,Jack_Diamonds,Ten_Spades,Nine_Diamonds,Eight_Spades;D,Five_Hearts;D,D,D,D,Nine_Clubs,Eight_Diamonds,Seven_Clubs,Six_Diamonds,Five_Clubs,Four_Hearts;D,D,D,Eight_Clubs,Seven_Diamonds,Six_Clubs,Five_Diamonds,Four_Clubs
  diag: boardConfidence=0.85
  diag: profile=solitaire_smash_s25
  diag: stock=face-down-stock
  diag: foundation0=match-Three-Diamonds@0.79:TD
  diag: foundation1=match-Two-Clubs@0.83:TC
  diag: foundation2=empty-color:null
  diag: foundation3=empty-color:null
  diag: tableau0.faceScan=rowHeight=5.74,lastWhiteBottom=1130.3,whiteRows=50,minimumRows=7,breakY=1164.7
  diag: tableau0.region=937.5-1130.3
  diag: tableau0=King_Diamonds,Queen_Clubs,Jack_Diamonds
  diag: tableau1.faceScan=rowHeight=5.74,lastWhiteBottom=1027.0,whiteRows=1,minimumRows=7,breakY=1061.5
  diag: tableau1=
  diag: tableau2.faceScan=rowHeight=5.74,lastWhiteBottom=1032.8,whiteRows=34,minimumRows=7,breakY=1067.2
  diag: tableau2.region=840.0-1032.8
  diag: tableau2=King_Clubs
  diag: tableau3.faceScan=rowHeight=5.74,lastWhiteBottom=1273.7,whiteRows=73,minimumRows=7,breakY=1308.1
  diag: tableau3.region=1081.0-1273.7
  diag: tableau3=King_Diamonds,Queen_Clubs,Jack_Diamonds,Ten_Clubs,Nine_Diamonds,Eight_Clubs
  diag: tableau4.faceScan=rowHeight=5.74,lastWhiteBottom=1078.7,whiteRows=35,minimumRows=7,breakY=1113.1
  diag: tableau4.region=885.9-1078.7
  diag: tableau4=D,Five_Hearts
  diag: tableau5.faceScan=rowHeight=5.74,lastWhiteBottom=1468.8,whiteRows=78,minimumRows=7,breakY=1503.2
  diag: tableau5.region=1276.0-1468.8
  diag: tableau5=D,D,D,D,Nine_Clubs,Eight_Diamonds,Seven_Clubs,Six_Diamonds,Five_Clubs,Four_Diamonds
  diag: tableau6.faceScan=rowHeight=5.74,lastWhiteBottom=1371.2,whiteRows=70,minimumRows=7,breakY=1405.7
  diag: tableau6.region=1178.5-1371.2
  diag: tableau6=D,D,D,Eight_Clubs,Seven_Diamonds,Six_Clubs,Five_Diamonds,Four_Clubs
  diag: wasteOcr:relevant=false,ms=0,overlapped=false
  diag: waste=no-card-face:null
  diag: waste-regions=exact:713-851:no-card-face,legacy:750-907:no-card-face
  diag: waste-rank-scores={Ace=0.56267107, Two=0.59150326, Three=0.48249453, Four=0.5960024, Five=0.3695763, Six=0.4535005, Seven=0.5143221, Eight=0.43964154, Nine=0.4248971, Ten=0.51416796, Jack=0.57177615, Queen=0.4087912, King=0.52917504}
  diag: waste-suit-scores={Hearts=0.0, Diamonds=0.0, Clubs=0.0, Spades=0.0}
  diag: livePlayScreen=true
  diag: gameFooter=true
  diag: lobbyScreen=false
  diag: knownFaceUp=24
  diag: timing:total=154ms,tableau=394ms[c0=132,c1=33,c2=37,c3=46,c4=33,c5=61,c6=52],scrub=0ms,deckConstraint=1ms,recognize:hits=28,misses=2,missTime=1ms,missReason:newKey=0,fingerprint=2,bounds=0
  recognition:
  slot foundation:0 3D conf=0.79 rank=rank-png-strong@0.79 {3:0.79 J:0.76 8:0.73 4:0.71} suit=suit-png@0.96 {D:0.92 H:0.82} post=[ink-ratio:red=0.1687,black=0.0000,inkRed=true]
  slot foundation:1 2C conf=0.83 rank=rank-png-strong@0.83 {2:0.83 7:0.77 J:0.72 3:0.72} suit=suit-png@0.81 {C:0.81 S:0.74} post=[black-tiebreak:full=C0.81/S0.74,top=C0.58/S0.52,branch=wideMarginDirect->Clubs; ink-ratio:red=0.0000,black=0.1811,inkRed=false]
  slot tableau:0 KH conf=0.89 rank=rank-png-strong@0.89 {K:0.89 6:0.82 8:0.80 5:0.79} suit=suit-png@0.99 {H:0.95 D:0.81} post=[ink-ratio:red=0.2685,black=0.0000,inkRed=true,inkRegion=header; cascade:firstFaceTop=837.7,bottomTop=937.5,faceUpStep=48.90,geomCount=3,finalCount=3,bottomRank=Jack,leadingRank=King,rankCount=3,diff=0,applied=false,boundary=[not-face-down@faceDownCount=0:teal=0.000,white=0.519,red=0.352,black=0.000],exposedIndex=0,distanceFromBottom=2]
  slot tableau:0:1 QC conf=0.86 rank=rank-png-strong@0.86 {Q:0.86 9:0.75 8:0.72 10:0.71} suit=suit-opencv@0.52 {S:0.91 C:0.89} post=[ocr=miss:empty; ink-ratio:red=0.0000,black=0.3426,inkRed=false,inkRegion=header; post-black-suit:Spades->Clubs; black-tiebreak2:full=C0.66/S0.66,top=C0.74/S0.69,shape=none;branch=topLeaderDirect->Clubs; cascade:firstFaceTop=837.7,bottomTop=937.5,faceUpStep=48.90,geomCount=3,finalCount=3,bottomRank=Jack,leadingRank=King,rankCount=3,diff=0,applied=false,boundary=[not-face-down@faceDownCount=0:teal=0.000,white=0.519,red=0.352,black=0.000],exposedIndex=1,distanceFromBottom=1; deck-constraint:QC~->QC]
  slot tableau:0:2 JH conf=0.83 rank=rank-png-strong@0.83 {J:0.83 4:0.71 7:0.70 3:0.68} suit=suit-png@0.98 {H:0.94 D:0.80} post=[ink-ratio:red=0.1689,black=0.0400,inkRed=true; cascade:firstFaceTop=837.7,bottomTop=937.5,faceUpStep=48.90,geomCount=3,finalCount=3,bottomRank=Jack,leadingRank=King,rankCount=3,diff=0,applied=false,boundary=[not-face-down@faceDownCount=0:teal=0.000,white=0.519,red=0.352,black=0.000]]
  slot tableau:2 KC conf=0.93 rank=rank-png-strong@0.93 {K:0.93 2:0.78 8:0.78 10:0.78} suit=suit-png@0.82 {S:0.90 C:0.88} post=[black-tiebreak:full=C0.88/S0.90,top=C0.82/S0.86,shape=Clubs@0.36;branch=topSpade-clubShapeVetoWins->Clubs; ink-ratio:red=0.0000,black=0.2361,inkRed=false; cascade:firstFaceTop=837.7,bottomTop=840.0,faceUpStep=48.90,geomCount=1,finalCount=1,bottomRank=King,leadingRank=King,rankCount=1,diff=0,applied=false,boundary=[ran-out-of-room]]
  slot tableau:3 KD conf=0.87 rank=rank-png-strong@0.87 {K:0.87 6:0.81 8:0.81 5:0.78} suit=suit-png@0.98 {D:0.94 H:0.84} post=[ink-ratio:red=0.2685,black=0.0000,inkRed=true,inkRegion=header; cascade:firstFaceTop=837.7,bottomTop=1081.0,faceUpStep=48.90,geomCount=6,finalCount=6,bottomRank=Eight,leadingRank=King,rankCount=6,diff=0,applied=false,boundary=[not-face-down@faceDownCount=0:teal=0.000,white=0.667,red=0.333,black=0.000],exposedIndex=0,distanceFromBottom=5]
  slot tableau:3:1 QS conf=0.91 rank=rank-png-strong@0.91 {Q:0.91 9:0.80 8:0.75 6:0.74} suit=suit-png@0.93 {S:0.93 C:0.87} post=[black-tiebreak:full=C0.87/S0.93,top=C0.81/S0.91,branch=wideMarginDirect->Spades; ink-ratio:red=0.0000,black=0.2778,inkRed=false,inkRegion=header; cascade:firstFaceTop=837.7,bottomTop=1081.0,faceUpStep=48.90,geomCount=6,finalCount=6,bottomRank=Eight,leadingRank=King,rankCount=6,diff=0,applied=false,boundary=[not-face-down@faceDownCount=0:teal=0.000,white=0.667,red=0.333,black=0.000],exposedIndex=1,distanceFromBottom=4]
  slot tableau:3:2 JD conf=0.88 rank=rank-png-strong@0.88 {J:0.88 4:0.82 7:0.73 A:0.72} suit=suit-png@0.97 {D:0.93 H:0.85} post=[ocr=miss:empty; ink-ratio:red=0.1759,black=0.0000,inkRed=true,inkRegion=header; cascade:firstFaceTop=837.7,bottomTop=1081.0,faceUpStep=48.90,geomCount=6,finalCount=6,bottomRank=Eight,leadingRank=King,rankCount=6,diff=0,applied=false,boundary=[not-face-down@faceDownCount=0:teal=0.000,white=0.667,red=0.333,black=0.000],exposedIndex=2,distanceFromBottom=3]
  slot tableau:3:3 10S~ conf=0.87 rank=rank-png-strong@0.87 {10:0.87 Q:0.74 8:0.71 9:0.70} suit=suit-png@0.89 {S:0.94 C:0.89} post=[black-tiebreak:full=C0.89/S0.94,top=C0.79/S0.89,shape=none;branch=topLeaderDirect->Spades; ink-ratio:red=0.0000,black=0.2870,inkRed=false,inkRegion=header; cascade:firstFaceTop=837.7,bottomTop=1081.0,faceUpStep=48.90,geomCount=6,finalCount=6,bottomRank=Eight,leadingRank=King,rankCount=6,diff=0,applied=false,boundary=[not-face-down@faceDownCount=0:teal=0.000,white=0.667,red=0.333,black=0.000],exposedIndex=3,distanceFromBottom=2; deck-constraint:10S->10S~]
  slot tableau:3:4 9D~ conf=0.81 rank=rank-png-strong@0.81 {9:0.81 8:0.80 2:0.78 K:0.78} suit=suit-png@0.96 {D:0.92 H:0.87} post=[ink-ratio:red=0.2222,black=0.0000,inkRed=true,inkRegion=header; cascade:firstFaceTop=837.7,bottomTop=1081.0,faceUpStep=48.90,geomCount=6,finalCount=6,bottomRank=Eight,leadingRank=King,rankCount=6,diff=0,applied=false,boundary=[not-face-down@faceDownCount=0:teal=0.000,white=0.667,red=0.333,black=0.000],exposedIndex=4,distanceFromBottom=1; deck-constraint:9D->9D~]
  slot tableau:3:5 8S conf=0.90 rank=rank-png-strong@0.90 {8:0.90 6:0.81 3:0.78 9:0.77} suit=suit-png@0.95 {S:0.95 C:0.88} post=[black-tiebreak:full=C0.88/S0.95,top=C0.79/S0.95,branch=wideMarginDirect->Spades; ink-ratio:red=0.0000,black=0.2200,inkRed=false; cascade:firstFaceTop=837.7,bottomTop=1081.0,faceUpStep=48.90,geomCount=6,finalCount=6,bottomRank=Eight,leadingRank=King,rankCount=6,diff=0,applied=false,boundary=[not-face-down@faceDownCount=0:teal=0.000,white=0.667,red=0.333,black=0.000]]
  slot tableau:4:1 5H conf=0.81 rank=rank-png-strong@0.81 {5:0.81 3:0.77 6:0.76 8:0.76} suit=suit-png@0.99 {H:0.95 D:0.81} post=[ink-ratio:red=0.2000,black=0.0000,inkRed=true; cascade:firstFaceTop=882.1,bottomTop=885.9,faceUpStep=48.90,geomCount=1,finalCount=1,bottomRank=Five,leadingRank=Five,rankCount=1,diff=0,applied=false,boundary=[ran-out-of-room]]
  slot tableau:5:4 9C~ conf=0.87 rank=rank-png-strong@0.87 {9:0.87 A:0.86 8:0.83 Q:0.82} suit=suit-png@0.93 {C:0.93 S:0.88} post=[black-tiebreak:full=C0.93/S0.88,top=C0.93/S0.82,shape=Spades@1.12;branch=topLeaderDirect->Clubs; ink-ratio:red=0.0000,black=0.1852,inkRed=false,inkRegion=header; cascade:firstFaceTop=1015.1,bottomTop=1276.0,faceUpStep=48.90,geomCount=6,finalCount=6,bottomRank=Four,leadingRank=Nine,rankCount=6,diff=0,applied=false,boundary=[not-face-down@faceDownCount=4:teal=0.315,white=0.593,red=0.000,black=0.056],exposedIndex=0,distanceFromBottom=5; deck-constraint:9C->9C~]
  slot tableau:5:5 8D~ conf=0.87 rank=rank-png-strong@0.87 {8:0.87 A:0.86 9:0.83 4:0.82} suit=suit-png@0.87 {D:0.87 H:0.76} post=[ink-ratio:red=0.1759,black=0.0370,inkRed=true,inkRegion=header; cascade:firstFaceTop=1015.1,bottomTop=1276.0,faceUpStep=48.90,geomCount=6,finalCount=6,bottomRank=Four,leadingRank=Nine,rankCount=6,diff=0,applied=false,boundary=[not-face-down@faceDownCount=4:teal=0.315,white=0.593,red=0.000,black=0.056],exposedIndex=1,distanceFromBottom=4; deck-constraint:8D->8D~]
  slot tableau:5:7 6D~ conf=0.87 rank=rank-png-strong@0.87 {6:0.87 A:0.83 4:0.81 8:0.81} suit=suit-png@0.87 {D:0.87 H:0.76} post=[ink-ratio:red=0.1852,black=0.0185,inkRed=true,inkRegion=header; cascade:firstFaceTop=1015.1,bottomTop=1276.0,faceUpStep=48.90,geomCount=6,finalCount=6,bottomRank=Four,leadingRank=Nine,rankCount=6,diff=0,applied=false,boundary=[not-face-down@faceDownCount=4:teal=0.315,white=0.593,red=0.000,black=0.056],exposedIndex=3,distanceFromBottom=2; deck-constraint:6D->6D~]
  slot tableau:5:8 5C~ conf=0.84 rank=rank-png-strong@0.84 {5:0.84 6:0.83 8:0.80 9:0.80} suit=suit-png@0.79 {C:0.79 D:0.79 H:0.72 S:0.67} post=[ink-ratio:red=0.0278,black=0.1759,inkRed=null,inkRegion=header; cascade:firstFaceTop=1015.1,bottomTop=1276.0,faceUpStep=48.90,geomCount=6,finalCount=6,bottomRank=Four,leadingRank=Nine,rankCount=6,diff=0,applied=false,boundary=[not-face-down@faceDownCount=4:teal=0.315,white=0.593,red=0.000,black=0.056],exposedIndex=4,distanceFromBottom=1; deck-constraint:5C->5C~]
  slot tableau:5:9 4H~ conf=0.89 rank=rank-png-strong@0.89 {4:0.89 A:0.74 J:0.71 8:0.66} suit=suit-png@0.99 {H:0.95 D:0.79} post=[ink-ratio:red=0.1875,black=0.0000,inkRed=true; cascade:firstFaceTop=1015.1,bottomTop=1276.0,faceUpStep=48.90,geomCount=6,finalCount=6,bottomRank=Four,leadingRank=Nine,rankCount=6,diff=0,applied=false,boundary=[not-face-down@faceDownCount=4:teal=0.315,white=0.593,red=0.000,black=0.056]; deck-constraint:4H->4H~]
  slot tableau:6:3 8C conf=0.93 rank=rank-png-strong@0.93 {8:0.93 9:0.84 6:0.83 A:0.83} suit=suit-png@0.91 {C:0.90 S:0.85} post=[black-tiebreak:full=C0.90/S0.85,top=C0.91/S0.83,shape=Spades@0.60;branch=topLeaderDirect->Clubs; ink-ratio:red=0.0000,black=0.2407,inkRed=false,inkRegion=header; cascade:firstFaceTop=970.7,bottomTop=1178.5,faceUpStep=48.90,geomCount=5,finalCount=5,bottomRank=Four,leadingRank=Eight,rankCount=5,diff=0,applied=false,boundary=[not-face-down@faceDownCount=3:teal=0.000,white=0.519,red=0.000,black=0.130],exposedIndex=0,distanceFromBottom=4]
  slot tableau:6:4 7D~ conf=0.95 rank=rank-png-strong@0.95 {7:0.95 2:0.86 3:0.77 J:0.76} suit=suit-png@0.98 {D:0.94 H:0.83} post=[ocr=miss:empty; ink-ratio:red=0.1759,black=0.0556,inkRed=true,inkRegion=header; cascade:firstFaceTop=970.7,bottomTop=1178.5,faceUpStep=48.90,geomCount=5,finalCount=5,bottomRank=Four,leadingRank=Eight,rankCount=5,diff=0,applied=false,boundary=[not-face-down@faceDownCount=3:teal=0.000,white=0.519,red=0.000,black=0.130],exposedIndex=1,distanceFromBottom=3; deck-constraint:7D->7D~]
  slot tableau:6:5 6C~ conf=0.92 rank=rank-png-strong@0.92 {6:0.92 A:0.83 8:0.83 5:0.83} suit=suit-png@0.92 {C:0.90 S:0.86} post=[black-tiebreak:full=C0.90/S0.86,top=C0.92/S0.84,shape=Spades@0.60;branch=topLeaderDirect->Clubs; ink-ratio:red=0.0000,black=0.2500,inkRed=false,inkRegion=header; cascade:firstFaceTop=970.7,bottomTop=1178.5,faceUpStep=48.90,geomCount=5,finalCount=5,bottomRank=Four,leadingRank=Eight,rankCount=5,diff=0,applied=false,boundary=[not-face-down@faceDownCount=3:teal=0.000,white=0.519,red=0.000,black=0.130],exposedIndex=2,distanceFromBottom=2; deck-constraint:6C->6C~]
  slot tableau:6:6 5D conf=0.94 rank=rank-png-strong@0.94 {5:0.94 6:0.83 K:0.81 9:0.80} suit=suit-png@0.96 {D:0.92 H:0.84} post=[ink-ratio:red=0.1574,black=0.0556,inkRed=true,inkRegion=header; cascade:firstFaceTop=970.7,bottomTop=1178.5,faceUpStep=48.90,geomCount=5,finalCount=5,bottomRank=Four,leadingRank=Eight,rankCount=5,diff=0,applied=false,boundary=[not-face-down@faceDownCount=3:teal=0.000,white=0.519,red=0.000,black=0.130],exposedIndex=3,distanceFromBottom=1]
  slot tableau:6:7 4C~ conf=0.91 rank=rank-png-strong@0.91 {4:0.91 A:0.73 J:0.72 8:0.66} suit=suit-png@0.86 {C:0.90 S:0.89} post=[black-tiebreak:full=C0.90/S0.89,top=C0.86/S0.82,shape=Clubs@0.36;branch=lowTopMargin-shapeLeader->Clubs; ink-ratio:red=0.0000,black=0.2222,inkRed=false; cascade:firstFaceTop=970.7,bottomTop=1178.5,faceUpStep=48.90,geomCount=5,finalCount=5,bottomRank=Four,leadingRank=Eight,rankCount=5,diff=0,applied=false,boundary=[not-face-down@faceDownCount=3:teal=0.000,white=0.519,red=0.000,black=0.130]; deck-constraint:4C->4C~]
18:02:14.791 OUTCOME=ARROW status=Best: Waste -> Tableau 1 score=158.0 (clear-waste,direct-stack) 900ms conf=0.77 known=25
  frame=1080x2340 elapsed=900ms conf=0.77 knownFaceUp=25
  timing: queueDelay=17ms detect=900ms select=2ms total=919ms
  move=Waste -> Tableau 1 score=158.0 rationale=clear-waste,direct-stack
  runner-up:
    1. Draw from stock score=-27.0 (defer-draw-waste)
    2. Foundation 1 -> Tableau 7 score=-57.0 (pull-from-foundation)
    3. Tableau 7 -> Tableau 5 score=-217.0 (defer-no-reveal-stack,reversible)
  from=(833,608) to=(91,1034)
  signature=Ten_Clubs|Three_Diamonds;Two_Clubs;-;-|King_Hearts,Queen_Clubs,Jack_Hearts;;King_Clubs;King_Diamonds,Queen_Spades,Jack_Diamonds,Ten_Spades,Nine_Diamonds,Eight_Spades;D,Five_Hearts;D,D,D,D,Nine_Clubs,Eight_Diamonds,Seven_Clubs,Six_Diamonds,Five_Clubs,Four_Hearts;D,D,D,Eight_Clubs,Seven_Diamonds,Six_Clubs,Five_Diamonds,Four_Clubs
  diag: boardConfidence=0.85
  diag: profile=solitaire_smash_s25
  diag: stock=face-down-stock
  diag: foundation0=match-Three-Diamonds@0.79:TD
  diag: foundation1=match-Two-Clubs@0.83:TC
  diag: foundation2=empty-color:null
  diag: foundation3=empty-color:null
  diag: tableau0.faceScan=rowHeight=5.74,lastWhiteBottom=1130.3,whiteRows=50,minimumRows=7,breakY=1164.7
  diag: tableau0.region=937.5-1130.3
  diag: tableau0=King_Diamonds,Queen_Clubs,Jack_Diamonds
  diag: tableau1.faceScan=rowHeight=5.74,lastWhiteBottom=1027.0,whiteRows=1,minimumRows=7,breakY=1061.5
  diag: tableau1=
  diag: tableau2.faceScan=rowHeight=5.74,lastWhiteBottom=1032.8,whiteRows=34,minimumRows=7,breakY=1067.2
  diag: tableau2.region=840.0-1032.8
  diag: tableau2=King_Clubs
  diag: tableau3.faceScan=rowHeight=5.74,lastWhiteBottom=1273.7,whiteRows=73,minimumRows=7,breakY=1308.1
  diag: tableau3.region=1081.0-1273.7
  diag: tableau3=King_Diamonds,Queen_Clubs,Jack_Diamonds,Ten_Clubs,Nine_Diamonds,Eight_Clubs
  diag: tableau4.faceScan=rowHeight=5.74,lastWhiteBottom=1078.7,whiteRows=35,minimumRows=7,breakY=1113.1
  diag: tableau4.region=885.9-1078.7
  diag: tableau4=D,Five_Hearts
  diag: tableau5.faceScan=rowHeight=5.74,lastWhiteBottom=1468.8,whiteRows=78,minimumRows=7,breakY=1503.2
  diag: tableau5.region=1276.0-1468.8
  diag: tableau5=D,D,D,D,Nine_Clubs,Eight_Diamonds,Seven_Clubs,Six_Diamonds,Five_Clubs,Four_Diamonds
  diag: tableau6.faceScan=rowHeight=5.74,lastWhiteBottom=1371.2,whiteRows=70,minimumRows=7,breakY=1405.7
  diag: tableau6.region=1178.5-1371.2
  diag: tableau6=D,D,D,Eight_Clubs,Seven_Diamonds,Six_Clubs,Five_Diamonds,Four_Clubs
  diag: wasteOcr:relevant=true,ms=230,overlapped=true
  diag: waste=fused-Ten-Clubs:TC
  diag: waste-regions=exact:764-902:face-up-color-black-rank=null,legacy:750-907:match-Ten-Clubs@0.60
  diag: waste-rank-scores={Ace=0.45806453, Two=0.57127196, Three=0.4511041, Four=0.46686566, Five=0.32476047, Six=0.45510834, Seven=0.5255894, Eight=0.4965787, Nine=0.46138212, Ten=0.5129771, Jack=0.5681445, Queen=0.43926248, King=0.49304175}
  diag: waste-suit-scores={Hearts=0.8154379, Diamonds=0.9107021, Clubs=0.82934284, Spades=0.7559653}
  diag: whole@763,503,902,713:ocr=miss:empty;corner@763,503,824,566:ocr=miss:empty;whole@749,503,907,713:ocr=miss:empty;corner@749,503,819,566:ocr=miss:empty;whole@707,503,845,713:ocr='A'@0.62
  diag: livePlayScreen=true
  diag: gameFooter=true
  diag: lobbyScreen=false
  diag: knownFaceUp=25
  diag: timing:total=896ms,tableau=243ms[c0=74,c1=8,c2=20,c3=38,c4=21,c5=43,c6=39],scrub=0ms,deckConstraint=1ms,recognize:hits=28,misses=2,missTime=447ms,missReason:newKey=0,fingerprint=2,bounds=0
  recognition:
  slot foundation:0 3D conf=0.79 rank=rank-png-strong@0.79 {3:0.79 J:0.76 8:0.73 4:0.71} suit=suit-png@0.96 {D:0.92 H:0.82} post=[ink-ratio:red=0.1687,black=0.0000,inkRed=true]
  slot foundation:1 2C conf=0.83 rank=rank-png-strong@0.83 {2:0.83 7:0.77 J:0.72 3:0.72} suit=suit-png@0.81 {C:0.81 S:0.74} post=[black-tiebreak:full=C0.81/S0.74,top=C0.58/S0.52,branch=wideMarginDirect->Clubs; ink-ratio:red=0.0000,black=0.1811,inkRed=false]
  slot tableau:0 KH conf=0.89 rank=rank-png-strong@0.89 {K:0.89 6:0.82 8:0.80 5:0.79} suit=suit-png@0.99 {H:0.95 D:0.81} post=[ink-ratio:red=0.2685,black=0.0000,inkRed=true,inkRegion=header; cascade:firstFaceTop=837.7,bottomTop=937.5,faceUpStep=48.90,geomCount=3,finalCount=3,bottomRank=Jack,leadingRank=King,rankCount=3,diff=0,applied=false,boundary=[not-face-down@faceDownCount=0:teal=0.000,white=0.519,red=0.352,black=0.000],exposedIndex=0,distanceFromBottom=2]
  slot tableau:0:1 QC conf=0.86 rank=rank-png-strong@0.86 {Q:0.86 9:0.75 8:0.72 10:0.71} suit=suit-opencv@0.52 {S:0.91 C:0.89} post=[ocr=miss:empty; ink-ratio:red=0.0000,black=0.3426,inkRed=false,inkRegion=header; post-black-suit:Spades->Clubs; black-tiebreak2:full=C0.66/S0.66,top=C0.74/S0.69,shape=none;branch=topLeaderDirect->Clubs; cascade:firstFaceTop=837.7,bottomTop=937.5,faceUpStep=48.90,geomCount=3,finalCount=3,bottomRank=Jack,leadingRank=King,rankCount=3,diff=0,applied=false,boundary=[not-face-down@faceDownCount=0:teal=0.000,white=0.519,red=0.352,black=0.000],exposedIndex=1,distanceFromBottom=1; deck-constraint:QC~->QC]
  slot tableau:0:2 JH conf=0.83 rank=rank-png-strong@0.83 {J:0.83 4:0.71 7:0.70 3:0.68} suit=suit-png@0.98 {H:0.94 D:0.80} post=[ink-ratio:red=0.1689,black=0.0400,inkRed=true; cascade:firstFaceTop=837.7,bottomTop=937.5,faceUpStep=48.90,geomCount=3,finalCount=3,bottomRank=Jack,leadingRank=King,rankCount=3,diff=0,applied=false,boundary=[not-face-down@faceDownCount=0:teal=0.000,white=0.519,red=0.352,black=0.000]]
  slot tableau:2 KC conf=0.93 rank=rank-png-strong@0.93 {K:0.93 2:0.78 8:0.78 10:0.78} suit=suit-png@0.82 {S:0.90 C:0.88} post=[black-tiebreak:full=C0.88/S0.90,top=C0.82/S0.86,shape=Clubs@0.36;branch=topSpade-clubShapeVetoWins->Clubs; ink-ratio:red=0.0000,black=0.2361,inkRed=false; cascade:firstFaceTop=837.7,bottomTop=840.0,faceUpStep=48.90,geomCount=1,finalCount=1,bottomRank=King,leadingRank=King,rankCount=1,diff=0,applied=false,boundary=[ran-out-of-room]]
  slot tableau:3 KD conf=0.87 rank=rank-png-strong@0.87 {K:0.87 6:0.81 8:0.81 5:0.78} suit=suit-png@0.98 {D:0.94 H:0.84} post=[ink-ratio:red=0.2685,black=0.0000,inkRed=true,inkRegion=header; cascade:firstFaceTop=837.7,bottomTop=1081.0,faceUpStep=48.90,geomCount=6,finalCount=6,bottomRank=Eight,leadingRank=King,rankCount=6,diff=0,applied=false,boundary=[not-face-down@faceDownCount=0:teal=0.000,white=0.667,red=0.333,black=0.000],exposedIndex=0,distanceFromBottom=5]
  slot tableau:3:1 QS conf=0.91 rank=rank-png-strong@0.91 {Q:0.91 9:0.80 8:0.75 6:0.74} suit=suit-png@0.93 {S:0.93 C:0.87} post=[black-tiebreak:full=C0.87/S0.93,top=C0.81/S0.91,branch=wideMarginDirect->Spades; ink-ratio:red=0.0000,black=0.2778,inkRed=false,inkRegion=header; cascade:firstFaceTop=837.7,bottomTop=1081.0,faceUpStep=48.90,geomCount=6,finalCount=6,bottomRank=Eight,leadingRank=King,rankCount=6,diff=0,applied=false,boundary=[not-face-down@faceDownCount=0:teal=0.000,white=0.667,red=0.333,black=0.000],exposedIndex=1,distanceFromBottom=4]
  slot tableau:3:2 JD conf=0.88 rank=rank-png-strong@0.88 {J:0.88 4:0.82 7:0.73 A:0.72} suit=suit-png@0.97 {D:0.93 H:0.85} post=[ocr=miss:empty; ink-ratio:red=0.1759,black=0.0000,inkRed=true,inkRegion=header; cascade:firstFaceTop=837.7,bottomTop=1081.0,faceUpStep=48.90,geomCount=6,finalCount=6,bottomRank=Eight,leadingRank=King,rankCount=6,diff=0,applied=false,boundary=[not-face-down@faceDownCount=0:teal=0.000,white=0.667,red=0.333,black=0.000],exposedIndex=2,distanceFromBottom=3]
  slot tableau:3:3 10S conf=0.87 rank=rank-png-strong@0.87 {10:0.87 Q:0.74 8:0.71 9:0.70} suit=suit-png@0.89 {S:0.94 C:0.89} post=[black-tiebreak:full=C0.89/S0.94,top=C0.79/S0.89,shape=none;branch=topLeaderDirect->Spades; ink-ratio:red=0.0000,black=0.2870,inkRed=false,inkRegion=header; cascade:firstFaceTop=837.7,bottomTop=1081.0,faceUpStep=48.90,geomCount=6,finalCount=6,bottomRank=Eight,leadingRank=King,rankCount=6,diff=0,applied=false,boundary=[not-face-down@faceDownCount=0:teal=0.000,white=0.667,red=0.333,black=0.000],exposedIndex=3,distanceFromBottom=2]
  slot tableau:3:4 9D~ conf=0.81 rank=rank-png-strong@0.81 {9:0.81 8:0.80 2:0.78 K:0.78} suit=suit-png@0.96 {D:0.92 H:0.87} post=[ink-ratio:red=0.2222,black=0.0000,inkRed=true,inkRegion=header; cascade:firstFaceTop=837.7,bottomTop=1081.0,faceUpStep=48.90,geomCount=6,finalCount=6,bottomRank=Eight,leadingRank=King,rankCount=6,diff=0,applied=false,boundary=[not-face-down@faceDownCount=0:teal=0.000,white=0.667,red=0.333,black=0.000],exposedIndex=4,distanceFromBottom=1; deck-constraint:9D->9D~]
  slot tableau:3:5 8S conf=0.90 rank=rank-png-strong@0.90 {8:0.90 6:0.81 3:0.78 9:0.77} suit=suit-png@0.95 {S:0.95 C:0.88} post=[black-tiebreak:full=C0.88/S0.95,top=C0.79/S0.95,branch=wideMarginDirect->Spades; ink-ratio:red=0.0000,black=0.2200,inkRed=false; cascade:firstFaceTop=837.7,bottomTop=1081.0,faceUpStep=48.90,geomCount=6,finalCount=6,bottomRank=Eight,leadingRank=King,rankCount=6,diff=0,applied=false,boundary=[not-face-down@faceDownCount=0:teal=0.000,white=0.667,red=0.333,black=0.000]]
  slot tableau:4:1 5H conf=0.81 rank=rank-png-strong@0.81 {5:0.81 3:0.77 6:0.76 8:0.76} suit=suit-png@0.99 {H:0.95 D:0.81} post=[ink-ratio:red=0.2000,black=0.0000,inkRed=true; cascade:firstFaceTop=882.1,bottomTop=885.9,faceUpStep=48.90,geomCount=1,finalCount=1,bottomRank=Five,leadingRank=Five,rankCount=1,diff=0,applied=false,boundary=[ran-out-of-room]]
  slot tableau:5:4 9C~ conf=0.87 rank=rank-png-strong@0.87 {9:0.87 A:0.86 8:0.83 Q:0.82} suit=suit-png@0.93 {C:0.93 S:0.88} post=[black-tiebreak:full=C0.93/S0.88,top=C0.93/S0.82,shape=Spades@1.12;branch=topLeaderDirect->Clubs; ink-ratio:red=0.0000,black=0.1852,inkRed=false,inkRegion=header; cascade:firstFaceTop=1015.1,bottomTop=1276.0,faceUpStep=48.90,geomCount=6,finalCount=6,bottomRank=Four,leadingRank=Nine,rankCount=6,diff=0,applied=false,boundary=[not-face-down@faceDownCount=4:teal=0.315,white=0.593,red=0.000,black=0.056],exposedIndex=0,distanceFromBottom=5; deck-constraint:9C->9C~]
  slot tableau:5:5 8D~ conf=0.87 rank=rank-png-strong@0.87 {8:0.87 A:0.86 9:0.83 4:0.82} suit=suit-png@0.87 {D:0.87 H:0.76} post=[ink-ratio:red=0.1759,black=0.0370,inkRed=true,inkRegion=header; cascade:firstFaceTop=1015.1,bottomTop=1276.0,faceUpStep=48.90,geomCount=6,finalCount=6,bottomRank=Four,leadingRank=Nine,rankCount=6,diff=0,applied=false,boundary=[not-face-down@faceDownCount=4:teal=0.315,white=0.593,red=0.000,black=0.056],exposedIndex=1,distanceFromBottom=4; deck-constraint:8D->8D~]
  slot tableau:5:7 6D~ conf=0.87 rank=rank-png-strong@0.87 {6:0.87 A:0.83 4:0.81 8:0.81} suit=suit-png@0.87 {D:0.87 H:0.76} post=[ink-ratio:red=0.1852,black=0.0185,inkRed=true,inkRegion=header; cascade:firstFaceTop=1015.1,bottomTop=1276.0,faceUpStep=48.90,geomCount=6,finalCount=6,bottomRank=Four,leadingRank=Nine,rankCount=6,diff=0,applied=false,boundary=[not-face-down@faceDownCount=4:teal=0.315,white=0.593,red=0.000,black=0.056],exposedIndex=3,distanceFromBottom=2; deck-constraint:6D->6D~]
  slot tableau:5:8 5C~ conf=0.84 rank=rank-png-strong@0.84 {5:0.84 6:0.83 8:0.80 9:0.80} suit=suit-png@0.79 {C:0.79 D:0.79 H:0.72 S:0.67} post=[ink-ratio:red=0.0278,black=0.1759,inkRed=null,inkRegion=header; cascade:firstFaceTop=1015.1,bottomTop=1276.0,faceUpStep=48.90,geomCount=6,finalCount=6,bottomRank=Four,leadingRank=Nine,rankCount=6,diff=0,applied=false,boundary=[not-face-down@faceDownCount=4:teal=0.315,white=0.593,red=0.000,black=0.056],exposedIndex=4,distanceFromBottom=1; deck-constraint:5C->5C~]
  slot tableau:5:9 4H~ conf=0.89 rank=rank-png-strong@0.89 {4:0.89 A:0.74 J:0.71 8:0.66} suit=suit-png@0.99 {H:0.95 D:0.79} post=[ink-ratio:red=0.1875,black=0.0000,inkRed=true; cascade:firstFaceTop=1015.1,bottomTop=1276.0,faceUpStep=48.90,geomCount=6,finalCount=6,bottomRank=Four,leadingRank=Nine,rankCount=6,diff=0,applied=false,boundary=[not-face-down@faceDownCount=4:teal=0.315,white=0.593,red=0.000,black=0.056]; deck-constraint:4H->4H~]
  slot tableau:6:3 8C conf=0.93 rank=rank-png-strong@0.93 {8:0.93 9:0.84 6:0.83 A:0.83} suit=suit-png@0.91 {C:0.90 S:0.85} post=[black-tiebreak:full=C0.90/S0.85,top=C0.91/S0.83,shape=Spades@0.60;branch=topLeaderDirect->Clubs; ink-ratio:red=0.0000,black=0.2407,inkRed=false,inkRegion=header; cascade:firstFaceTop=970.7,bottomTop=1178.5,faceUpStep=48.90,geomCount=5,finalCount=5,bottomRank=Four,leadingRank=Eight,rankCount=5,diff=0,applied=false,boundary=[not-face-down@faceDownCount=3:teal=0.000,white=0.519,red=0.000,black=0.130],exposedIndex=0,distanceFromBottom=4]
  slot tableau:6:4 7D~ conf=0.95 rank=rank-png-strong@0.95 {7:0.95 2:0.86 3:0.77 J:0.76} suit=suit-png@0.98 {D:0.94 H:0.83} post=[ocr=miss:empty; ink-ratio:red=0.1759,black=0.0556,inkRed=true,inkRegion=header; cascade:firstFaceTop=970.7,bottomTop=1178.5,faceUpStep=48.90,geomCount=5,finalCount=5,bottomRank=Four,leadingRank=Eight,rankCount=5,diff=0,applied=false,boundary=[not-face-down@faceDownCount=3:teal=0.000,white=0.519,red=0.000,black=0.130],exposedIndex=1,distanceFromBottom=3; deck-constraint:7D->7D~]
  slot tableau:6:5 6C~ conf=0.92 rank=rank-png-strong@0.92 {6:0.92 A:0.83 8:0.83 5:0.83} suit=suit-png@0.92 {C:0.90 S:0.86} post=[black-tiebreak:full=C0.90/S0.86,top=C0.92/S0.84,shape=Spades@0.60;branch=topLeaderDirect->Clubs; ink-ratio:red=0.0000,black=0.2500,inkRed=false,inkRegion=header; cascade:firstFaceTop=970.7,bottomTop=1178.5,faceUpStep=48.90,geomCount=5,finalCount=5,bottomRank=Four,leadingRank=Eight,rankCount=5,diff=0,applied=false,boundary=[not-face-down@faceDownCount=3:teal=0.000,white=0.519,red=0.000,black=0.130],exposedIndex=2,distanceFromBottom=2; deck-constraint:6C->6C~]
  slot tableau:6:6 5D conf=0.94 rank=rank-png-strong@0.94 {5:0.94 6:0.83 K:0.81 9:0.80} suit=suit-png@0.96 {D:0.92 H:0.84} post=[ink-ratio:red=0.1574,black=0.0556,inkRed=true,inkRegion=header; cascade:firstFaceTop=970.7,bottomTop=1178.5,faceUpStep=48.90,geomCount=5,finalCount=5,bottomRank=Four,leadingRank=Eight,rankCount=5,diff=0,applied=false,boundary=[not-face-down@faceDownCount=3:teal=0.000,white=0.519,red=0.000,black=0.130],exposedIndex=3,distanceFromBottom=1]
  slot tableau:6:7 4C~ conf=0.91 rank=rank-png-strong@0.91 {4:0.91 A:0.73 J:0.72 8:0.66} suit=suit-png@0.86 {C:0.90 S:0.89} post=[black-tiebreak:full=C0.90/S0.89,top=C0.86/S0.82,shape=Clubs@0.36;branch=lowTopMargin-shapeLeader->Clubs; ink-ratio:red=0.0000,black=0.2222,inkRed=false; cascade:firstFaceTop=970.7,bottomTop=1178.5,faceUpStep=48.90,geomCount=5,finalCount=5,bottomRank=Four,leadingRank=Eight,rankCount=5,diff=0,applied=false,boundary=[not-face-down@faceDownCount=3:teal=0.000,white=0.519,red=0.000,black=0.130]; deck-constraint:4C->4C~]
  slot waste 10C conf=0.60 rank=rank-png@0.60 {2:0.57 J:0.57 7:0.53 10:0.51} suit=suit-png@0.83 {C:0.83 S:0.76} post=[waste-fusion:legacy=Ten_Clubs,tight=null; whole@763,503,902,713:ocr=miss:empty;corner@763,503,824,566:ocr=miss:empty;whole@749,503,907,713:ocr=miss:empty;corner@749,503,819,566:ocr=miss:empty;whole@707,503,845,713:ocr='A'@0.62; ocr=miss:empty; black-tiebreak:full=C0.83/S0.76,top=C0.63/S0.50,branch=wideMarginDirect->Clubs; ink-ratio:red=0.0000,black=0.1829,inkRed=false; ink-ratio:red=0.0000,black=0.1831,inkRed=false]
18:02:15.639 OUTCOME=ARROW status=Best: Waste -> Tableau 6 score=168.0 (clear-waste,direct-stack,lookahead+10.0) 842ms conf=0.80 known=25
  frame=1080x2340 elapsed=842ms conf=0.80 knownFaceUp=25
  timing: queueDelay=21ms detect=842ms select=3ms total=866ms
  move=Waste -> Tableau 6 score=168.0 rationale=clear-waste,direct-stack,lookahead+10.0
  runner-up:
    1. Waste -> Foundation 2 score=30.0 (hold-unbalanced,risky-foundation,clear-waste)
    2. Draw from stock score=-27.0 (defer-draw-waste)
    3. Foundation 1 -> Tableau 7 score=-47.0 (pull-from-foundation,lookahead+10.0)
  from=(826,608) to=(839,1372)
  signature=Three_Clubs|Three_Diamonds;Two_Clubs;-;-|King_Hearts,Queen_Clubs,Jack_Hearts;;King_Clubs;King_Diamonds,Queen_Spades,Jack_Diamonds,Ten_Spades,Nine_Diamonds,Eight_Spades;D,Five_Hearts;D,D,D,D,Nine_Clubs,Eight_Diamonds,Seven_Clubs,Six_Diamonds,Five_Clubs,Four_Hearts;D,D,D,Eight_Clubs,Seven_Diamonds,Six_Clubs,Five_Diamonds,Four_Clubs
  diag: boardConfidence=0.85
  diag: profile=solitaire_smash_s25
  diag: stock=face-down-stock
  diag: foundation0=match-Three-Diamonds@0.79:TD
  diag: foundation1=match-Two-Clubs@0.83:TC
  diag: foundation2=empty-color:null
  diag: foundation3=empty-color:null
  diag: tableau0.faceScan=rowHeight=5.74,lastWhiteBottom=1130.3,whiteRows=50,minimumRows=7,breakY=1164.7
  diag: tableau0.region=937.5-1130.3
  diag: tableau0=King_Diamonds,Queen_Clubs,Jack_Diamonds
  diag: tableau1.faceScan=rowHeight=5.74,lastWhiteBottom=1027.0,whiteRows=1,minimumRows=7,breakY=1061.5
  diag: tableau1=
  diag: tableau2.faceScan=rowHeight=5.74,lastWhiteBottom=1032.8,whiteRows=34,minimumRows=7,breakY=1067.2
  diag: tableau2.region=840.0-1032.8
  diag: tableau2=King_Clubs
  diag: tableau3.faceScan=rowHeight=5.74,lastWhiteBottom=1273.7,whiteRows=73,minimumRows=7,breakY=1308.1
  diag: tableau3.region=1081.0-1273.7
  diag: tableau3=King_Diamonds,Queen_Clubs,Jack_Diamonds,Ten_Clubs,Nine_Diamonds,Eight_Clubs
  diag: tableau4.faceScan=rowHeight=5.74,lastWhiteBottom=1078.7,whiteRows=35,minimumRows=7,breakY=1113.1
  diag: tableau4.region=885.9-1078.7
  diag: tableau4=D,Five_Hearts
  diag: tableau5.faceScan=rowHeight=5.74,lastWhiteBottom=1468.8,whiteRows=78,minimumRows=7,breakY=1503.2
  diag: tableau5.region=1276.0-1468.8
  diag: tableau5=D,D,D,D,Nine_Clubs,Eight_Diamonds,Seven_Clubs,Six_Diamonds,Five_Clubs,Four_Diamonds
  diag: tableau6.faceScan=rowHeight=5.74,lastWhiteBottom=1371.2,whiteRows=70,minimumRows=7,breakY=1405.7
  diag: tableau6.region=1178.5-1371.2
  diag: tableau6=D,D,D,Eight_Clubs,Seven_Diamonds,Six_Clubs,Five_Diamonds,Four_Clubs
  diag: wasteOcr:relevant=true,ms=101,overlapped=true
  diag: waste=fused-Three-Clubs:TC
  diag: waste-regions=exact:757-895:match-Three-Clubs@0.62,legacy:750-907:match-Jack-Clubs@0.72
  diag: waste-rank-scores={Ace=0.43801653, Two=0.3695261, Three=0.37168142, Four=0.41540578, Five=0.40347072, Six=0.3649635, Seven=0.28511822, Eight=0.3731959, Nine=0.3589177, Ten=0.41914192, Jack=0.3951613, Queen=0.46600813, King=0.40855616}
  diag: waste-suit-scores={Clubs=0.82978725, Spades=0.7739177}
  diag: waste-disagreement=tight:Three_Clubs,legacy:Jack_Clubs
  diag: whole@756,503,895,713:ocr='3'@0.62
  diag: waste-ocr-rank=Three
  diag: livePlayScreen=true
  diag: gameFooter=true
  diag: lobbyScreen=false
  diag: knownFaceUp=25
  diag: timing:total=840ms,tableau=490ms[c0=294,c1=5,c2=9,c3=66,c4=9,c5=55,c6=51],scrub=28ms,deckConstraint=2ms,recognize:hits=28,misses=2,missTime=485ms,missReason:newKey=0,fingerprint=2,bounds=0
  recognition:
  slot foundation:0 3D conf=0.79 rank=rank-png-strong@0.79 {3:0.79 J:0.76 8:0.73 4:0.71} suit=suit-png@0.96 {D:0.92 H:0.82} post=[ink-ratio:red=0.1687,black=0.0000,inkRed=true]
  slot foundation:1 2C conf=0.83 rank=rank-png-strong@0.83 {2:0.83 7:0.77 J:0.72 3:0.72} suit=suit-png@0.81 {C:0.81 S:0.74} post=[black-tiebreak:full=C0.81/S0.74,top=C0.58/S0.52,branch=wideMarginDirect->Clubs; ink-ratio:red=0.0000,black=0.1811,inkRed=false]
  slot tableau:0 KH conf=0.89 rank=rank-png-strong@0.89 {K:0.89 6:0.82 8:0.80 5:0.79} suit=suit-png@0.99 {H:0.95 D:0.81} post=[ink-ratio:red=0.2685,black=0.0000,inkRed=true,inkRegion=header; cascade:firstFaceTop=837.7,bottomTop=937.5,faceUpStep=48.90,geomCount=3,finalCount=3,bottomRank=Jack,leadingRank=King,rankCount=3,diff=0,applied=false,boundary=[not-face-down@faceDownCount=0:teal=0.000,white=0.519,red=0.352,black=0.000],exposedIndex=0,distanceFromBottom=2]
  slot tableau:0:1 QC conf=0.86 rank=rank-png-strong@0.86 {Q:0.86 9:0.75 8:0.72 10:0.71} suit=suit-opencv@0.52 {S:0.91 C:0.89} post=[ocr=miss:empty; ink-ratio:red=0.0000,black=0.3426,inkRed=false,inkRegion=header; post-black-suit:Spades->Clubs; black-tiebreak2:full=C0.66/S0.66,top=C0.74/S0.69,shape=none;branch=topLeaderDirect->Clubs; cascade:firstFaceTop=837.7,bottomTop=937.5,faceUpStep=48.90,geomCount=3,finalCount=3,bottomRank=Jack,leadingRank=King,rankCount=3,diff=0,applied=false,boundary=[not-face-down@faceDownCount=0:teal=0.000,white=0.519,red=0.352,black=0.000],exposedIndex=1,distanceFromBottom=1; deck-constraint:QC~->QC]
  slot tableau:0:2 JH conf=0.83 rank=rank-png-strong@0.83 {J:0.83 4:0.71 7:0.70 3:0.68} suit=suit-png@0.98 {H:0.94 D:0.80} post=[ink-ratio:red=0.1689,black=0.0400,inkRed=true; cascade:firstFaceTop=837.7,bottomTop=937.5,faceUpStep=48.90,geomCount=3,finalCount=3,bottomRank=Jack,leadingRank=King,rankCount=3,diff=0,applied=false,boundary=[not-face-down@faceDownCount=0:teal=0.000,white=0.519,red=0.352,black=0.000]]
  slot tableau:2 KC conf=0.93 rank=rank-png-strong@0.93 {K:0.93 2:0.78 8:0.78 10:0.78} suit=suit-png@0.82 {S:0.90 C:0.88} post=[black-tiebreak:full=C0.88/S0.90,top=C0.82/S0.86,shape=Clubs@0.36;branch=topSpade-clubShapeVetoWins->Clubs; ink-ratio:red=0.0000,black=0.2361,inkRed=false; cascade:firstFaceTop=837.7,bottomTop=840.0,faceUpStep=48.90,geomCount=1,finalCount=1,bottomRank=King,leadingRank=King,rankCount=1,diff=0,applied=false,boundary=[ran-out-of-room]]
  slot tableau:3 KD conf=0.87 rank=rank-png-strong@0.87 {K:0.87 6:0.81 8:0.81 5:0.78} suit=suit-png@0.98 {D:0.94 H:0.84} post=[ink-ratio:red=0.2685,black=0.0000,inkRed=true,inkRegion=header; cascade:firstFaceTop=837.7,bottomTop=1081.0,faceUpStep=48.90,geomCount=6,finalCount=6,bottomRank=Eight,leadingRank=King,rankCount=6,diff=0,applied=false,boundary=[not-face-down@faceDownCount=0:teal=0.000,white=0.667,red=0.333,black=0.000],exposedIndex=0,distanceFromBottom=5]
  slot tableau:3:1 QS conf=0.91 rank=rank-png-strong@0.91 {Q:0.91 9:0.80 8:0.75 6:0.74} suit=suit-png@0.93 {S:0.93 C:0.87} post=[black-tiebreak:full=C0.87/S0.93,top=C0.81/S0.91,branch=wideMarginDirect->Spades; ink-ratio:red=0.0000,black=0.2778,inkRed=false,inkRegion=header; cascade:firstFaceTop=837.7,bottomTop=1081.0,faceUpStep=48.90,geomCount=6,finalCount=6,bottomRank=Eight,leadingRank=King,rankCount=6,diff=0,applied=false,boundary=[not-face-down@faceDownCount=0:teal=0.000,white=0.667,red=0.333,black=0.000],exposedIndex=1,distanceFromBottom=4]
  slot tableau:3:2 JD conf=0.88 rank=rank-png-strong@0.88 {J:0.88 4:0.82 7:0.73 A:0.72} suit=suit-png@0.97 {D:0.93 H:0.85} post=[ocr=miss:empty; ink-ratio:red=0.1759,black=0.0000,inkRed=true,inkRegion=header; cascade:firstFaceTop=837.7,bottomTop=1081.0,faceUpStep=48.90,geomCount=6,finalCount=6,bottomRank=Eight,leadingRank=King,rankCount=6,diff=0,applied=false,boundary=[not-face-down@faceDownCount=0:teal=0.000,white=0.667,red=0.333,black=0.000],exposedIndex=2,distanceFromBottom=3]
  slot tableau:3:3 10S~ conf=0.87 rank=rank-png-strong@0.87 {10:0.87 Q:0.74 8:0.71 9:0.70} suit=suit-png@0.89 {S:0.94 C:0.89} post=[black-tiebreak:full=C0.89/S0.94,top=C0.79/S0.89,shape=none;branch=topLeaderDirect->Spades; ink-ratio:red=0.0000,black=0.2870,inkRed=false,inkRegion=header; cascade:firstFaceTop=837.7,bottomTop=1081.0,faceUpStep=48.90,geomCount=6,finalCount=6,bottomRank=Eight,leadingRank=King,rankCount=6,diff=0,applied=false,boundary=[not-face-down@faceDownCount=0:teal=0.000,white=0.667,red=0.333,black=0.000],exposedIndex=3,distanceFromBottom=2; deck-constraint:10S->10S~]
  slot tableau:3:4 9D~ conf=0.81 rank=rank-png-strong@0.81 {9:0.81 8:0.80 2:0.78 K:0.78} suit=suit-png@0.96 {D:0.92 H:0.87} post=[ink-ratio:red=0.2222,black=0.0000,inkRed=true,inkRegion=header; cascade:firstFaceTop=837.7,bottomTop=1081.0,faceUpStep=48.90,geomCount=6,finalCount=6,bottomRank=Eight,leadingRank=King,rankCount=6,diff=0,applied=false,boundary=[not-face-down@faceDownCount=0:teal=0.000,white=0.667,red=0.333,black=0.000],exposedIndex=4,distanceFromBottom=1; deck-constraint:9D->9D~]
  slot tableau:3:5 8S conf=0.90 rank=rank-png-strong@0.90 {8:0.90 6:0.81 3:0.78 9:0.77} suit=suit-png@0.95 {S:0.95 C:0.88} post=[black-tiebreak:full=C0.88/S0.95,top=C0.79/S0.95,branch=wideMarginDirect->Spades; ink-ratio:red=0.0000,black=0.2200,inkRed=false; cascade:firstFaceTop=837.7,bottomTop=1081.0,faceUpStep=48.90,geomCount=6,finalCount=6,bottomRank=Eight,leadingRank=King,rankCount=6,diff=0,applied=false,boundary=[not-face-down@faceDownCount=0:teal=0.000,white=0.667,red=0.333,black=0.000]]
  slot tableau:4:1 5H conf=0.81 rank=rank-png-strong@0.81 {5:0.81 3:0.77 6:0.76 8:0.76} suit=suit-png@0.99 {H:0.95 D:0.81} post=[ink-ratio:red=0.2000,black=0.0000,inkRed=true; cascade:firstFaceTop=882.1,bottomTop=885.9,faceUpStep=48.90,geomCount=1,finalCount=1,bottomRank=Five,leadingRank=Five,rankCount=1,diff=0,applied=false,boundary=[ran-out-of-room]]
  slot tableau:5:4 9C~ conf=0.87 rank=rank-png-strong@0.87 {9:0.87 A:0.86 8:0.83 Q:0.82} suit=suit-png@0.93 {C:0.93 S:0.88} post=[black-tiebreak:full=C0.93/S0.88,top=C0.93/S0.82,shape=Spades@1.12;branch=topLeaderDirect->Clubs; ink-ratio:red=0.0000,black=0.1852,inkRed=false,inkRegion=header; cascade:firstFaceTop=1015.1,bottomTop=1276.0,faceUpStep=48.90,geomCount=6,finalCount=6,bottomRank=Four,leadingRank=Nine,rankCount=6,diff=0,applied=false,boundary=[not-face-down@faceDownCount=4:teal=0.315,white=0.593,red=0.000,black=0.056],exposedIndex=0,distanceFromBottom=5; deck-constraint:9C->9C~]
  slot tableau:5:5 8D~ conf=0.87 rank=rank-png-strong@0.87 {8:0.87 A:0.86 9:0.83 4:0.82} suit=suit-png@0.87 {D:0.87 H:0.76} post=[ink-ratio:red=0.1759,black=0.0370,inkRed=true,inkRegion=header; cascade:firstFaceTop=1015.1,bottomTop=1276.0,faceUpStep=48.90,geomCount=6,finalCount=6,bottomRank=Four,leadingRank=Nine,rankCount=6,diff=0,applied=false,boundary=[not-face-down@faceDownCount=4:teal=0.315,white=0.593,red=0.000,black=0.056],exposedIndex=1,distanceFromBottom=4; deck-constraint:8D->8D~]
  slot tableau:5:7 6D~ conf=0.87 rank=rank-png-strong@0.87 {6:0.87 A:0.83 4:0.81 8:0.81} suit=suit-png@0.87 {D:0.87 H:0.76} post=[ink-ratio:red=0.1852,black=0.0185,inkRed=true,inkRegion=header; cascade:firstFaceTop=1015.1,bottomTop=1276.0,faceUpStep=48.90,geomCount=6,finalCount=6,bottomRank=Four,leadingRank=Nine,rankCount=6,diff=0,applied=false,boundary=[not-face-down@faceDownCount=4:teal=0.315,white=0.593,red=0.000,black=0.056],exposedIndex=3,distanceFromBottom=2; deck-constraint:6D->6D~]
  slot tableau:5:8 5C~ conf=0.84 rank=rank-png-strong@0.84 {5:0.84 6:0.83 8:0.80 9:0.80} suit=suit-png@0.79 {C:0.79 D:0.79 H:0.72 S:0.67} post=[ink-ratio:red=0.0278,black=0.1759,inkRed=null,inkRegion=header; cascade:firstFaceTop=1015.1,bottomTop=1276.0,faceUpStep=48.90,geomCount=6,finalCount=6,bottomRank=Four,leadingRank=Nine,rankCount=6,diff=0,applied=false,boundary=[not-face-down@faceDownCount=4:teal=0.315,white=0.593,red=0.000,black=0.056],exposedIndex=4,distanceFromBottom=1; deck-constraint:5C->5C~]
  slot tableau:5:9 4H~ conf=0.89 rank=rank-png-strong@0.89 {4:0.89 A:0.74 J:0.71 8:0.66} suit=suit-png@0.99 {H:0.95 D:0.79} post=[ink-ratio:red=0.1875,black=0.0000,inkRed=true; cascade:firstFaceTop=1015.1,bottomTop=1276.0,faceUpStep=48.90,geomCount=6,finalCount=6,bottomRank=Four,leadingRank=Nine,rankCount=6,diff=0,applied=false,boundary=[not-face-down@faceDownCount=4:teal=0.315,white=0.593,red=0.000,black=0.056]; deck-constraint:4H->4H~]
  slot tableau:6:3 8C conf=0.93 rank=rank-png-strong@0.93 {8:0.93 9:0.84 6:0.83 A:0.83} suit=suit-png@0.91 {C:0.90 S:0.85} post=[black-tiebreak:full=C0.90/S0.85,top=C0.91/S0.83,shape=Spades@0.60;branch=topLeaderDirect->Clubs; ink-ratio:red=0.0000,black=0.2407,inkRed=false,inkRegion=header; cascade:firstFaceTop=970.7,bottomTop=1178.5,faceUpStep=48.90,geomCount=5,finalCount=5,bottomRank=Four,leadingRank=Eight,rankCount=5,diff=0,applied=false,boundary=[not-face-down@faceDownCount=3:teal=0.000,white=0.519,red=0.000,black=0.130],exposedIndex=0,distanceFromBottom=4]
  slot tableau:6:4 7D~ conf=0.95 rank=rank-png-strong@0.95 {7:0.95 2:0.86 3:0.77 J:0.76} suit=suit-png@0.98 {D:0.94 H:0.83} post=[ocr=miss:empty; ink-ratio:red=0.1759,black=0.0556,inkRed=true,inkRegion=header; cascade:firstFaceTop=970.7,bottomTop=1178.5,faceUpStep=48.90,geomCount=5,finalCount=5,bottomRank=Four,leadingRank=Eight,rankCount=5,diff=0,applied=false,boundary=[not-face-down@faceDownCount=3:teal=0.000,white=0.519,red=0.000,black=0.130],exposedIndex=1,distanceFromBottom=3; deck-constraint:7D->7D~]
  slot tableau:6:5 6C~ conf=0.92 rank=rank-png-strong@0.92 {6:0.92 A:0.83 8:0.83 5:0.83} suit=suit-png@0.92 {C:0.90 S:0.86} post=[black-tiebreak:full=C0.90/S0.86,top=C0.92/S0.84,shape=Spades@0.60;branch=topLeaderDirect->Clubs; ink-ratio:red=0.0000,black=0.2500,inkRed=false,inkRegion=header; cascade:firstFaceTop=970.7,bottomTop=1178.5,faceUpStep=48.90,geomCount=5,finalCount=5,bottomRank=Four,leadingRank=Eight,rankCount=5,diff=0,applied=false,boundary=[not-face-down@faceDownCount=3:teal=0.000,white=0.519,red=0.000,black=0.130],exposedIndex=2,distanceFromBottom=2; deck-constraint:6C->6C~]
  slot tableau:6:6 5D conf=0.94 rank=rank-png-strong@0.94 {5:0.94 6:0.83 K:0.81 9:0.80} suit=suit-png@0.96 {D:0.92 H:0.84} post=[ink-ratio:red=0.1574,black=0.0556,inkRed=true,inkRegion=header; cascade:firstFaceTop=970.7,bottomTop=1178.5,faceUpStep=48.90,geomCount=5,finalCount=5,bottomRank=Four,leadingRank=Eight,rankCount=5,diff=0,applied=false,boundary=[not-face-down@faceDownCount=3:teal=0.000,white=0.519,red=0.000,black=0.130],exposedIndex=3,distanceFromBottom=1]
  slot tableau:6:7 4C~ conf=0.91 rank=rank-png-strong@0.91 {4:0.91 A:0.73 J:0.72 8:0.66} suit=suit-png@0.86 {C:0.90 S:0.89} post=[black-tiebreak:full=C0.90/S0.89,top=C0.86/S0.82,shape=Clubs@0.36;branch=lowTopMargin-shapeLeader->Clubs; ink-ratio:red=0.0000,black=0.2222,inkRed=false; cascade:firstFaceTop=970.7,bottomTop=1178.5,faceUpStep=48.90,geomCount=5,finalCount=5,bottomRank=Four,leadingRank=Eight,rankCount=5,diff=0,applied=false,boundary=[not-face-down@faceDownCount=3:teal=0.000,white=0.519,red=0.000,black=0.130]; deck-constraint:4C->4C~]
  slot waste 3C conf=0.72 rank=rank-ocr@0.62 {Q:0.47 A:0.44 10:0.42 4:0.42} suit=suit-png@0.83 {C:0.83 S:0.77} post=[waste-fusion:legacy=Jack_Clubs,tight=Three_Clubs; whole@756,503,895,713:ocr='3'@0.62; waste-ocr-rank:Three; ocr=miss:empty; black-tiebreak:full=C0.83/S0.77,top=C0.65/S0.47,branch=wideMarginDirect->Clubs; ink-ratio:red=0.0000,black=0.1412,inkRed=false; ocr='3'@0.62; ink-ratio:red=0.0000,black=0.1646,inkRed=false]
18:02:16.834 OUTCOME=ARROW status=Best: Waste -> Tableau 6 score=168.0 (clear-waste,direct-stack,lookahead+10.0) 1187ms conf=0.80 known=25
  frame=1080x2340 elapsed=1187ms conf=0.80 knownFaceUp=25
  timing: queueDelay=93ms detect=1187ms select=2ms total=1282ms
  move=Waste -> Tableau 6 score=168.0 rationale=clear-waste,direct-stack,lookahead+10.0
  runner-up:
    1. Waste -> Foundation 2 score=30.0 (hold-unbalanced,risky-foundation,clear-waste)
    2. Draw from stock score=-27.0 (defer-draw-waste)
    3. Foundation 1 -> Tableau 7 score=-47.0 (pull-from-foundation,lookahead+10.0)
  from=(824,608) to=(839,1372)
  signature=Three_Clubs|Three_Diamonds;Two_Clubs;-;-|King_Diamonds,Queen_Clubs,Jack_Hearts;;King_Clubs;King_Hearts,Queen_Spades,Jack_Diamonds,Ten_Spades,Nine_Diamonds,Eight_Spades;D,Five_Hearts;D,D,D,D,Nine_Clubs,Eight_Diamonds,Seven_Clubs,Six_Diamonds,Five_Clubs,Four_Hearts;D,D,D,Eight_Clubs,Seven_Diamonds,Six_Clubs,Five_Diamonds,Four_Clubs
  diag: boardConfidence=0.85
  diag: profile=solitaire_smash_s25
  diag: stock=face-down-stock
  diag: foundation0=match-Three-Diamonds@0.79:TD
  diag: foundation1=match-Two-Clubs@0.83:TC
  diag: foundation2=empty-color:null
  diag: foundation3=empty-color:null
  diag: tableau0.faceScan=rowHeight=5.74,lastWhiteBottom=1130.3,whiteRows=50,minimumRows=7,breakY=1164.7
  diag: tableau0.region=937.5-1130.3
  diag: tableau0=King_Diamonds,Queen_Clubs,Jack_Diamonds
  diag: tableau1.faceScan=rowHeight=5.74,lastWhiteBottom=1027.0,whiteRows=1,minimumRows=7,breakY=1061.5
  diag: tableau1=
  diag: tableau2.faceScan=rowHeight=5.74,lastWhiteBottom=1032.8,whiteRows=34,minimumRows=7,breakY=1067.2
  diag: tableau2.region=840.0-1032.8
  diag: tableau2=King_Clubs
  diag: tableau3.faceScan=rowHeight=5.74,lastWhiteBottom=1273.7,whiteRows=73,minimumRows=7,breakY=1308.1
  diag: tableau3.region=1081.0-1273.7
  diag: tableau3=King_Diamonds,Queen_Clubs,Jack_Diamonds,Ten_Clubs,Nine_Diamonds,Eight_Clubs
  diag: tableau4.faceScan=rowHeight=5.74,lastWhiteBottom=1078.7,whiteRows=35,minimumRows=7,breakY=1113.1
  diag: tableau4.region=885.9-1078.7
  diag: tableau4=D,Five_Hearts
  diag: tableau5.faceScan=rowHeight=5.74,lastWhiteBottom=1468.8,whiteRows=78,minimumRows=7,breakY=1503.2
  diag: tableau5.region=1276.0-1468.8
  diag: tableau5=D,D,D,D,Nine_Clubs,Eight_Diamonds,Seven_Clubs,Six_Diamonds,Five_Clubs,Four_Diamonds
  diag: tableau6.faceScan=rowHeight=5.74,lastWhiteBottom=1371.2,whiteRows=70,minimumRows=7,breakY=1405.7
  diag: tableau6.region=1178.5-1371.2
  diag: tableau6=D,D,D,Eight_Clubs,Seven_Diamonds,Six_Clubs,Five_Diamonds,Four_Clubs
  diag: wasteOcr:relevant=true,ms=46,overlapped=true
  diag: waste=fused-Three-Clubs:TC
  diag: waste-regions=exact:755-893:match-Three-Clubs@0.62,legacy:750-907:match-Three-Clubs@0.71
  diag: waste-rank-scores={Ace=0.45014578, Two=0.39454976, Three=0.37878788, Four=0.43525425, Five=0.4094307, Six=0.381798, Seven=0.32278088, Eight=0.38817203, Nine=0.37117904, Ten=0.4089422, Jack=0.39496356, Queen=0.46002316, King=0.41791046}
  diag: waste-suit-scores={Clubs=0.72145146, Spades=0.6281987}
  diag: whole@754,503,893,713:ocr='3'@0.62
  diag: waste-ocr-rank=Three
  diag: livePlayScreen=true
  diag: gameFooter=true
  diag: lobbyScreen=false
  diag: knownFaceUp=25
  diag: timing:total=1185ms,tableau=1508ms[c0=381,c1=15,c2=530,c3=405,c4=29,c5=77,c6=71],scrub=47ms,deckConstraint=1ms,recognize:hits=23,misses=7,missTime=1306ms,missReason:newKey=0,fingerprint=7,bounds=0
  recognition:
  slot foundation:0 3D conf=0.79 rank=rank-png-strong@0.79 {3:0.79 J:0.76 8:0.73 4:0.71} suit=suit-png@0.96 {D:0.92 H:0.82} post=[ink-ratio:red=0.1687,black=0.0000,inkRed=true]
  slot foundation:1 2C conf=0.83 rank=rank-png-strong@0.83 {2:0.83 7:0.77 J:0.72 3:0.72} suit=suit-png@0.81 {C:0.81 S:0.74} post=[black-tiebreak:full=C0.81/S0.74,top=C0.58/S0.52,branch=wideMarginDirect->Clubs; ink-ratio:red=0.0000,black=0.1811,inkRed=false]
  slot tableau:0 KD conf=0.89 rank=rank-png-strong@0.89 {K:0.89 6:0.82 8:0.80 5:0.79} suit=suit-png@0.99 {H:0.95 D:0.81} post=[ink-ratio:red=0.2685,black=0.0000,inkRed=true,inkRegion=header; cascade:firstFaceTop=837.7,bottomTop=937.5,faceUpStep=48.90,geomCount=3,finalCount=3,bottomRank=Jack,leadingRank=King,rankCount=3,diff=0,applied=false,boundary=[not-face-down@faceDownCount=0:teal=0.000,white=0.519,red=0.352,black=0.000],exposedIndex=0,distanceFromBottom=2; deck-constraint:KH->KD]
  slot tableau:0:1 QC conf=0.86 rank=rank-png-strong@0.86 {Q:0.86 9:0.75 8:0.72 10:0.71} suit=suit-opencv@0.52 {S:0.91 C:0.89} post=[ocr=miss:empty; ink-ratio:red=0.0000,black=0.3426,inkRed=false,inkRegion=header; post-black-suit:Spades->Clubs; black-tiebreak2:full=C0.66/S0.66,top=C0.74/S0.69,shape=none;branch=topLeaderDirect->Clubs; cascade:firstFaceTop=837.7,bottomTop=937.5,faceUpStep=48.90,geomCount=3,finalCount=3,bottomRank=Jack,leadingRank=King,rankCount=3,diff=0,applied=false,boundary=[not-face-down@faceDownCount=0:teal=0.000,white=0.519,red=0.352,black=0.000],exposedIndex=1,distanceFromBottom=1; deck-constraint:QC~->QC]
  slot tableau:0:2 JH conf=0.83 rank=rank-png-strong@0.83 {J:0.83 4:0.71 7:0.70 3:0.68} suit=suit-png@0.98 {H:0.94 D:0.80} post=[ink-ratio:red=0.1689,black=0.0400,inkRed=true; cascade:firstFaceTop=837.7,bottomTop=937.5,faceUpStep=48.90,geomCount=3,finalCount=3,bottomRank=Jack,leadingRank=King,rankCount=3,diff=0,applied=false,boundary=[not-face-down@faceDownCount=0:teal=0.000,white=0.519,red=0.352,black=0.000]]
  slot tableau:2 KC conf=0.93 rank=rank-png-strong@0.93 {K:0.93 2:0.78 8:0.78 10:0.78} suit=suit-png@0.82 {S:0.90 C:0.88} post=[black-tiebreak:full=C0.88/S0.90,top=C0.82/S0.86,shape=Clubs@0.36;branch=topSpade-clubShapeVetoWins->Clubs; ink-ratio:red=0.0000,black=0.2060,inkRed=false; cascade:firstFaceTop=837.7,bottomTop=840.0,faceUpStep=48.90,geomCount=1,finalCount=1,bottomRank=King,leadingRank=King,rankCount=1,diff=0,applied=false,boundary=[ran-out-of-room]]
  slot tableau:3 KH conf=0.87 rank=rank-png-strong@0.87 {K:0.87 6:0.81 8:0.81 5:0.78} suit=suit-png@0.92 {D:0.88 H:0.85} post=[ink-ratio:red=0.3148,black=0.0000,inkRed=true,inkRegion=header; cascade:firstFaceTop=837.7,bottomTop=1081.0,faceUpStep=48.90,geomCount=6,finalCount=6,bottomRank=Eight,leadingRank=King,rankCount=6,diff=0,applied=false,boundary=[not-face-down@faceDownCount=0:teal=0.000,white=0.556,red=0.426,black=0.000],exposedIndex=0,distanceFromBottom=5]
  slot tableau:3:1 QS conf=0.90 rank=rank-png-strong@0.90 {Q:0.90 9:0.80 8:0.77 6:0.76} suit=suit-png@0.93 {S:0.93 C:0.87} post=[black-tiebreak:full=C0.87/S0.93,top=C0.81/S0.91,branch=wideMarginDirect->Spades; ink-ratio:red=0.0000,black=0.2222,inkRed=false,inkRegion=header; cascade:firstFaceTop=837.7,bottomTop=1081.0,faceUpStep=48.90,geomCount=6,finalCount=6,bottomRank=Eight,leadingRank=King,rankCount=6,diff=0,applied=false,boundary=[not-face-down@faceDownCount=0:teal=0.000,white=0.556,red=0.426,black=0.000],exposedIndex=1,distanceFromBottom=4]
  slot tableau:3:2 JD conf=0.88 rank=rank-png-strong@0.88 {J:0.88 4:0.82 7:0.73 A:0.72} suit=suit-png@0.97 {D:0.93 H:0.85} post=[ocr=miss:empty; ink-ratio:red=0.1759,black=0.0000,inkRed=true,inkRegion=header; cascade:firstFaceTop=837.7,bottomTop=1081.0,faceUpStep=48.90,geomCount=6,finalCount=6,bottomRank=Eight,leadingRank=King,rankCount=6,diff=0,applied=false,boundary=[not-face-down@faceDownCount=0:teal=0.000,white=0.556,red=0.426,black=0.000],exposedIndex=2,distanceFromBottom=3]
  slot tableau:3:3 10S~ conf=0.87 rank=rank-png-strong@0.87 {10:0.87 Q:0.74 8:0.71 9:0.70} suit=suit-png@0.89 {S:0.94 C:0.89} post=[black-tiebreak:full=C0.89/S0.94,top=C0.79/S0.89,shape=none;branch=topLeaderDirect->Spades; ink-ratio:red=0.0000,black=0.2870,inkRed=false,inkRegion=header; cascade:firstFaceTop=837.7,bottomTop=1081.0,faceUpStep=48.90,geomCount=6,finalCount=6,bottomRank=Eight,leadingRank=King,rankCount=6,diff=0,applied=false,boundary=[not-face-down@faceDownCount=0:teal=0.000,white=0.556,red=0.426,black=0.000],exposedIndex=3,distanceFromBottom=2; deck-constraint:10S->10S~]
  slot tableau:3:4 9D~ conf=0.81 rank=rank-png-strong@0.81 {9:0.81 8:0.80 2:0.78 K:0.78} suit=suit-png@0.96 {D:0.92 H:0.87} post=[ink-ratio:red=0.2222,black=0.0000,inkRed=true,inkRegion=header; cascade:firstFaceTop=837.7,bottomTop=1081.0,faceUpStep=48.90,geomCount=6,finalCount=6,bottomRank=Eight,leadingRank=King,rankCount=6,diff=0,applied=false,boundary=[not-face-down@faceDownCount=0:teal=0.000,white=0.556,red=0.426,black=0.000],exposedIndex=4,distanceFromBottom=1; deck-constraint:9D->9D~]
  slot tableau:3:5 8S conf=0.90 rank=rank-png-strong@0.90 {8:0.90 6:0.81 3:0.78 9:0.77} suit=suit-png@0.95 {S:0.95 C:0.88} post=[black-tiebreak:full=C0.88/S0.95,top=C0.79/S0.95,branch=wideMarginDirect->Spades; ink-ratio:red=0.0000,black=0.2200,inkRed=false; cascade:firstFaceTop=837.7,bottomTop=1081.0,faceUpStep=48.90,geomCount=6,finalCount=6,bottomRank=Eight,leadingRank=King,rankCount=6,diff=0,applied=false,boundary=[not-face-down@faceDownCount=0:teal=0.000,white=0.556,red=0.426,black=0.000]]
  slot tableau:4:1 5H conf=0.81 rank=rank-png-strong@0.81 {5:0.81 3:0.77 6:0.76 8:0.76} suit=suit-png@0.99 {H:0.95 D:0.81} post=[ink-ratio:red=0.2000,black=0.0000,inkRed=true; cascade:firstFaceTop=882.1,bottomTop=885.9,faceUpStep=48.90,geomCount=1,finalCount=1,bottomRank=Five,leadingRank=Five,rankCount=1,diff=0,applied=false,boundary=[ran-out-of-room]]
  slot tableau:5:4 9C~ conf=0.87 rank=rank-png-strong@0.87 {9:0.87 A:0.86 8:0.83 Q:0.82} suit=suit-png@0.93 {C:0.93 S:0.88} post=[black-tiebreak:full=C0.93/S0.88,top=C0.93/S0.82,shape=Spades@1.12;branch=topLeaderDirect->Clubs; ink-ratio:red=0.0000,black=0.1852,inkRed=false,inkRegion=header; cascade:firstFaceTop=1015.1,bottomTop=1276.0,faceUpStep=48.90,geomCount=6,finalCount=6,bottomRank=Four,leadingRank=Nine,rankCount=6,diff=0,applied=false,boundary=[not-face-down@faceDownCount=4:teal=0.315,white=0.593,red=0.000,black=0.056],exposedIndex=0,distanceFromBottom=5; deck-constraint:9C->9C~]
  slot tableau:5:5 8D~ conf=0.87 rank=rank-png-strong@0.87 {8:0.87 A:0.86 9:0.83 4:0.82} suit=suit-png@0.87 {D:0.87 H:0.76} post=[ink-ratio:red=0.1759,black=0.0370,inkRed=true,inkRegion=header; cascade:firstFaceTop=1015.1,bottomTop=1276.0,faceUpStep=48.90,geomCount=6,finalCount=6,bottomRank=Four,leadingRank=Nine,rankCount=6,diff=0,applied=false,boundary=[not-face-down@faceDownCount=4:teal=0.315,white=0.593,red=0.000,black=0.056],exposedIndex=1,distanceFromBottom=4; deck-constraint:8D->8D~]
  slot tableau:5:7 6D~ conf=0.87 rank=rank-png-strong@0.87 {6:0.87 A:0.83 4:0.81 8:0.81} suit=suit-png@0.87 {D:0.87 H:0.76} post=[ink-ratio:red=0.1852,black=0.0185,inkRed=true,inkRegion=header; cascade:firstFaceTop=1015.1,bottomTop=1276.0,faceUpStep=48.90,geomCount=6,finalCount=6,bottomRank=Four,leadingRank=Nine,rankCount=6,diff=0,applied=false,boundary=[not-face-down@faceDownCount=4:teal=0.315,white=0.593,red=0.000,black=0.056],exposedIndex=3,distanceFromBottom=2; deck-constraint:6D->6D~]
  slot tableau:5:8 5C~ conf=0.84 rank=rank-png-strong@0.84 {5:0.84 6:0.83 8:0.80 9:0.80} suit=suit-png@0.79 {C:0.79 D:0.79 H:0.72 S:0.67} post=[ink-ratio:red=0.0278,black=0.1759,inkRed=null,inkRegion=header; cascade:firstFaceTop=1015.1,bottomTop=1276.0,faceUpStep=48.90,geomCount=6,finalCount=6,bottomRank=Four,leadingRank=Nine,rankCount=6,diff=0,applied=false,boundary=[not-face-down@faceDownCount=4:teal=0.315,white=0.593,red=0.000,black=0.056],exposedIndex=4,distanceFromBottom=1; deck-constraint:5C->5C~]
  slot tableau:5:9 4H~ conf=0.89 rank=rank-png-strong@0.89 {4:0.89 A:0.74 J:0.71 8:0.66} suit=suit-png@0.99 {H:0.95 D:0.79} post=[ink-ratio:red=0.1875,black=0.0000,inkRed=true; cascade:firstFaceTop=1015.1,bottomTop=1276.0,faceUpStep=48.90,geomCount=6,finalCount=6,bottomRank=Four,leadingRank=Nine,rankCount=6,diff=0,applied=false,boundary=[not-face-down@faceDownCount=4:teal=0.315,white=0.593,red=0.000,black=0.056]; deck-constraint:4H->4H~]
  slot tableau:6:3 8C conf=0.93 rank=rank-png-strong@0.93 {8:0.93 9:0.84 6:0.83 A:0.83} suit=suit-png@0.91 {C:0.90 S:0.85} post=[black-tiebreak:full=C0.90/S0.85,top=C0.91/S0.83,shape=Spades@0.60;branch=topLeaderDirect->Clubs; ink-ratio:red=0.0000,black=0.2407,inkRed=false,inkRegion=header; cascade:firstFaceTop=970.7,bottomTop=1178.5,faceUpStep=48.90,geomCount=5,finalCount=5,bottomRank=Four,leadingRank=Eight,rankCount=5,diff=0,applied=false,boundary=[not-face-down@faceDownCount=3:teal=0.000,white=0.519,red=0.000,black=0.130],exposedIndex=0,distanceFromBottom=4]
  slot tableau:6:4 7D~ conf=0.95 rank=rank-png-strong@0.95 {7:0.95 2:0.86 3:0.77 J:0.76} suit=suit-png@0.98 {D:0.94 H:0.83} post=[ocr=miss:empty; ink-ratio:red=0.1759,black=0.0556,inkRed=true,inkRegion=header; cascade:firstFaceTop=970.7,bottomTop=1178.5,faceUpStep=48.90,geomCount=5,finalCount=5,bottomRank=Four,leadingRank=Eight,rankCount=5,diff=0,applied=false,boundary=[not-face-down@faceDownCount=3:teal=0.000,white=0.519,red=0.000,black=0.130],exposedIndex=1,distanceFromBottom=3; deck-constraint:7D->7D~]
  slot tableau:6:5 6C~ conf=0.92 rank=rank-png-strong@0.92 {6:0.92 A:0.83 8:0.83 5:0.83} suit=suit-png@0.92 {C:0.90 S:0.86} post=[black-tiebreak:full=C0.90/S0.86,top=C0.92/S0.84,shape=Spades@0.60;branch=topLeaderDirect->Clubs; ink-ratio:red=0.0000,black=0.2500,inkRed=false,inkRegion=header; cascade:firstFaceTop=970.7,bottomTop=1178.5,faceUpStep=48.90,geomCount=5,finalCount=5,bottomRank=Four,leadingRank=Eight,rankCount=5,diff=0,applied=false,boundary=[not-face-down@faceDownCount=3:teal=0.000,white=0.519,red=0.000,black=0.130],exposedIndex=2,distanceFromBottom=2; deck-constraint:6C->6C~]
  slot tableau:6:6 5D conf=0.94 rank=rank-png-strong@0.94 {5:0.94 6:0.83 K:0.81 9:0.80} suit=suit-png@0.96 {D:0.92 H:0.84} post=[ink-ratio:red=0.1574,black=0.0556,inkRed=true,inkRegion=header; cascade:firstFaceTop=970.7,bottomTop=1178.5,faceUpStep=48.90,geomCount=5,finalCount=5,bottomRank=Four,leadingRank=Eight,rankCount=5,diff=0,applied=false,boundary=[not-face-down@faceDownCount=3:teal=0.000,white=0.519,red=0.000,black=0.130],exposedIndex=3,distanceFromBottom=1]
  slot tableau:6:7 4C~ conf=0.91 rank=rank-png-strong@0.91 {4:0.91 A:0.73 J:0.72 8:0.66} suit=suit-png@0.86 {C:0.90 S:0.89} post=[black-tiebreak:full=C0.90/S0.89,top=C0.86/S0.82,shape=Clubs@0.36;branch=lowTopMargin-shapeLeader->Clubs; ink-ratio:red=0.0000,black=0.2222,inkRed=false; cascade:firstFaceTop=970.7,bottomTop=1178.5,faceUpStep=48.90,geomCount=5,finalCount=5,bottomRank=Four,leadingRank=Eight,rankCount=5,diff=0,applied=false,boundary=[not-face-down@faceDownCount=3:teal=0.000,white=0.519,red=0.000,black=0.130]; deck-constraint:4C->4C~]
  slot waste 3C conf=0.71 rank=rank-ocr@0.62 {Q:0.46 A:0.45 4:0.44 K:0.42} suit=suit-png@0.72 {C:0.72 S:0.63} post=[waste-fusion:legacy=Three_Clubs,tight=Three_Clubs; whole@754,503,893,713:ocr='3'@0.62; waste-ocr-rank:Three; black-tiebreak:full=C0.72/S0.62,top=C0.37/S0.23,branch=wideMarginDirect->Clubs; ink-ratio:red=0.0139,black=0.1505,inkRed=false; ocr='3'@0.62; black-tiebreak:full=C0.72/S0.63,top=C0.36/S0.26,branch=wideMarginDirect->Clubs; ink-ratio:red=0.0123,black=0.1584,inkRed=false]
18:02:17.806 OUTCOME=ARROW status=Best: Waste -> Foundation 3 score=118.0 (safe-foundation,clear-waste,lookahead+10.0) 960ms conf=0.88 known=26
  frame=1080x2340 elapsed=960ms conf=0.88 knownFaceUp=26
  timing: queueDelay=79ms detect=960ms select=6ms total=1045ms
  move=Waste -> Foundation 3 score=118.0 rationale=safe-foundation,clear-waste,lookahead+10.0
  runner-up:
    1. Draw from stock score=18.0 (draw,lookahead+10.0)
    2. Tableau 6 -> Foundation 2 score=15.0 (hold-unbalanced,risky-foundation,lookahead+10.0)
    3. Foundation 1 -> Tableau 7 score=-47.0 (pull-from-foundation,lookahead+10.0)
  from=(826,608) to=(388,608)
  signature=Ace_Clubs|Three_Diamonds;Two_Clubs;-;-|King_Hearts,Queen_Clubs,Jack_Hearts;;King_Clubs;King_Diamonds,Queen_Spades,Jack_Diamonds,Ten_Spades,Nine_Diamonds,Eight_Spades;D,Five_Hearts;D,D,D,D,Nine_Clubs,Eight_Diamonds,Seven_Clubs,Six_Diamonds,Five_Clubs,Four_Hearts,Three_Clubs;D,D,D,Eight_Clubs,Seven_Diamonds,Six_Clubs,Five_Diamonds,Four_Clubs
  diag: boardConfidence=0.85
  diag: profile=solitaire_smash_s25
  diag: stock=face-down-stock
  diag: foundation0=match-Three-Diamonds@0.79:TD
  diag: foundation1=match-Two-Clubs@0.83:TC
  diag: foundation2=empty-color:null
  diag: foundation3=empty-color:null
  diag: tableau0.faceScan=rowHeight=5.74,lastWhiteBottom=1130.3,whiteRows=50,minimumRows=7,breakY=1164.7
  diag: tableau0.region=937.5-1130.3
  diag: tableau0=King_Diamonds,Queen_Clubs,Jack_Diamonds
  diag: tableau1.faceScan=rowHeight=5.74,lastWhiteBottom=1027.0,whiteRows=1,minimumRows=7,breakY=1061.5
  diag: tableau1=
  diag: tableau2.faceScan=rowHeight=5.74,lastWhiteBottom=1032.8,whiteRows=34,minimumRows=7,breakY=1067.2
  diag: tableau2.region=840.0-1032.8
  diag: tableau2=King_Clubs
  diag: tableau3.faceScan=rowHeight=5.74,lastWhiteBottom=1273.7,whiteRows=73,minimumRows=7,breakY=1308.1
  diag: tableau3.region=1081.0-1273.7
  diag: tableau3=King_Diamonds,Queen_Clubs,Jack_Diamonds,Ten_Clubs,Nine_Diamonds,Eight_Clubs
  diag: tableau4.faceScan=rowHeight=5.74,lastWhiteBottom=1078.7,whiteRows=35,minimumRows=7,breakY=1113.1
  diag: tableau4.region=885.9-1078.7
  diag: tableau4=D,Five_Hearts
  diag: tableau5.faceScan=rowHeight=5.74,lastWhiteBottom=1520.4,whiteRows=87,minimumRows=7,breakY=1554.8
  diag: tableau5.region=1327.6-1520.4
  diag: tableau5=D,D,D,D,Nine_Clubs,Eight_Diamonds,Seven_Clubs,Six_Diamonds,Five_Clubs,Four_Diamonds,Three_Clubs
  diag: tableau6.faceScan=rowHeight=5.74,lastWhiteBottom=1371.2,whiteRows=70,minimumRows=7,breakY=1405.7
  diag: tableau6.region=1178.5-1371.2
  diag: tableau6=D,D,D,Eight_Clubs,Seven_Diamonds,Six_Clubs,Five_Diamonds,Four_Clubs
  diag: wasteOcr:relevant=true,ms=103,overlapped=true
  diag: waste=fused-Ace-Clubs:AC
  diag: waste-regions=exact:757-895:face-up-color-black-rank=bitmap-Five@0.52,legacy:750-907:match-Ace-Clubs@0.94
  diag: waste-rank-scores={Ace=0.41091493, Two=0.4539007, Three=0.47178936, Four=0.37529692, Five=0.522293, Six=0.4417303, Seven=0.38496584, Eight=0.4776828, Nine=0.47142133, Ten=0.45252526, Jack=0.46795648, Queen=0.48092002, King=0.43909627}
  diag: waste-suit-scores={Hearts=0.8139764, Diamonds=0.914324, Clubs=0.82978725, Spades=0.7739177}
  diag: whole@756,503,895,713:ocr='A'@0.62
  diag: waste-ocr-rank=Ace
  diag: livePlayScreen=true
  diag: gameFooter=true
  diag: lobbyScreen=false
  diag: knownFaceUp=26
  diag: timing:total=950ms,tableau=2469ms[c0=378,c1=21,c2=752,c3=429,c4=36,c5=791,c6=61],scrub=0ms,deckConstraint=3ms,recognize:hits=17,misses=14,missTime=2378ms,missReason:newKey=1,fingerprint=13,bounds=0
  recognition:
  slot foundation:0 3D conf=0.79 rank=rank-png-strong@0.79 {3:0.79 J:0.76 8:0.73 4:0.71} suit=suit-png@0.96 {D:0.92 H:0.82} post=[ink-ratio:red=0.1687,black=0.0000,inkRed=true]
  slot foundation:1 2C conf=0.83 rank=rank-png-strong@0.83 {2:0.83 7:0.77 J:0.72 3:0.72} suit=suit-png@0.81 {C:0.81 S:0.74} post=[black-tiebreak:full=C0.81/S0.74,top=C0.58/S0.52,branch=wideMarginDirect->Clubs; ink-ratio:red=0.0000,black=0.1811,inkRed=false]
  slot tableau:0 KH conf=0.89 rank=rank-png-strong@0.89 {K:0.89 6:0.82 8:0.80 5:0.79} suit=suit-png@0.99 {H:0.95 D:0.81} post=[ink-ratio:red=0.2685,black=0.0000,inkRed=true,inkRegion=header; cascade:firstFaceTop=837.7,bottomTop=937.5,faceUpStep=48.90,geomCount=3,finalCount=3,bottomRank=Jack,leadingRank=King,rankCount=3,diff=0,applied=false,boundary=[not-face-down@faceDownCount=0:teal=0.000,white=0.519,red=0.352,black=0.000],exposedIndex=0,distanceFromBottom=2]
  slot tableau:0:1 QC conf=0.86 rank=rank-png-strong@0.86 {Q:0.86 9:0.75 8:0.72 10:0.71} suit=suit-opencv@0.52 {S:0.91 C:0.89} post=[ocr=miss:empty; ink-ratio:red=0.0000,black=0.3426,inkRed=false,inkRegion=header; post-black-suit:Spades->Clubs; black-tiebreak2:full=C0.66/S0.66,top=C0.74/S0.69,shape=none;branch=topLeaderDirect->Clubs; cascade:firstFaceTop=837.7,bottomTop=937.5,faceUpStep=48.90,geomCount=3,finalCount=3,bottomRank=Jack,leadingRank=King,rankCount=3,diff=0,applied=false,boundary=[not-face-down@faceDownCount=0:teal=0.000,white=0.519,red=0.352,black=0.000],exposedIndex=1,distanceFromBottom=1; deck-constraint:QC~->QC]
  slot tableau:0:2 JH conf=0.83 rank=rank-png-strong@0.83 {J:0.83 4:0.71 7:0.70 3:0.68} suit=suit-png@0.98 {H:0.94 D:0.80} post=[ink-ratio:red=0.1689,black=0.0400,inkRed=true; cascade:firstFaceTop=837.7,bottomTop=937.5,faceUpStep=48.90,geomCount=3,finalCount=3,bottomRank=Jack,leadingRank=King,rankCount=3,diff=0,applied=false,boundary=[not-face-down@faceDownCount=0:teal=0.000,white=0.519,red=0.352,black=0.000]]
  slot tableau:2 KC conf=0.93 rank=rank-png-strong@0.93 {K:0.93 2:0.78 8:0.78 10:0.78} suit=suit-png@0.82 {S:0.90 C:0.88} post=[black-tiebreak:full=C0.88/S0.90,top=C0.82/S0.86,shape=Clubs@0.36;branch=topSpade-clubShapeVetoWins->Clubs; ink-ratio:red=0.0000,black=0.2361,inkRed=false; cascade:firstFaceTop=837.7,bottomTop=840.0,faceUpStep=48.90,geomCount=1,finalCount=1,bottomRank=King,leadingRank=King,rankCount=1,diff=0,applied=false,boundary=[ran-out-of-room]]
  slot tableau:3 KD conf=0.87 rank=rank-png-strong@0.87 {K:0.87 6:0.81 8:0.81 5:0.78} suit=suit-png@0.98 {D:0.94 H:0.84} post=[ink-ratio:red=0.2685,black=0.0000,inkRed=true,inkRegion=header; cascade:firstFaceTop=837.7,bottomTop=1081.0,faceUpStep=48.90,geomCount=6,finalCount=6,bottomRank=Eight,leadingRank=King,rankCount=6,diff=0,applied=false,boundary=[not-face-down@faceDownCount=0:teal=0.000,white=0.667,red=0.333,black=0.000],exposedIndex=0,distanceFromBottom=5]
  slot tableau:3:1 QS conf=0.91 rank=rank-png-strong@0.91 {Q:0.91 9:0.80 8:0.75 6:0.74} suit=suit-png@0.93 {S:0.93 C:0.87} post=[black-tiebreak:full=C0.87/S0.93,top=C0.81/S0.91,branch=wideMarginDirect->Spades; ink-ratio:red=0.0000,black=0.2778,inkRed=false,inkRegion=header; cascade:firstFaceTop=837.7,bottomTop=1081.0,faceUpStep=48.90,geomCount=6,finalCount=6,bottomRank=Eight,leadingRank=King,rankCount=6,diff=0,applied=false,boundary=[not-face-down@faceDownCount=0:teal=0.000,white=0.667,red=0.333,black=0.000],exposedIndex=1,distanceFromBottom=4]
  slot tableau:3:2 JD conf=0.88 rank=rank-png-strong@0.88 {J:0.88 4:0.82 7:0.73 A:0.72} suit=suit-png@0.97 {D:0.93 H:0.85} post=[ocr=miss:empty; ink-ratio:red=0.1759,black=0.0000,inkRed=true,inkRegion=header; cascade:firstFaceTop=837.7,bottomTop=1081.0,faceUpStep=48.90,geomCount=6,finalCount=6,bottomRank=Eight,leadingRank=King,rankCount=6,diff=0,applied=false,boundary=[not-face-down@faceDownCount=0:teal=0.000,white=0.667,red=0.333,black=0.000],exposedIndex=2,distanceFromBottom=3]
  slot tableau:3:3 10S~ conf=0.87 rank=rank-png-strong@0.87 {10:0.87 Q:0.74 8:0.71 9:0.70} suit=suit-png@0.89 {S:0.94 C:0.89} post=[black-tiebreak:full=C0.89/S0.94,top=C0.79/S0.89,shape=none;branch=topLeaderDirect->Spades; ink-ratio:red=0.0000,black=0.2870,inkRed=false,inkRegion=header; cascade:firstFaceTop=837.7,bottomTop=1081.0,faceUpStep=48.90,geomCount=6,finalCount=6,bottomRank=Eight,leadingRank=King,rankCount=6,diff=0,applied=false,boundary=[not-face-down@faceDownCount=0:teal=0.000,white=0.667,red=0.333,black=0.000],exposedIndex=3,distanceFromBottom=2; deck-constraint:10S->10S~]
  slot tableau:3:4 9D~ conf=0.81 rank=rank-png-strong@0.81 {9:0.81 8:0.80 2:0.78 K:0.78} suit=suit-png@0.96 {D:0.92 H:0.87} post=[ink-ratio:red=0.2222,black=0.0000,inkRed=true,inkRegion=header; cascade:firstFaceTop=837.7,bottomTop=1081.0,faceUpStep=48.90,geomCount=6,finalCount=6,bottomRank=Eight,leadingRank=King,rankCount=6,diff=0,applied=false,boundary=[not-face-down@faceDownCount=0:teal=0.000,white=0.667,red=0.333,black=0.000],exposedIndex=4,distanceFromBottom=1; deck-constraint:9D->9D~]
  slot tableau:3:5 8S conf=0.90 rank=rank-png-strong@0.90 {8:0.90 6:0.81 3:0.78 9:0.77} suit=suit-png@0.95 {S:0.95 C:0.88} post=[black-tiebreak:full=C0.88/S0.95,top=C0.79/S0.95,branch=wideMarginDirect->Spades; ink-ratio:red=0.0000,black=0.2200,inkRed=false; cascade:firstFaceTop=837.7,bottomTop=1081.0,faceUpStep=48.90,geomCount=6,finalCount=6,bottomRank=Eight,leadingRank=King,rankCount=6,diff=0,applied=false,boundary=[not-face-down@faceDownCount=0:teal=0.000,white=0.667,red=0.333,black=0.000]]
  slot tableau:4:1 5H conf=0.81 rank=rank-png-strong@0.81 {5:0.81 3:0.77 6:0.76 8:0.76} suit=suit-png@0.99 {H:0.95 D:0.81} post=[ink-ratio:red=0.2000,black=0.0000,inkRed=true; cascade:firstFaceTop=882.1,bottomTop=885.9,faceUpStep=48.90,geomCount=1,finalCount=1,bottomRank=Five,leadingRank=Five,rankCount=1,diff=0,applied=false,boundary=[ran-out-of-room]]
  slot tableau:5:4 9C~ conf=0.87 rank=rank-png-strong@0.87 {9:0.87 A:0.85 8:0.83 Q:0.82} suit=suit-png@0.93 {C:0.93 S:0.88} post=[black-tiebreak:full=C0.93/S0.88,top=C0.93/S0.82,shape=Spades@1.12;branch=topLeaderDirect->Clubs; ink-ratio:red=0.0000,black=0.1852,inkRed=false,inkRegion=header; cascade:firstFaceTop=1015.1,bottomTop=1327.6,faceUpStep=48.90,geomCount=7,finalCount=7,bottomRank=Three,leadingRank=Nine,rankCount=7,diff=0,applied=false,boundary=[not-face-down@faceDownCount=4:teal=0.278,white=0.519,red=0.000,black=0.056],exposedIndex=0,distanceFromBottom=6; deck-constraint:9C->9C~]
  slot tableau:5:5 8D~ conf=0.87 rank=rank-png-strong@0.87 {8:0.87 A:0.86 9:0.83 4:0.82} suit=suit-png@0.87 {D:0.87 H:0.76} post=[ink-ratio:red=0.1759,black=0.0370,inkRed=true,inkRegion=header; cascade:firstFaceTop=1015.1,bottomTop=1327.6,faceUpStep=48.90,geomCount=7,finalCount=7,bottomRank=Three,leadingRank=Nine,rankCount=7,diff=0,applied=false,boundary=[not-face-down@faceDownCount=4:teal=0.278,white=0.519,red=0.000,black=0.056],exposedIndex=1,distanceFromBottom=5; deck-constraint:8D->8D~]
  slot tableau:5:7 6D~ conf=0.87 rank=rank-png-strong@0.87 {6:0.87 A:0.83 4:0.81 8:0.81} suit=suit-png@0.87 {D:0.87 H:0.76} post=[ink-ratio:red=0.1852,black=0.0185,inkRed=true,inkRegion=header; cascade:firstFaceTop=1015.1,bottomTop=1327.6,faceUpStep=48.90,geomCount=7,finalCount=7,bottomRank=Three,leadingRank=Nine,rankCount=7,diff=0,applied=false,boundary=[not-face-down@faceDownCount=4:teal=0.278,white=0.519,red=0.000,black=0.056],exposedIndex=3,distanceFromBottom=3; deck-constraint:6D->6D~]
  slot tableau:5:8 5C~ conf=0.84 rank=rank-png-strong@0.84 {5:0.84 6:0.83 8:0.80 9:0.80} suit=suit-png@0.79 {C:0.79 D:0.79 H:0.72 S:0.67} post=[ink-ratio:red=0.0278,black=0.1759,inkRed=null,inkRegion=header; cascade:firstFaceTop=1015.1,bottomTop=1327.6,faceUpStep=48.90,geomCount=7,finalCount=7,bottomRank=Three,leadingRank=Nine,rankCount=7,diff=0,applied=false,boundary=[not-face-down@faceDownCount=4:teal=0.278,white=0.519,red=0.000,black=0.056],exposedIndex=4,distanceFromBottom=2; deck-constraint:5C->5C~]
  slot tableau:5:9 4H~ conf=0.90 rank=rank-png-strong@0.90 {4:0.90 A:0.84 J:0.74 8:0.70} suit=suit-png@0.87 {H:0.87 D:0.80} post=[ink-ratio:red=0.2222,black=0.0370,inkRed=true,inkRegion=header; cascade:firstFaceTop=1015.1,bottomTop=1327.6,faceUpStep=48.90,geomCount=7,finalCount=7,bottomRank=Three,leadingRank=Nine,rankCount=7,diff=0,applied=false,boundary=[not-face-down@faceDownCount=4:teal=0.278,white=0.519,red=0.000,black=0.056],exposedIndex=5,distanceFromBottom=1; deck-constraint:4H->4H~]
  slot tableau:5:10 3S~ conf=0.83 rank=rank-png-strong@0.83 {3:0.83 J:0.76 8:0.76 5:0.72} suit=suit-png@0.82 {S:0.90 C:0.86} post=[black-tiebreak:full=C0.86/S0.90,top=C0.74/S0.82,shape=Clubs@0.36;branch=topSpade-widePeakOnlyNoVeto->Spades; ink-ratio:red=0.0000,black=0.1444,inkRed=false; cascade:firstFaceTop=1015.1,bottomTop=1327.6,faceUpStep=48.90,geomCount=7,finalCount=7,bottomRank=Three,leadingRank=Nine,rankCount=7,diff=0,applied=false,boundary=[not-face-down@faceDownCount=4:teal=0.278,white=0.519,red=0.000,black=0.056]; deck-constraint:3S->3S~]
  slot tableau:6:3 8C conf=0.93 rank=rank-png-strong@0.93 {8:0.93 9:0.84 6:0.83 A:0.83} suit=suit-png@0.91 {C:0.90 S:0.85} post=[black-tiebreak:full=C0.90/S0.85,top=C0.91/S0.83,shape=Spades@0.60;branch=topLeaderDirect->Clubs; ink-ratio:red=0.0000,black=0.2407,inkRed=false,inkRegion=header; cascade:firstFaceTop=970.7,bottomTop=1178.5,faceUpStep=48.90,geomCount=5,finalCount=5,bottomRank=Four,leadingRank=Eight,rankCount=5,diff=0,applied=false,boundary=[not-face-down@faceDownCount=3:teal=0.000,white=0.519,red=0.000,black=0.130],exposedIndex=0,distanceFromBottom=4]
  slot tableau:6:4 7D~ conf=0.95 rank=rank-png-strong@0.95 {7:0.95 2:0.86 3:0.77 J:0.76} suit=suit-png@0.98 {D:0.94 H:0.83} post=[ocr=miss:empty; ink-ratio:red=0.1759,black=0.0556,inkRed=true,inkRegion=header; cascade:firstFaceTop=970.7,bottomTop=1178.5,faceUpStep=48.90,geomCount=5,finalCount=5,bottomRank=Four,leadingRank=Eight,rankCount=5,diff=0,applied=false,boundary=[not-face-down@faceDownCount=3:teal=0.000,white=0.519,red=0.000,black=0.130],exposedIndex=1,distanceFromBottom=3; deck-constraint:7D->7D~]
  slot tableau:6:5 6C~ conf=0.92 rank=rank-png-strong@0.92 {6:0.92 A:0.83 8:0.83 5:0.83} suit=suit-png@0.92 {C:0.90 S:0.86} post=[black-tiebreak:full=C0.90/S0.86,top=C0.92/S0.84,shape=Spades@0.60;branch=topLeaderDirect->Clubs; ink-ratio:red=0.0000,black=0.2500,inkRed=false,inkRegion=header; cascade:firstFaceTop=970.7,bottomTop=1178.5,faceUpStep=48.90,geomCount=5,finalCount=5,bottomRank=Four,leadingRank=Eight,rankCount=5,diff=0,applied=false,boundary=[not-face-down@faceDownCount=3:teal=0.000,white=0.519,red=0.000,black=0.130],exposedIndex=2,distanceFromBottom=2; deck-constraint:6C->6C~]
  slot tableau:6:6 5D conf=0.94 rank=rank-png-strong@0.94 {5:0.94 6:0.83 K:0.81 9:0.80} suit=suit-png@0.96 {D:0.92 H:0.84} post=[ink-ratio:red=0.1574,black=0.0556,inkRed=true,inkRegion=header; cascade:firstFaceTop=970.7,bottomTop=1178.5,faceUpStep=48.90,geomCount=5,finalCount=5,bottomRank=Four,leadingRank=Eight,rankCount=5,diff=0,applied=false,boundary=[not-face-down@faceDownCount=3:teal=0.000,white=0.519,red=0.000,black=0.130],exposedIndex=3,distanceFromBottom=1]
  slot tableau:6:7 4C~ conf=0.91 rank=rank-png-strong@0.91 {4:0.91 A:0.73 J:0.72 8:0.66} suit=suit-png@0.86 {C:0.90 S:0.89} post=[black-tiebreak:full=C0.90/S0.89,top=C0.86/S0.82,shape=Clubs@0.36;branch=lowTopMargin-shapeLeader->Clubs; ink-ratio:red=0.0000,black=0.2222,inkRed=false; cascade:firstFaceTop=970.7,bottomTop=1178.5,faceUpStep=48.90,geomCount=5,finalCount=5,bottomRank=Four,leadingRank=Eight,rankCount=5,diff=0,applied=false,boundary=[not-face-down@faceDownCount=3:teal=0.000,white=0.519,red=0.000,black=0.130]; deck-constraint:4C->4C~]
  slot waste AC conf=0.94 rank=rank-png-strong@0.94 {5:0.52 Q:0.48 8:0.48 3:0.47} suit=suit-png@0.83 {C:0.83 S:0.77} post=[waste-fusion:legacy=Ace_Clubs,tight=null; whole@756,503,895,713:ocr='A'@0.62; waste-ocr-rank:Ace; black-tiebreak:full=C0.83/S0.77,top=C0.65/S0.47,branch=wideMarginDirect->Clubs; ink-ratio:red=0.0093,black=0.1991,inkRed=false; ocr=miss:empty; ink-ratio:red=0.0082,black=0.2202,inkRed=false]
18:02:18.500 OUTCOME=ARROW status=Best: Waste -> Tableau 5 score=168.0 (clear-waste,direct-stack,lookahead+10.0) 687ms conf=0.80 known=27
  frame=1080x2340 elapsed=687ms conf=0.80 knownFaceUp=27
  timing: queueDelay=134ms detect=687ms select=1ms total=822ms
  move=Waste -> Tableau 5 score=168.0 rationale=clear-waste,direct-stack,lookahead+10.0
  runner-up:
    1. Tableau 6 -> Foundation 2 score=93.0 (safe-foundation,lookahead+10.0)
    2. Draw from stock score=-17.0 (defer-draw-waste,lookahead+10.0)
    3. Foundation 1 -> Tableau 7 score=-47.0 (pull-from-foundation,lookahead+10.0)
  from=(826,608) to=(690,982)
  signature=Four_Spades|Three_Diamonds;Two_Clubs;Ace_Spades;-|King_Hearts,Queen_Clubs,Jack_Hearts;;King_Clubs;King_Diamonds,Queen_Spades,Jack_Diamonds,Ten_Spades,Nine_Diamonds,Eight_Spades;D,Five_Hearts;D,D,D,D,Nine_Clubs,Eight_Diamonds,Seven_Clubs,Six_Diamonds,Five_Clubs,Four_Hearts,Three_Clubs;D,D,D,Eight_Clubs,Seven_Diamonds,Six_Clubs,Five_Diamonds,Four_Clubs
  diag: boardConfidence=0.85
  diag: profile=solitaire_smash_s25
  diag: stock=face-down-stock
  diag: foundation0=match-Three-Diamonds@0.79:TD
  diag: foundation1=match-Two-Clubs@0.83:TC
  diag: foundation2=match-Ace-Spades@0.98:AS
  diag: foundation3=empty-color:null
  diag: tableau0.faceScan=rowHeight=5.74,lastWhiteBottom=1130.3,whiteRows=50,minimumRows=7,breakY=1164.7
  diag: tableau0.region=937.5-1130.3
  diag: tableau0=King_Diamonds,Queen_Clubs,Jack_Diamonds
  diag: tableau1.faceScan=rowHeight=5.74,lastWhiteBottom=1027.0,whiteRows=1,minimumRows=7,breakY=1061.5
  diag: tableau1=
  diag: tableau2.faceScan=rowHeight=5.74,lastWhiteBottom=1032.8,whiteRows=34,minimumRows=7,breakY=1067.2
  diag: tableau2.region=840.0-1032.8
  diag: tableau2=King_Clubs
  diag: tableau3.faceScan=rowHeight=5.74,lastWhiteBottom=1273.7,whiteRows=73,minimumRows=7,breakY=1308.1
  diag: tableau3.region=1081.0-1273.7
  diag: tableau3=King_Diamonds,Queen_Clubs,Jack_Diamonds,Ten_Clubs,Nine_Diamonds,Eight_Clubs
  diag: tableau4.faceScan=rowHeight=5.74,lastWhiteBottom=1078.7,whiteRows=35,minimumRows=7,breakY=1113.1
  diag: tableau4.region=885.9-1078.7
  diag: tableau4=D,Five_Hearts
  diag: tableau5.faceScan=rowHeight=5.74,lastWhiteBottom=1520.4,whiteRows=87,minimumRows=7,breakY=1554.8
  diag: tableau5.region=1327.6-1520.4
  diag: tableau5=D,D,D,D,Nine_Clubs,Eight_Diamonds,Seven_Clubs,Six_Diamonds,Five_Clubs,Four_Diamonds,Three_Clubs
  diag: tableau6.faceScan=rowHeight=5.74,lastWhiteBottom=1371.2,whiteRows=70,minimumRows=7,breakY=1405.7
  diag: tableau6.region=1178.5-1371.2
  diag: tableau6=D,D,D,Eight_Clubs,Seven_Diamonds,Six_Clubs,Five_Diamonds,Four_Clubs
  diag: wasteOcr:relevant=true,ms=226,overlapped=true
  diag: waste=fused-Four-Spades:FS
  diag: waste-regions=exact:757-895:match-Four-Spades@0.69,legacy:750-907:match-Four-Spades@0.69
  diag: waste-rank-scores={Ace=0.3434466, Two=0.33929673, Three=0.4244997, Four=0.32670453, Five=0.4617225, Six=0.41300628, Seven=0.23704663, Eight=0.42430818, Nine=0.40906516, Ten=0.39388794, Jack=0.42441055, Queen=0.45581964, King=0.34494194}
  diag: waste-suit-scores={Clubs=0.83097166, Spades=0.7760556}
  diag: whole@756,503,895,713:ocr='4'@0.62
  diag: waste-ocr-rank=Four
  diag: livePlayScreen=true
  diag: gameFooter=true
  diag: lobbyScreen=false
  diag: knownFaceUp=27
  diag: timing:total=671ms,tableau=1148ms[c0=259,c1=8,c2=44,c3=120,c4=19,c5=637,c6=60],scrub=0ms,deckConstraint=5ms,recognize:hits=21,misses=9,missTime=900ms,missReason:newKey=0,fingerprint=9,bounds=0
  recognition:
  slot foundation:0 3D conf=0.79 rank=rank-png-strong@0.79 {3:0.79 J:0.76 8:0.73 4:0.71} suit=suit-png@0.96 {D:0.92 H:0.82} post=[ink-ratio:red=0.1687,black=0.0000,inkRed=true]
  slot foundation:1 2C conf=0.83 rank=rank-png-strong@0.83 {2:0.83 7:0.77 J:0.72 3:0.72} suit=suit-png@0.81 {C:0.81 S:0.74} post=[black-tiebreak:full=C0.81/S0.74,top=C0.58/S0.52,branch=wideMarginDirect->Clubs; ink-ratio:red=0.0000,black=0.1811,inkRed=false]
  slot foundation:2 AS conf=0.98 rank=rank-png-strong@0.98 {A:0.98 8:0.78 4:0.77 6:0.75} suit=suit-png@0.96 {S:0.92 C:0.89} post=[black-tiebreak:full=C0.89/S0.92,top=C0.79/S0.96,shape=Spades@1.30;branch=topLeaderDirect->Spades; ink-ratio:red=0.0000,black=0.2181,inkRed=false]
  slot tableau:0 KH conf=0.89 rank=rank-png-strong@0.89 {K:0.89 6:0.82 8:0.80 5:0.79} suit=suit-png@0.99 {H:0.95 D:0.81} post=[ink-ratio:red=0.2685,black=0.0000,inkRed=true,inkRegion=header; cascade:firstFaceTop=837.7,bottomTop=937.5,faceUpStep=48.90,geomCount=3,finalCount=3,bottomRank=Jack,leadingRank=King,rankCount=3,diff=0,applied=false,boundary=[not-face-down@faceDownCount=0:teal=0.000,white=0.519,red=0.352,black=0.000],exposedIndex=0,distanceFromBottom=2]
  slot tableau:0:1 QC conf=0.86 rank=rank-png-strong@0.86 {Q:0.86 9:0.75 8:0.72 10:0.71} suit=suit-opencv@0.52 {S:0.91 C:0.89} post=[ocr=miss:empty; ink-ratio:red=0.0000,black=0.3426,inkRed=false,inkRegion=header; post-black-suit:Spades->Clubs; black-tiebreak2:full=C0.66/S0.66,top=C0.74/S0.69,shape=none;branch=topLeaderDirect->Clubs; cascade:firstFaceTop=837.7,bottomTop=937.5,faceUpStep=48.90,geomCount=3,finalCount=3,bottomRank=Jack,leadingRank=King,rankCount=3,diff=0,applied=false,boundary=[not-face-down@faceDownCount=0:teal=0.000,white=0.519,red=0.352,black=0.000],exposedIndex=1,distanceFromBottom=1; deck-constraint:QC~->QC]
  slot tableau:0:2 JH conf=0.83 rank=rank-png-strong@0.83 {J:0.83 4:0.71 7:0.70 3:0.68} suit=suit-png@0.98 {H:0.94 D:0.80} post=[ink-ratio:red=0.1689,black=0.0400,inkRed=true; cascade:firstFaceTop=837.7,bottomTop=937.5,faceUpStep=48.90,geomCount=3,finalCount=3,bottomRank=Jack,leadingRank=King,rankCount=3,diff=0,applied=false,boundary=[not-face-down@faceDownCount=0:teal=0.000,white=0.519,red=0.352,black=0.000]]
  slot tableau:2 KC conf=0.93 rank=rank-png-strong@0.93 {K:0.93 2:0.78 8:0.78 10:0.78} suit=suit-png@0.82 {S:0.90 C:0.88} post=[black-tiebreak:full=C0.88/S0.90,top=C0.82/S0.86,shape=Clubs@0.36;branch=topSpade-clubShapeVetoWins->Clubs; ink-ratio:red=0.0000,black=0.2361,inkRed=false; cascade:firstFaceTop=837.7,bottomTop=840.0,faceUpStep=48.90,geomCount=1,finalCount=1,bottomRank=King,leadingRank=King,rankCount=1,diff=0,applied=false,boundary=[ran-out-of-room]]
  slot tableau:3 KD conf=0.87 rank=rank-png-strong@0.87 {K:0.87 6:0.81 8:0.81 5:0.78} suit=suit-png@0.98 {D:0.94 H:0.84} post=[ink-ratio:red=0.2685,black=0.0000,inkRed=true,inkRegion=header; cascade:firstFaceTop=837.7,bottomTop=1081.0,faceUpStep=48.90,geomCount=6,finalCount=6,bottomRank=Eight,leadingRank=King,rankCount=6,diff=0,applied=false,boundary=[not-face-down@faceDownCount=0:teal=0.000,white=0.667,red=0.333,black=0.000],exposedIndex=0,distanceFromBottom=5]
  slot tableau:3:1 QS conf=0.91 rank=rank-png-strong@0.91 {Q:0.91 9:0.80 8:0.75 6:0.74} suit=suit-png@0.93 {S:0.93 C:0.87} post=[black-tiebreak:full=C0.87/S0.93,top=C0.81/S0.91,branch=wideMarginDirect->Spades; ink-ratio:red=0.0000,black=0.2778,inkRed=false,inkRegion=header; cascade:firstFaceTop=837.7,bottomTop=1081.0,faceUpStep=48.90,geomCount=6,finalCount=6,bottomRank=Eight,leadingRank=King,rankCount=6,diff=0,applied=false,boundary=[not-face-down@faceDownCount=0:teal=0.000,white=0.667,red=0.333,black=0.000],exposedIndex=1,distanceFromBottom=4]
  slot tableau:3:2 JD conf=0.88 rank=rank-png-strong@0.88 {J:0.88 4:0.82 7:0.73 A:0.72} suit=suit-png@0.97 {D:0.93 H:0.85} post=[ocr=miss:empty; ink-ratio:red=0.1759,black=0.0000,inkRed=true,inkRegion=header; cascade:firstFaceTop=837.7,bottomTop=1081.0,faceUpStep=48.90,geomCount=6,finalCount=6,bottomRank=Eight,leadingRank=King,rankCount=6,diff=0,applied=false,boundary=[not-face-down@faceDownCount=0:teal=0.000,white=0.667,red=0.333,black=0.000],exposedIndex=2,distanceFromBottom=3]
  slot tableau:3:3 10S~ conf=0.87 rank=rank-png-strong@0.87 {10:0.87 Q:0.74 8:0.71 9:0.70} suit=suit-png@0.89 {S:0.94 C:0.89} post=[black-tiebreak:full=C0.89/S0.94,top=C0.79/S0.89,shape=none;branch=topLeaderDirect->Spades; ink-ratio:red=0.0000,black=0.2870,inkRed=false,inkRegion=header; cascade:firstFaceTop=837.7,bottomTop=1081.0,faceUpStep=48.90,geomCount=6,finalCount=6,bottomRank=Eight,leadingRank=King,rankCount=6,diff=0,applied=false,boundary=[not-face-down@faceDownCount=0:teal=0.000,white=0.667,red=0.333,black=0.000],exposedIndex=3,distanceFromBottom=2; deck-constraint:10S->10S~]
  slot tableau:3:4 9D~ conf=0.81 rank=rank-png-strong@0.81 {9:0.81 8:0.80 2:0.78 K:0.78} suit=suit-png@0.96 {D:0.92 H:0.87} post=[ink-ratio:red=0.2222,black=0.0000,inkRed=true,inkRegion=header; cascade:firstFaceTop=837.7,bottomTop=1081.0,faceUpStep=48.90,geomCount=6,finalCount=6,bottomRank=Eight,leadingRank=King,rankCount=6,diff=0,applied=false,boundary=[not-face-down@faceDownCount=0:teal=0.000,white=0.667,red=0.333,black=0.000],exposedIndex=4,distanceFromBottom=1; deck-constraint:9D->9D~]
  slot tableau:3:5 8S conf=0.90 rank=rank-png-strong@0.90 {8:0.90 6:0.81 3:0.78 9:0.77} suit=suit-png@0.95 {S:0.95 C:0.88} post=[black-tiebreak:full=C0.88/S0.95,top=C0.79/S0.95,branch=wideMarginDirect->Spades; ink-ratio:red=0.0000,black=0.2200,inkRed=false; cascade:firstFaceTop=837.7,bottomTop=1081.0,faceUpStep=48.90,geomCount=6,finalCount=6,bottomRank=Eight,leadingRank=King,rankCount=6,diff=0,applied=false,boundary=[not-face-down@faceDownCount=0:teal=0.000,white=0.667,red=0.333,black=0.000]]
  slot tableau:4:1 5H conf=0.81 rank=rank-png-strong@0.81 {5:0.81 3:0.77 6:0.76 8:0.76} suit=suit-png@0.99 {H:0.95 D:0.81} post=[ink-ratio:red=0.2000,black=0.0000,inkRed=true; cascade:firstFaceTop=882.1,bottomTop=885.9,faceUpStep=48.90,geomCount=1,finalCount=1,bottomRank=Five,leadingRank=Five,rankCount=1,diff=0,applied=false,boundary=[ran-out-of-room]]
  slot tableau:5:4 9C~ conf=0.87 rank=rank-png-strong@0.87 {9:0.87 A:0.85 8:0.83 Q:0.82} suit=suit-png@0.93 {C:0.93 S:0.88} post=[black-tiebreak:full=C0.93/S0.88,top=C0.93/S0.82,shape=Spades@1.12;branch=topLeaderDirect->Clubs; ink-ratio:red=0.0000,black=0.1852,inkRed=false,inkRegion=header; cascade:firstFaceTop=1015.1,bottomTop=1327.6,faceUpStep=48.90,geomCount=7,finalCount=7,bottomRank=Three,leadingRank=Nine,rankCount=7,diff=0,applied=false,boundary=[not-face-down@faceDownCount=4:teal=0.278,white=0.519,red=0.000,black=0.056],exposedIndex=0,distanceFromBottom=6; deck-constraint:9C->9C~]
  slot tableau:5:5 8D~ conf=0.87 rank=rank-png-strong@0.87 {8:0.87 A:0.86 9:0.83 4:0.82} suit=suit-png@0.87 {D:0.87 H:0.76} post=[ink-ratio:red=0.1759,black=0.0370,inkRed=true,inkRegion=header; cascade:firstFaceTop=1015.1,bottomTop=1327.6,faceUpStep=48.90,geomCount=7,finalCount=7,bottomRank=Three,leadingRank=Nine,rankCount=7,diff=0,applied=false,boundary=[not-face-down@faceDownCount=4:teal=0.278,white=0.519,red=0.000,black=0.056],exposedIndex=1,distanceFromBottom=5; deck-constraint:8D->8D~]
  slot tableau:5:7 6D~ conf=0.87 rank=rank-png-strong@0.87 {6:0.87 A:0.83 4:0.81 8:0.81} suit=suit-png@0.87 {D:0.87 H:0.76} post=[ink-ratio:red=0.1852,black=0.0185,inkRed=true,inkRegion=header; cascade:firstFaceTop=1015.1,bottomTop=1327.6,faceUpStep=48.90,geomCount=7,finalCount=7,bottomRank=Three,leadingRank=Nine,rankCount=7,diff=0,applied=false,boundary=[not-face-down@faceDownCount=4:teal=0.278,white=0.519,red=0.000,black=0.056],exposedIndex=3,distanceFromBottom=3; deck-constraint:6D->6D~]
  slot tableau:5:8 5C~ conf=0.84 rank=rank-png-strong@0.84 {5:0.84 6:0.83 8:0.80 9:0.80} suit=suit-png@0.79 {C:0.79 D:0.79 H:0.72 S:0.67} post=[ink-ratio:red=0.0278,black=0.1759,inkRed=null,inkRegion=header; cascade:firstFaceTop=1015.1,bottomTop=1327.6,faceUpStep=48.90,geomCount=7,finalCount=7,bottomRank=Three,leadingRank=Nine,rankCount=7,diff=0,applied=false,boundary=[not-face-down@faceDownCount=4:teal=0.278,white=0.519,red=0.000,black=0.056],exposedIndex=4,distanceFromBottom=2; deck-constraint:5C->5C~]
  slot tableau:5:9 4H~ conf=0.90 rank=rank-png-strong@0.90 {4:0.90 A:0.84 J:0.74 8:0.70} suit=suit-png@0.87 {H:0.87 D:0.80} post=[ink-ratio:red=0.2222,black=0.0370,inkRed=true,inkRegion=header; cascade:firstFaceTop=1015.1,bottomTop=1327.6,faceUpStep=48.90,geomCount=7,finalCount=7,bottomRank=Three,leadingRank=Nine,rankCount=7,diff=0,applied=false,boundary=[not-face-down@faceDownCount=4:teal=0.278,white=0.519,red=0.000,black=0.056],exposedIndex=5,distanceFromBottom=1; deck-constraint:4H->4H~]
  slot tableau:5:10 3S~ conf=0.83 rank=rank-png-strong@0.83 {3:0.83 J:0.76 8:0.76 5:0.72} suit=suit-png@0.82 {S:0.90 C:0.86} post=[black-tiebreak:full=C0.86/S0.90,top=C0.74/S0.82,shape=Clubs@0.36;branch=topSpade-widePeakOnlyNoVeto->Spades; ink-ratio:red=0.0000,black=0.1444,inkRed=false; cascade:firstFaceTop=1015.1,bottomTop=1327.6,faceUpStep=48.90,geomCount=7,finalCount=7,bottomRank=Three,leadingRank=Nine,rankCount=7,diff=0,applied=false,boundary=[not-face-down@faceDownCount=4:teal=0.278,white=0.519,red=0.000,black=0.056]; deck-constraint:3S->3S~]
  slot tableau:6:3 8C conf=0.93 rank=rank-png-strong@0.93 {8:0.93 9:0.84 6:0.83 A:0.83} suit=suit-png@0.91 {C:0.90 S:0.85} post=[black-tiebreak:full=C0.90/S0.85,top=C0.91/S0.83,shape=Spades@0.60;branch=topLeaderDirect->Clubs; ink-ratio:red=0.0000,black=0.2407,inkRed=false,inkRegion=header; cascade:firstFaceTop=970.7,bottomTop=1178.5,faceUpStep=48.90,geomCount=5,finalCount=5,bottomRank=Four,leadingRank=Eight,rankCount=5,diff=0,applied=false,boundary=[not-face-down@faceDownCount=3:teal=0.000,white=0.519,red=0.000,black=0.130],exposedIndex=0,distanceFromBottom=4]
  slot tableau:6:4 7D~ conf=0.95 rank=rank-png-strong@0.95 {7:0.95 2:0.86 3:0.77 J:0.76} suit=suit-png@0.98 {D:0.94 H:0.83} post=[ocr=miss:empty; ink-ratio:red=0.1759,black=0.0556,inkRed=true,inkRegion=header; cascade:firstFaceTop=970.7,bottomTop=1178.5,faceUpStep=48.90,geomCount=5,finalCount=5,bottomRank=Four,leadingRank=Eight,rankCount=5,diff=0,applied=false,boundary=[not-face-down@faceDownCount=3:teal=0.000,white=0.519,red=0.000,black=0.130],exposedIndex=1,distanceFromBottom=3; deck-constraint:7D->7D~]
  slot tableau:6:5 6C~ conf=0.92 rank=rank-png-strong@0.92 {6:0.92 A:0.83 8:0.83 5:0.83} suit=suit-png@0.92 {C:0.90 S:0.86} post=[black-tiebreak:full=C0.90/S0.86,top=C0.92/S0.84,shape=Spades@0.60;branch=topLeaderDirect->Clubs; ink-ratio:red=0.0000,black=0.2500,inkRed=false,inkRegion=header; cascade:firstFaceTop=970.7,bottomTop=1178.5,faceUpStep=48.90,geomCount=5,finalCount=5,bottomRank=Four,leadingRank=Eight,rankCount=5,diff=0,applied=false,boundary=[not-face-down@faceDownCount=3:teal=0.000,white=0.519,red=0.000,black=0.130],exposedIndex=2,distanceFromBottom=2; deck-constraint:6C->6C~]
  slot tableau:6:6 5D conf=0.94 rank=rank-png-strong@0.94 {5:0.94 6:0.83 K:0.81 9:0.80} suit=suit-png@0.96 {D:0.92 H:0.84} post=[ink-ratio:red=0.1574,black=0.0556,inkRed=true,inkRegion=header; cascade:firstFaceTop=970.7,bottomTop=1178.5,faceUpStep=48.90,geomCount=5,finalCount=5,bottomRank=Four,leadingRank=Eight,rankCount=5,diff=0,applied=false,boundary=[not-face-down@faceDownCount=3:teal=0.000,white=0.519,red=0.000,black=0.130],exposedIndex=3,distanceFromBottom=1]
  slot tableau:6:7 4C conf=0.91 rank=rank-png-strong@0.91 {4:0.91 A:0.73 J:0.72 8:0.66} suit=suit-png@0.86 {C:0.90 S:0.89} post=[black-tiebreak:full=C0.90/S0.89,top=C0.86/S0.82,shape=Clubs@0.36;branch=lowTopMargin-shapeLeader->Clubs; ink-ratio:red=0.0000,black=0.2222,inkRed=false; cascade:firstFaceTop=970.7,bottomTop=1178.5,faceUpStep=48.90,geomCount=5,finalCount=5,bottomRank=Four,leadingRank=Eight,rankCount=5,diff=0,applied=false,boundary=[not-face-down@faceDownCount=3:teal=0.000,white=0.519,red=0.000,black=0.130]]
  slot waste 4S conf=0.69 rank=rank-opencv@0.69 {5:0.46 Q:0.46 3:0.42 J:0.42} suit=suit-png@0.48 {C:0.83 S:0.78} post=[waste-fusion:legacy=Four_Spades,tight=Four_Spades; whole@756,503,895,713:ocr='4'@0.62; waste-ocr-rank:Four; waste-black-suit:Spades; black-tiebreak:full=C0.83/S0.78,top=C0.65/S0.48,shape=Spades@1.08;branch=topClub-strongSpadeShapeOverride->Spades; ink-ratio:red=0.0082,black=0.1502,inkRed=false; waste-black-suit:Spades->Spades]
18:02:19.744 OUTCOME=ARROW status=Best: Tableau 6 -> Foundation 2 score=93.0 (safe-foundation,lookahead+10.0) 572ms conf=0.88 known=28
  frame=1080x2340 elapsed=572ms conf=0.88 knownFaceUp=28
  timing: queueDelay=102ms detect=572ms select=3ms total=677ms
  move=Tableau 6 -> Foundation 2 score=93.0 rationale=safe-foundation,lookahead+10.0
  runner-up:
    1. Draw from stock score=18.0 (draw,lookahead+10.0)
    2. Foundation 1 -> Tableau 7 score=-47.0 (pull-from-foundation,lookahead+10.0)
    3. Foundation 1 -> Tableau 5 score=-47.0 (pull-from-foundation,lookahead+10.0)
  from=(839,1424) to=(236,608)
  signature=Ten_Hearts|Three_Diamonds;Two_Clubs;Ace_Spades;-|King_Hearts,Queen_Clubs,Jack_Hearts;;King_Clubs;King_Diamonds,Queen_Spades,Jack_Diamonds,Ten_Spades,Nine_Diamonds,Eight_Spades;D,Five_Hearts,Four_Spades;D,D,D,D,Nine_Clubs,Eight_Diamonds,Seven_Clubs,Six_Diamonds,Five_Clubs,Four_Hearts,Three_Clubs;D,D,D,Eight_Clubs,Seven_Diamonds,Six_Clubs,Five_Diamonds,Four_Clubs
  diag: boardConfidence=0.85
  diag: profile=solitaire_smash_s25
  diag: stock=face-down-stock
  diag: foundation0=match-Three-Diamonds@0.79:TD
  diag: foundation1=match-Two-Clubs@0.83:TC
  diag: foundation2=match-Ace-Spades@0.98:AS
  diag: foundation3=empty-color:null
  diag: tableau0.faceScan=rowHeight=5.74,lastWhiteBottom=1130.3,whiteRows=50,minimumRows=7,breakY=1164.7
  diag: tableau0.region=937.5-1130.3
  diag: tableau0=King_Diamonds,Queen_Clubs,Jack_Diamonds
  diag: tableau1.faceScan=rowHeight=5.74,lastWhiteBottom=1027.0,whiteRows=1,minimumRows=7,breakY=1061.5
  diag: tableau1=
  diag: tableau2.faceScan=rowHeight=5.74,lastWhiteBottom=1032.8,whiteRows=34,minimumRows=7,breakY=1067.2
  diag: tableau2.region=840.0-1032.8
  diag: tableau2=King_Clubs
  diag: tableau3.faceScan=rowHeight=5.74,lastWhiteBottom=1273.7,whiteRows=73,minimumRows=7,breakY=1308.1
  diag: tableau3.region=1081.0-1273.7
  diag: tableau3=King_Diamonds,Queen_Clubs,Jack_Diamonds,Ten_Clubs,Nine_Diamonds,Eight_Clubs
  diag: tableau4.faceScan=rowHeight=5.74,lastWhiteBottom=1130.3,whiteRows=44,minimumRows=7,breakY=1164.7
  diag: tableau4.region=937.5-1130.3
  diag: tableau4=D,Five_Diamonds,Four_Clubs
  diag: tableau5.faceScan=rowHeight=5.74,lastWhiteBottom=1520.4,whiteRows=87,minimumRows=7,breakY=1554.8
  diag: tableau5.region=1327.6-1520.4
  diag: tableau5=D,D,D,D,Nine_Clubs,Eight_Diamonds,Seven_Clubs,Six_Diamonds,Five_Clubs,Four_Diamonds,Three_Clubs
  diag: tableau6.faceScan=rowHeight=5.74,lastWhiteBottom=1371.2,whiteRows=70,minimumRows=7,breakY=1405.7
  diag: tableau6.region=1178.5-1371.2
  diag: tableau6=D,D,D,Eight_Clubs,Seven_Diamonds,Six_Clubs,Five_Diamonds,Four_Clubs
  diag: wasteOcr:relevant=true,ms=176,overlapped=true
  diag: waste=fused-Ten-Hearts:TH
  diag: waste-regions=exact:757-895:face-up-color-red-rank=null,legacy:750-907:match-Ten-Hearts@0.95
  diag: waste-rank-scores={Ace=0.50678295, Two=0.535075, Three=0.5196698, Four=0.48671627, Five=0.54370797, Six=0.6097902, Seven=0.3930399, Eight=0.6012111, Nine=0.53057474, Ten=0.57326597, Jack=0.48502702, Queen=0.53047293, King=0.5416294}
  diag: waste-suit-scores={Hearts=0.9624604, Diamonds=0.874258, Clubs=0.76560456, Spades=0.8604459}
  diag: whole@756,503,895,713:ocr=miss:unparsed='OL';corner@756,503,817,566:ocr=miss:unparsed='OL';whole@749,503,907,713:ocr='10'@0.62
  diag: waste-ocr-rank=Ten
  diag: livePlayScreen=true
  diag: gameFooter=true
  diag: lobbyScreen=false
  diag: knownFaceUp=28
  diag: timing:total=564ms,tableau=782ms[c0=122,c1=13,c2=12,c3=45,c4=198,c5=274,c6=119],scrub=0ms,deckConstraint=1ms,recognize:hits=20,misses=11,missTime=753ms,missReason:newKey=1,fingerprint=10,bounds=0
  recognition:
  slot foundation:0 3D conf=0.79 rank=rank-png-strong@0.79 {3:0.79 J:0.76 8:0.73 4:0.71} suit=suit-png@0.96 {D:0.92 H:0.82} post=[ink-ratio:red=0.1687,black=0.0000,inkRed=true]
  slot foundation:1 2C conf=0.83 rank=rank-png-strong@0.83 {2:0.83 7:0.77 J:0.72 3:0.72} suit=suit-png@0.81 {C:0.81 S:0.74} post=[black-tiebreak:full=C0.81/S0.74,top=C0.58/S0.52,branch=wideMarginDirect->Clubs; ink-ratio:red=0.0000,black=0.1811,inkRed=false]
  slot foundation:2 AS conf=0.98 rank=rank-png-strong@0.98 {A:0.98 8:0.78 4:0.77 6:0.75} suit=suit-png@0.96 {S:0.92 C:0.89} post=[black-tiebreak:full=C0.89/S0.92,top=C0.79/S0.96,shape=Spades@1.30;branch=topLeaderDirect->Spades; ink-ratio:red=0.0000,black=0.2181,inkRed=false]
  slot tableau:0 KH conf=0.89 rank=rank-png-strong@0.89 {K:0.89 6:0.82 8:0.80 5:0.79} suit=suit-png@0.99 {H:0.95 D:0.81} post=[ink-ratio:red=0.2685,black=0.0000,inkRed=true,inkRegion=header; cascade:firstFaceTop=837.7,bottomTop=937.5,faceUpStep=48.90,geomCount=3,finalCount=3,bottomRank=Jack,leadingRank=King,rankCount=3,diff=0,applied=false,boundary=[not-face-down@faceDownCount=0:teal=0.000,white=0.519,red=0.352,black=0.000],exposedIndex=0,distanceFromBottom=2]
  slot tableau:0:1 QC conf=0.86 rank=rank-png-strong@0.86 {Q:0.86 9:0.75 8:0.72 10:0.71} suit=suit-opencv@0.52 {S:0.91 C:0.89} post=[ocr=miss:empty; ink-ratio:red=0.0000,black=0.3426,inkRed=false,inkRegion=header; post-black-suit:Spades->Clubs; black-tiebreak2:full=C0.66/S0.66,top=C0.74/S0.69,shape=none;branch=topLeaderDirect->Clubs; cascade:firstFaceTop=837.7,bottomTop=937.5,faceUpStep=48.90,geomCount=3,finalCount=3,bottomRank=Jack,leadingRank=King,rankCount=3,diff=0,applied=false,boundary=[not-face-down@faceDownCount=0:teal=0.000,white=0.519,red=0.352,black=0.000],exposedIndex=1,distanceFromBottom=1; deck-constraint:QC~->QC]
  slot tableau:0:2 JH conf=0.83 rank=rank-png-strong@0.83 {J:0.83 4:0.71 7:0.70 3:0.68} suit=suit-png@0.98 {H:0.94 D:0.80} post=[ink-ratio:red=0.1689,black=0.0400,inkRed=true; cascade:firstFaceTop=837.7,bottomTop=937.5,faceUpStep=48.90,geomCount=3,finalCount=3,bottomRank=Jack,leadingRank=King,rankCount=3,diff=0,applied=false,boundary=[not-face-down@faceDownCount=0:teal=0.000,white=0.519,red=0.352,black=0.000]]
  slot tableau:2 KC conf=0.93 rank=rank-png-strong@0.93 {K:0.93 2:0.78 8:0.78 10:0.78} suit=suit-png@0.82 {S:0.90 C:0.88} post=[black-tiebreak:full=C0.88/S0.90,top=C0.82/S0.86,shape=Clubs@0.36;branch=topSpade-clubShapeVetoWins->Clubs; ink-ratio:red=0.0000,black=0.2361,inkRed=false; cascade:firstFaceTop=837.7,bottomTop=840.0,faceUpStep=48.90,geomCount=1,finalCount=1,bottomRank=King,leadingRank=King,rankCount=1,diff=0,applied=false,boundary=[ran-out-of-room]]
  slot tableau:3 KD conf=0.87 rank=rank-png-strong@0.87 {K:0.87 6:0.81 8:0.81 5:0.78} suit=suit-png@0.98 {D:0.94 H:0.84} post=[ink-ratio:red=0.2685,black=0.0000,inkRed=true,inkRegion=header; cascade:firstFaceTop=837.7,bottomTop=1081.0,faceUpStep=48.90,geomCount=6,finalCount=6,bottomRank=Eight,leadingRank=King,rankCount=6,diff=0,applied=false,boundary=[not-face-down@faceDownCount=0:teal=0.000,white=0.667,red=0.333,black=0.000],exposedIndex=0,distanceFromBottom=5]
  slot tableau:3:1 QS conf=0.91 rank=rank-png-strong@0.91 {Q:0.91 9:0.80 8:0.75 6:0.74} suit=suit-png@0.93 {S:0.93 C:0.87} post=[black-tiebreak:full=C0.87/S0.93,top=C0.81/S0.91,branch=wideMarginDirect->Spades; ink-ratio:red=0.0000,black=0.2778,inkRed=false,inkRegion=header; cascade:firstFaceTop=837.7,bottomTop=1081.0,faceUpStep=48.90,geomCount=6,finalCount=6,bottomRank=Eight,leadingRank=King,rankCount=6,diff=0,applied=false,boundary=[not-face-down@faceDownCount=0:teal=0.000,white=0.667,red=0.333,black=0.000],exposedIndex=1,distanceFromBottom=4]
  slot tableau:3:2 JD conf=0.88 rank=rank-png-strong@0.88 {J:0.88 4:0.82 7:0.73 A:0.72} suit=suit-png@0.97 {D:0.93 H:0.85} post=[ocr=miss:empty; ink-ratio:red=0.1759,black=0.0000,inkRed=true,inkRegion=header; cascade:firstFaceTop=837.7,bottomTop=1081.0,faceUpStep=48.90,geomCount=6,finalCount=6,bottomRank=Eight,leadingRank=King,rankCount=6,diff=0,applied=false,boundary=[not-face-down@faceDownCount=0:teal=0.000,white=0.667,red=0.333,black=0.000],exposedIndex=2,distanceFromBottom=3]
  slot tableau:3:3 10S~ conf=0.87 rank=rank-png-strong@0.87 {10:0.87 Q:0.74 8:0.71 9:0.70} suit=suit-png@0.89 {S:0.94 C:0.89} post=[black-tiebreak:full=C0.89/S0.94,top=C0.79/S0.89,shape=none;branch=topLeaderDirect->Spades; ink-ratio:red=0.0000,black=0.2870,inkRed=false,inkRegion=header; cascade:firstFaceTop=837.7,bottomTop=1081.0,faceUpStep=48.90,geomCount=6,finalCount=6,bottomRank=Eight,leadingRank=King,rankCount=6,diff=0,applied=false,boundary=[not-face-down@faceDownCount=0:teal=0.000,white=0.667,red=0.333,black=0.000],exposedIndex=3,distanceFromBottom=2; deck-constraint:10S->10S~]
  slot tableau:3:4 9D~ conf=0.81 rank=rank-png-strong@0.81 {9:0.81 8:0.80 2:0.78 K:0.78} suit=suit-png@0.96 {D:0.92 H:0.87} post=[ink-ratio:red=0.2222,black=0.0000,inkRed=true,inkRegion=header; cascade:firstFaceTop=837.7,bottomTop=1081.0,faceUpStep=48.90,geomCount=6,finalCount=6,bottomRank=Eight,leadingRank=King,rankCount=6,diff=0,applied=false,boundary=[not-face-down@faceDownCount=0:teal=0.000,white=0.667,red=0.333,black=0.000],exposedIndex=4,distanceFromBottom=1; deck-constraint:9D->9D~]
  slot tableau:3:5 8S conf=0.90 rank=rank-png-strong@0.90 {8:0.90 6:0.81 3:0.78 9:0.77} suit=suit-png@0.95 {S:0.95 C:0.88} post=[black-tiebreak:full=C0.88/S0.95,top=C0.79/S0.95,branch=wideMarginDirect->Spades; ink-ratio:red=0.0000,black=0.2200,inkRed=false; cascade:firstFaceTop=837.7,bottomTop=1081.0,faceUpStep=48.90,geomCount=6,finalCount=6,bottomRank=Eight,leadingRank=King,rankCount=6,diff=0,applied=false,boundary=[not-face-down@faceDownCount=0:teal=0.000,white=0.667,red=0.333,black=0.000]]
  slot tableau:4:1 5H conf=0.93 rank=rank-png-strong@0.93 {5:0.93 6:0.82 9:0.79 8:0.79} suit=suit-png@1.01 {H:0.97 D:0.81} post=[ink-ratio:red=0.2222,black=0.0000,inkRed=true,inkRegion=header; cascade:firstFaceTop=882.1,bottomTop=937.5,faceUpStep=48.90,geomCount=2,finalCount=2,bottomRank=Four,leadingRank=Five,rankCount=2,diff=0,applied=false,boundary=[not-face-down@faceDownCount=1:teal=0.000,white=0.630,red=0.259,black=0.000],exposedIndex=0,distanceFromBottom=1]
  slot tableau:4:2 4S conf=0.89 rank=rank-png-strong@0.89 {4:0.89 A:0.73 J:0.71 8:0.65} suit=suit-png@0.84 {S:0.92 C:0.87} post=[black-tiebreak:full=C0.87/S0.92,top=C0.76/S0.84,shape=Clubs@0.36;branch=topSpade-widePeakOnlyNoVeto->Spades; ink-ratio:red=0.0000,black=0.1111,inkRed=false; cascade:firstFaceTop=882.1,bottomTop=937.5,faceUpStep=48.90,geomCount=2,finalCount=2,bottomRank=Four,leadingRank=Five,rankCount=2,diff=0,applied=false,boundary=[not-face-down@faceDownCount=1:teal=0.000,white=0.630,red=0.259,black=0.000]]
  slot tableau:5:4 9C~ conf=0.87 rank=rank-png-strong@0.87 {9:0.87 A:0.86 8:0.83 Q:0.82} suit=suit-png@0.93 {C:0.93 S:0.88} post=[black-tiebreak:full=C0.93/S0.88,top=C0.93/S0.82,shape=Spades@1.12;branch=topLeaderDirect->Clubs; ink-ratio:red=0.0000,black=0.1852,inkRed=false,inkRegion=header; cascade:firstFaceTop=1015.1,bottomTop=1327.6,faceUpStep=48.90,geomCount=7,finalCount=7,bottomRank=Three,leadingRank=Nine,rankCount=7,diff=0,applied=false,boundary=[not-face-down@faceDownCount=4:teal=0.315,white=0.593,red=0.000,black=0.056],exposedIndex=0,distanceFromBottom=6; deck-constraint:9C->9C~]
  slot tableau:5:5 8D~ conf=0.87 rank=rank-png-strong@0.87 {8:0.87 A:0.86 9:0.83 4:0.82} suit=suit-png@0.87 {D:0.87 H:0.76} post=[ink-ratio:red=0.1759,black=0.0370,inkRed=true,inkRegion=header; cascade:firstFaceTop=1015.1,bottomTop=1327.6,faceUpStep=48.90,geomCount=7,finalCount=7,bottomRank=Three,leadingRank=Nine,rankCount=7,diff=0,applied=false,boundary=[not-face-down@faceDownCount=4:teal=0.315,white=0.593,red=0.000,black=0.056],exposedIndex=1,distanceFromBottom=5; deck-constraint:8D->8D~]
  slot tableau:5:7 6D~ conf=0.87 rank=rank-png-strong@0.87 {6:0.87 A:0.83 4:0.81 8:0.81} suit=suit-png@0.87 {D:0.87 H:0.76} post=[ink-ratio:red=0.1852,black=0.0185,inkRed=true,inkRegion=header; cascade:firstFaceTop=1015.1,bottomTop=1327.6,faceUpStep=48.90,geomCount=7,finalCount=7,bottomRank=Three,leadingRank=Nine,rankCount=7,diff=0,applied=false,boundary=[not-face-down@faceDownCount=4:teal=0.315,white=0.593,red=0.000,black=0.056],exposedIndex=3,distanceFromBottom=3; deck-constraint:6D->6D~]
  slot tableau:5:8 5C~ conf=0.84 rank=rank-png-strong@0.84 {5:0.84 6:0.83 8:0.80 9:0.80} suit=suit-png@0.79 {C:0.79 D:0.79 H:0.72 S:0.67} post=[ink-ratio:red=0.0278,black=0.1759,inkRed=null,inkRegion=header; cascade:firstFaceTop=1015.1,bottomTop=1327.6,faceUpStep=48.90,geomCount=7,finalCount=7,bottomRank=Three,leadingRank=Nine,rankCount=7,diff=0,applied=false,boundary=[not-face-down@faceDownCount=4:teal=0.315,white=0.593,red=0.000,black=0.056],exposedIndex=4,distanceFromBottom=2; deck-constraint:5C->5C~]
  slot tableau:5:9 4H~ conf=0.90 rank=rank-png-strong@0.90 {4:0.90 A:0.84 J:0.74 8:0.70} suit=suit-png@0.87 {H:0.87 D:0.80} post=[ink-ratio:red=0.2222,black=0.0370,inkRed=true,inkRegion=header; cascade:firstFaceTop=1015.1,bottomTop=1327.6,faceUpStep=48.90,geomCount=7,finalCount=7,bottomRank=Three,leadingRank=Nine,rankCount=7,diff=0,applied=false,boundary=[not-face-down@faceDownCount=4:teal=0.315,white=0.593,red=0.000,black=0.056],exposedIndex=5,distanceFromBottom=1; deck-constraint:4H->4H~]
  slot tableau:5:10 3S~ conf=0.83 rank=rank-png-strong@0.83 {3:0.83 J:0.77 8:0.76 5:0.72} suit=suit-png@0.82 {S:0.90 C:0.86} post=[black-tiebreak:full=C0.86/S0.90,top=C0.74/S0.82,shape=Clubs@0.36;branch=topSpade-widePeakOnlyNoVeto->Spades; ink-ratio:red=0.0000,black=0.1711,inkRed=false; cascade:firstFaceTop=1015.1,bottomTop=1327.6,faceUpStep=48.90,geomCount=7,finalCount=7,bottomRank=Three,leadingRank=Nine,rankCount=7,diff=0,applied=false,boundary=[not-face-down@faceDownCount=4:teal=0.315,white=0.593,red=0.000,black=0.056]; deck-constraint:3S->3S~]
  slot tableau:6:3 8C conf=0.93 rank=rank-png-strong@0.93 {8:0.93 9:0.84 6:0.83 A:0.83} suit=suit-png@0.91 {C:0.90 S:0.85} post=[black-tiebreak:full=C0.90/S0.85,top=C0.91/S0.83,shape=Spades@0.60;branch=topLeaderDirect->Clubs; ink-ratio:red=0.0000,black=0.2407,inkRed=false,inkRegion=header; cascade:firstFaceTop=970.7,bottomTop=1178.5,faceUpStep=48.90,geomCount=5,finalCount=5,bottomRank=Four,leadingRank=Eight,rankCount=5,diff=0,applied=false,boundary=[not-face-down@faceDownCount=3:teal=0.000,white=0.519,red=0.000,black=0.130],exposedIndex=0,distanceFromBottom=4]
  slot tableau:6:4 7D~ conf=0.95 rank=rank-png-strong@0.95 {7:0.95 2:0.86 3:0.77 J:0.76} suit=suit-png@0.98 {D:0.94 H:0.83} post=[ocr=miss:empty; ink-ratio:red=0.1759,black=0.0556,inkRed=true,inkRegion=header; cascade:firstFaceTop=970.7,bottomTop=1178.5,faceUpStep=48.90,geomCount=5,finalCount=5,bottomRank=Four,leadingRank=Eight,rankCount=5,diff=0,applied=false,boundary=[not-face-down@faceDownCount=3:teal=0.000,white=0.519,red=0.000,black=0.130],exposedIndex=1,distanceFromBottom=3; deck-constraint:7D->7D~]
  slot tableau:6:5 6C~ conf=0.92 rank=rank-png-strong@0.92 {6:0.92 A:0.83 8:0.83 5:0.83} suit=suit-png@0.92 {C:0.90 S:0.86} post=[black-tiebreak:full=C0.90/S0.86,top=C0.92/S0.84,shape=Spades@0.60;branch=topLeaderDirect->Clubs; ink-ratio:red=0.0000,black=0.2500,inkRed=false,inkRegion=header; cascade:firstFaceTop=970.7,bottomTop=1178.5,faceUpStep=48.90,geomCount=5,finalCount=5,bottomRank=Four,leadingRank=Eight,rankCount=5,diff=0,applied=false,boundary=[not-face-down@faceDownCount=3:teal=0.000,white=0.519,red=0.000,black=0.130],exposedIndex=2,distanceFromBottom=2; deck-constraint:6C->6C~]
  slot tableau:6:6 5D conf=0.94 rank=rank-png-strong@0.94 {5:0.94 6:0.83 K:0.81 9:0.80} suit=suit-png@0.96 {D:0.92 H:0.84} post=[ink-ratio:red=0.1574,black=0.0556,inkRed=true,inkRegion=header; cascade:firstFaceTop=970.7,bottomTop=1178.5,faceUpStep=48.90,geomCount=5,finalCount=5,bottomRank=Four,leadingRank=Eight,rankCount=5,diff=0,applied=false,boundary=[not-face-down@faceDownCount=3:teal=0.000,white=0.519,red=0.000,black=0.130],exposedIndex=3,distanceFromBottom=1]
  slot tableau:6:7 4C conf=0.91 rank=rank-png-strong@0.91 {4:0.91 A:0.73 J:0.72 8:0.66} suit=suit-png@0.86 {C:0.90 S:0.89} post=[black-tiebreak:full=C0.90/S0.89,top=C0.86/S0.82,shape=Clubs@0.36;branch=lowTopMargin-shapeLeader->Clubs; ink-ratio:red=0.0000,black=0.2222,inkRed=false; cascade:firstFaceTop=970.7,bottomTop=1178.5,faceUpStep=48.90,geomCount=5,finalCount=5,bottomRank=Four,leadingRank=Eight,rankCount=5,diff=0,applied=false,boundary=[not-face-down@faceDownCount=3:teal=0.000,white=0.519,red=0.000,black=0.130]]
  slot waste 10H conf=0.95 rank=rank-png-strong@0.95 {6:0.61 8:0.60 10:0.57 5:0.54} suit=suit-png@0.96 {H:0.96 D:0.87} post=[waste-fusion:legacy=Ten_Hearts,tight=null; whole@756,503,895,713:ocr=miss:unparsed='OL';corner@756,503,817,566:ocr=miss:unparsed='OL';whole@749,503,907,713:ocr='10'@0.62; waste-ocr-rank:Ten; ink-ratio:red=0.2778,black=0.0000,inkRed=true; ocr=miss:unparsed='OL'; ink-ratio:red=0.3066,black=0.0000,inkRed=true]
18:02:22.901 OUTCOME=ARROW status=Best: Tableau 6 -> Foundation 2 score=93.0 (safe-foundation,lookahead+10.0) 710ms conf=0.70 known=27
  frame=1080x2340 elapsed=710ms conf=0.70 knownFaceUp=27
  timing: queueDelay=52ms detect=710ms select=2ms total=764ms
  move=Tableau 6 -> Foundation 2 score=93.0 rationale=safe-foundation,lookahead+10.0
  runner-up:
    1. Draw from stock score=18.0 (draw,lookahead+10.0)
    2. Foundation 1 -> Tableau 7 score=-47.0 (pull-from-foundation,lookahead+10.0)
    3. Foundation 1 -> Tableau 5 score=-47.0 (pull-from-foundation,lookahead+10.0)
  from=(839,1424) to=(236,608)
  signature=|Three_Diamonds;Two_Clubs;Ace_Spades;-|King_Hearts,Queen_Clubs,Jack_Hearts;;King_Clubs;King_Diamonds,Queen_Spades,Jack_Diamonds,Ten_Spades,Nine_Diamonds,Eight_Spades;D,Five_Hearts,Four_Spades;D,D,D,D,Nine_Clubs,Eight_Diamonds,Seven_Clubs,Six_Diamonds,Five_Clubs,Four_Hearts,Three_Clubs;D,D,D,Eight_Clubs,Seven_Diamonds,Six_Clubs,Five_Diamonds,Four_Clubs
  diag: boardConfidence=0.85
  diag: profile=solitaire_smash_s25
  diag: stock=face-down-stock
  diag: foundation0=match-Three-Diamonds@0.79:TD
  diag: foundation1=match-Two-Clubs@0.83:TC
  diag: foundation2=match-Ace-Spades@0.98:AS
  diag: foundation3=empty-color:null
  diag: tableau0.faceScan=rowHeight=5.74,lastWhiteBottom=1130.3,whiteRows=50,minimumRows=7,breakY=1164.7
  diag: tableau0.region=937.5-1130.3
  diag: tableau0=King_Diamonds,Queen_Clubs,Jack_Diamonds
  diag: tableau1.faceScan=rowHeight=5.74,lastWhiteBottom=1027.0,whiteRows=1,minimumRows=7,breakY=1061.5
  diag: tableau1=
  diag: tableau2.faceScan=rowHeight=5.74,lastWhiteBottom=1032.8,whiteRows=34,minimumRows=7,breakY=1067.2
  diag: tableau2.region=840.0-1032.8
  diag: tableau2=King_Clubs
  diag: tableau3.faceScan=rowHeight=5.74,lastWhiteBottom=1273.7,whiteRows=73,minimumRows=7,breakY=1308.1
  diag: tableau3.region=1081.0-1273.7
  diag: tableau3=King_Diamonds,Queen_Clubs,Jack_Diamonds,Ten_Clubs,Nine_Diamonds,Eight_Clubs
  diag: tableau4.faceScan=rowHeight=5.74,lastWhiteBottom=1130.3,whiteRows=44,minimumRows=7,breakY=1164.7
  diag: tableau4.region=937.5-1130.3
  diag: tableau4=D,Five_Diamonds,Four_Clubs
  diag: tableau5.faceScan=rowHeight=5.74,lastWhiteBottom=1520.4,whiteRows=87,minimumRows=7,breakY=1554.8
  diag: tableau5.region=1327.6-1520.4
  diag: tableau5=D,D,D,D,Nine_Clubs,Eight_Diamonds,Seven_Clubs,Six_Diamonds,Five_Clubs,Four_Diamonds,Three_Clubs
  diag: tableau6.faceScan=rowHeight=5.74,lastWhiteBottom=1371.2,whiteRows=70,minimumRows=7,breakY=1405.7
  diag: tableau6.region=1178.5-1371.2
  diag: tableau6=D,D,D,Eight_Clubs,Seven_Diamonds,Six_Clubs,Five_Diamonds,Four_Clubs
  diag: wasteOcr:relevant=false,ms=242,overlapped=false
  diag: waste=no-card-face:null
  diag: waste-regions=exact:745-883:no-card-face,legacy:750-907:no-card-face
  diag: waste-rank-scores={Ace=0.39346322, Two=0.33887467, Three=0.28140703, Four=0.19081272, Five=0.3232198, Six=0.3985849, Seven=0.26666668, Eight=0.38432226, Nine=0.28454334, Ten=0.32865497, Jack=0.21825144, Queen=0.27328432, King=0.40182647}
  diag: waste-suit-scores={Hearts=0.0, Diamonds=0.0, Clubs=0.0, Spades=0.0}
  diag: livePlayScreen=true
  diag: gameFooter=true
  diag: lobbyScreen=false
  diag: knownFaceUp=27
  diag: timing:total=694ms,tableau=1508ms[c0=342,c1=14,c2=51,c3=71,c4=40,c5=678,c6=312],scrub=0ms,deckConstraint=2ms,recognize:hits=23,misses=8,missTime=839ms,missReason:newKey=0,fingerprint=8,bounds=0
  recognition:
  slot foundation:0 3D conf=0.79 rank=rank-png-strong@0.79 {3:0.79 J:0.76 8:0.73 4:0.71} suit=suit-png@0.96 {D:0.92 H:0.82} post=[ink-ratio:red=0.1687,black=0.0000,inkRed=true]
  slot foundation:1 2C conf=0.83 rank=rank-png-strong@0.83 {2:0.83 7:0.77 J:0.72 3:0.72} suit=suit-png@0.81 {C:0.81 S:0.74} post=[black-tiebreak:full=C0.81/S0.74,top=C0.58/S0.52,branch=wideMarginDirect->Clubs; ink-ratio:red=0.0000,black=0.1811,inkRed=false]
  slot foundation:2 AS conf=0.98 rank=rank-png-strong@0.98 {A:0.98 8:0.78 4:0.77 6:0.75} suit=suit-png@0.96 {S:0.92 C:0.89} post=[black-tiebreak:full=C0.89/S0.92,top=C0.79/S0.96,shape=Spades@1.30;branch=topLeaderDirect->Spades; ink-ratio:red=0.0000,black=0.2181,inkRed=false]
  slot tableau:0 KH conf=0.89 rank=rank-png-strong@0.89 {K:0.89 6:0.82 8:0.80 5:0.79} suit=suit-png@0.99 {H:0.95 D:0.81} post=[ink-ratio:red=0.2685,black=0.0000,inkRed=true,inkRegion=header; cascade:firstFaceTop=837.7,bottomTop=937.5,faceUpStep=48.90,geomCount=3,finalCount=3,bottomRank=Jack,leadingRank=King,rankCount=3,diff=0,applied=false,boundary=[not-face-down@faceDownCount=0:teal=0.000,white=0.519,red=0.352,black=0.000],exposedIndex=0,distanceFromBottom=2]
  slot tableau:0:1 QC conf=0.86 rank=rank-png-strong@0.86 {Q:0.86 9:0.75 8:0.72 10:0.71} suit=suit-opencv@0.52 {S:0.91 C:0.89} post=[ocr=miss:empty; ink-ratio:red=0.0000,black=0.3426,inkRed=false,inkRegion=header; post-black-suit:Spades->Clubs; black-tiebreak2:full=C0.66/S0.66,top=C0.74/S0.69,shape=none;branch=topLeaderDirect->Clubs; cascade:firstFaceTop=837.7,bottomTop=937.5,faceUpStep=48.90,geomCount=3,finalCount=3,bottomRank=Jack,leadingRank=King,rankCount=3,diff=0,applied=false,boundary=[not-face-down@faceDownCount=0:teal=0.000,white=0.519,red=0.352,black=0.000],exposedIndex=1,distanceFromBottom=1; deck-constraint:QC~->QC]
  slot tableau:0:2 JH conf=0.83 rank=rank-png-strong@0.83 {J:0.83 4:0.71 7:0.70 3:0.68} suit=suit-png@0.98 {H:0.94 D:0.80} post=[ink-ratio:red=0.1689,black=0.0400,inkRed=true; cascade:firstFaceTop=837.7,bottomTop=937.5,faceUpStep=48.90,geomCount=3,finalCount=3,bottomRank=Jack,leadingRank=King,rankCount=3,diff=0,applied=false,boundary=[not-face-down@faceDownCount=0:teal=0.000,white=0.519,red=0.352,black=0.000]]
  slot tableau:2 KC conf=0.93 rank=rank-png-strong@0.93 {K:0.93 2:0.78 8:0.78 10:0.78} suit=suit-png@0.82 {S:0.90 C:0.88} post=[black-tiebreak:full=C0.88/S0.90,top=C0.82/S0.86,shape=Clubs@0.36;branch=topSpade-clubShapeVetoWins->Clubs; ink-ratio:red=0.0000,black=0.1991,inkRed=false; cascade:firstFaceTop=837.7,bottomTop=840.0,faceUpStep=48.90,geomCount=1,finalCount=1,bottomRank=King,leadingRank=King,rankCount=1,diff=0,applied=false,boundary=[ran-out-of-room]]
  slot tableau:3 KD conf=0.87 rank=rank-png-strong@0.87 {K:0.87 6:0.81 8:0.81 5:0.78} suit=suit-png@0.98 {D:0.94 H:0.84} post=[ink-ratio:red=0.2685,black=0.0000,inkRed=true,inkRegion=header; cascade:firstFaceTop=837.7,bottomTop=1081.0,faceUpStep=48.90,geomCount=6,finalCount=6,bottomRank=Eight,leadingRank=King,rankCount=6,diff=0,applied=false,boundary=[not-face-down@faceDownCount=0:teal=0.000,white=0.667,red=0.333,black=0.000],exposedIndex=0,distanceFromBottom=5]
  slot tableau:3:1 QS conf=0.91 rank=rank-png-strong@0.91 {Q:0.91 9:0.80 8:0.75 6:0.74} suit=suit-png@0.93 {S:0.93 C:0.87} post=[black-tiebreak:full=C0.87/S0.93,top=C0.81/S0.91,branch=wideMarginDirect->Spades; ink-ratio:red=0.0000,black=0.2778,inkRed=false,inkRegion=header; cascade:firstFaceTop=837.7,bottomTop=1081.0,faceUpStep=48.90,geomCount=6,finalCount=6,bottomRank=Eight,leadingRank=King,rankCount=6,diff=0,applied=false,boundary=[not-face-down@faceDownCount=0:teal=0.000,white=0.667,red=0.333,black=0.000],exposedIndex=1,distanceFromBottom=4]
  slot tableau:3:2 JD conf=0.88 rank=rank-png-strong@0.88 {J:0.88 4:0.82 7:0.73 A:0.72} suit=suit-png@0.97 {D:0.93 H:0.85} post=[ocr=miss:empty; ink-ratio:red=0.1759,black=0.0000,inkRed=true,inkRegion=header; cascade:firstFaceTop=837.7,bottomTop=1081.0,faceUpStep=48.90,geomCount=6,finalCount=6,bottomRank=Eight,leadingRank=King,rankCount=6,diff=0,applied=false,boundary=[not-face-down@faceDownCount=0:teal=0.000,white=0.667,red=0.333,black=0.000],exposedIndex=2,distanceFromBottom=3]
  slot tableau:3:3 10S~ conf=0.87 rank=rank-png-strong@0.87 {10:0.87 Q:0.74 9:0.70 8:0.70} suit=suit-png@0.89 {S:0.94 C:0.89} post=[black-tiebreak:full=C0.89/S0.94,top=C0.79/S0.89,shape=none;branch=topLeaderDirect->Spades; ink-ratio:red=0.0000,black=0.2870,inkRed=false,inkRegion=header; cascade:firstFaceTop=837.7,bottomTop=1081.0,faceUpStep=48.90,geomCount=6,finalCount=6,bottomRank=Eight,leadingRank=King,rankCount=6,diff=0,applied=false,boundary=[not-face-down@faceDownCount=0:teal=0.000,white=0.667,red=0.333,black=0.000],exposedIndex=3,distanceFromBottom=2; deck-constraint:10S->10S~]
  slot tableau:3:4 9D~ conf=0.81 rank=rank-png-strong@0.81 {9:0.81 8:0.80 2:0.78 K:0.77} suit=suit-png@0.96 {D:0.92 H:0.87} post=[ink-ratio:red=0.2222,black=0.0000,inkRed=true,inkRegion=header; cascade:firstFaceTop=837.7,bottomTop=1081.0,faceUpStep=48.90,geomCount=6,finalCount=6,bottomRank=Eight,leadingRank=King,rankCount=6,diff=0,applied=false,boundary=[not-face-down@faceDownCount=0:teal=0.000,white=0.667,red=0.333,black=0.000],exposedIndex=4,distanceFromBottom=1; deck-constraint:9D->9D~]
  slot tableau:3:5 8S conf=0.90 rank=rank-png-strong@0.90 {8:0.90 6:0.81 3:0.78 9:0.77} suit=suit-png@0.95 {S:0.95 C:0.88} post=[black-tiebreak:full=C0.88/S0.95,top=C0.79/S0.95,branch=wideMarginDirect->Spades; ink-ratio:red=0.0000,black=0.2044,inkRed=false; cascade:firstFaceTop=837.7,bottomTop=1081.0,faceUpStep=48.90,geomCount=6,finalCount=6,bottomRank=Eight,leadingRank=King,rankCount=6,diff=0,applied=false,boundary=[not-face-down@faceDownCount=0:teal=0.000,white=0.667,red=0.333,black=0.000]]
  slot tableau:4:1 5H conf=0.93 rank=rank-png-strong@0.93 {5:0.93 6:0.82 9:0.79 8:0.79} suit=suit-png@1.01 {H:0.97 D:0.82} post=[ink-ratio:red=0.2222,black=0.0000,inkRed=true,inkRegion=header; cascade:firstFaceTop=882.1,bottomTop=937.5,faceUpStep=48.90,geomCount=2,finalCount=2,bottomRank=Four,leadingRank=Five,rankCount=2,diff=0,applied=false,boundary=[not-face-down@faceDownCount=1:teal=0.000,white=0.685,red=0.259,black=0.000],exposedIndex=0,distanceFromBottom=1]
  slot tableau:4:2 4S conf=0.89 rank=rank-png-strong@0.89 {4:0.89 A:0.73 J:0.71 8:0.65} suit=suit-png@0.84 {S:0.92 C:0.87} post=[black-tiebreak:full=C0.87/S0.92,top=C0.76/S0.84,shape=Clubs@0.36;branch=topSpade-widePeakOnlyNoVeto->Spades; ink-ratio:red=0.0000,black=0.1733,inkRed=false; cascade:firstFaceTop=882.1,bottomTop=937.5,faceUpStep=48.90,geomCount=2,finalCount=2,bottomRank=Four,leadingRank=Five,rankCount=2,diff=0,applied=false,boundary=[not-face-down@faceDownCount=1:teal=0.000,white=0.685,red=0.259,black=0.000]]
  slot tableau:5:4 9C~ conf=0.87 rank=rank-png-strong@0.87 {9:0.87 A:0.86 8:0.83 Q:0.82} suit=suit-png@0.93 {C:0.93 S:0.88} post=[black-tiebreak:full=C0.93/S0.88,top=C0.93/S0.82,shape=Spades@1.12;branch=topLeaderDirect->Clubs; ink-ratio:red=0.0000,black=0.1852,inkRed=false,inkRegion=header; cascade:firstFaceTop=1015.1,bottomTop=1327.6,faceUpStep=48.90,geomCount=7,finalCount=7,bottomRank=Three,leadingRank=Nine,rankCount=7,diff=0,applied=false,boundary=[not-face-down@faceDownCount=4:teal=0.315,white=0.593,red=0.000,black=0.056],exposedIndex=0,distanceFromBottom=6; deck-constraint:9C->9C~]
  slot tableau:5:5 8D~ conf=0.87 rank=rank-png-strong@0.87 {8:0.87 A:0.86 9:0.83 4:0.82} suit=suit-png@0.87 {D:0.87 H:0.76} post=[ink-ratio:red=0.1759,black=0.0370,inkRed=true,inkRegion=header; cascade:firstFaceTop=1015.1,bottomTop=1327.6,faceUpStep=48.90,geomCount=7,finalCount=7,bottomRank=Three,leadingRank=Nine,rankCount=7,diff=0,applied=false,boundary=[not-face-down@faceDownCount=4:teal=0.315,white=0.593,red=0.000,black=0.056],exposedIndex=1,distanceFromBottom=5; deck-constraint:8D->8D~]
  slot tableau:5:7 6D~ conf=0.87 rank=rank-png-strong@0.87 {6:0.87 A:0.83 4:0.81 8:0.81} suit=suit-png@0.87 {D:0.87 H:0.76} post=[ink-ratio:red=0.1852,black=0.0185,inkRed=true,inkRegion=header; cascade:firstFaceTop=1015.1,bottomTop=1327.6,faceUpStep=48.90,geomCount=7,finalCount=7,bottomRank=Three,leadingRank=Nine,rankCount=7,diff=0,applied=false,boundary=[not-face-down@faceDownCount=4:teal=0.315,white=0.593,red=0.000,black=0.056],exposedIndex=3,distanceFromBottom=3; deck-constraint:6D->6D~]
  slot tableau:5:8 5C~ conf=0.84 rank=rank-png-strong@0.84 {5:0.84 6:0.83 8:0.80 9:0.80} suit=suit-png@0.79 {C:0.79 D:0.79 H:0.72 S:0.67} post=[ink-ratio:red=0.0278,black=0.1759,inkRed=null,inkRegion=header; cascade:firstFaceTop=1015.1,bottomTop=1327.6,faceUpStep=48.90,geomCount=7,finalCount=7,bottomRank=Three,leadingRank=Nine,rankCount=7,diff=0,applied=false,boundary=[not-face-down@faceDownCount=4:teal=0.315,white=0.593,red=0.000,black=0.056],exposedIndex=4,distanceFromBottom=2; deck-constraint:5C->5C~]
  slot tableau:5:9 4H~ conf=0.90 rank=rank-png-strong@0.90 {4:0.90 A:0.84 J:0.74 8:0.70} suit=suit-png@0.87 {H:0.87 D:0.80} post=[ink-ratio:red=0.2222,black=0.0370,inkRed=true,inkRegion=header; cascade:firstFaceTop=1015.1,bottomTop=1327.6,faceUpStep=48.90,geomCount=7,finalCount=7,bottomRank=Three,leadingRank=Nine,rankCount=7,diff=0,applied=false,boundary=[not-face-down@faceDownCount=4:teal=0.315,white=0.593,red=0.000,black=0.056],exposedIndex=5,distanceFromBottom=1; deck-constraint:4H->4H~]
  slot tableau:5:10 3S~ conf=0.82 rank=rank-png-strong@0.82 {3:0.82 J:0.78 8:0.73 2:0.72} suit=suit-png@0.82 {S:0.90 C:0.86} post=[black-tiebreak:full=C0.86/S0.90,top=C0.74/S0.82,shape=Clubs@0.36;branch=topSpade-widePeakOnlyNoVeto->Spades; ink-ratio:red=0.0667,black=0.1711,inkRed=false; cascade:firstFaceTop=1015.1,bottomTop=1327.6,faceUpStep=48.90,geomCount=7,finalCount=7,bottomRank=Three,leadingRank=Nine,rankCount=7,diff=0,applied=false,boundary=[not-face-down@faceDownCount=4:teal=0.315,white=0.593,red=0.000,black=0.056]; deck-constraint:3S->3S~]
  slot tableau:6:3 8C conf=0.93 rank=rank-png-strong@0.93 {8:0.93 9:0.84 6:0.83 A:0.83} suit=suit-png@0.91 {C:0.90 S:0.85} post=[black-tiebreak:full=C0.90/S0.85,top=C0.91/S0.83,shape=Spades@0.60;branch=topLeaderDirect->Clubs; ink-ratio:red=0.0000,black=0.2407,inkRed=false,inkRegion=header; cascade:firstFaceTop=970.7,bottomTop=1178.5,faceUpStep=48.90,geomCount=5,finalCount=5,bottomRank=Four,leadingRank=Eight,rankCount=5,diff=0,applied=false,boundary=[not-face-down@faceDownCount=3:teal=0.000,white=0.519,red=0.000,black=0.130],exposedIndex=0,distanceFromBottom=4]
  slot tableau:6:4 7D~ conf=0.95 rank=rank-png-strong@0.95 {7:0.95 2:0.86 3:0.77 J:0.76} suit=suit-png@0.98 {D:0.94 H:0.83} post=[ocr=miss:empty; ink-ratio:red=0.1759,black=0.0556,inkRed=true,inkRegion=header; cascade:firstFaceTop=970.7,bottomTop=1178.5,faceUpStep=48.90,geomCount=5,finalCount=5,bottomRank=Four,leadingRank=Eight,rankCount=5,diff=0,applied=false,boundary=[not-face-down@faceDownCount=3:teal=0.000,white=0.519,red=0.000,black=0.130],exposedIndex=1,distanceFromBottom=3; deck-constraint:7D->7D~]
  slot tableau:6:5 6C~ conf=0.92 rank=rank-png-strong@0.92 {6:0.92 A:0.83 8:0.83 5:0.83} suit=suit-png@0.92 {C:0.90 S:0.86} post=[black-tiebreak:full=C0.90/S0.86,top=C0.92/S0.84,shape=Spades@0.60;branch=topLeaderDirect->Clubs; ink-ratio:red=0.0000,black=0.2500,inkRed=false,inkRegion=header; cascade:firstFaceTop=970.7,bottomTop=1178.5,faceUpStep=48.90,geomCount=5,finalCount=5,bottomRank=Four,leadingRank=Eight,rankCount=5,diff=0,applied=false,boundary=[not-face-down@faceDownCount=3:teal=0.000,white=0.519,red=0.000,black=0.130],exposedIndex=2,distanceFromBottom=2; deck-constraint:6C->6C~]
  slot tableau:6:6 5D conf=0.94 rank=rank-png-strong@0.94 {5:0.94 6:0.83 K:0.81 9:0.80} suit=suit-png@0.96 {D:0.92 H:0.84} post=[ink-ratio:red=0.1574,black=0.0556,inkRed=true,inkRegion=header; cascade:firstFaceTop=970.7,bottomTop=1178.5,faceUpStep=48.90,geomCount=5,finalCount=5,bottomRank=Four,leadingRank=Eight,rankCount=5,diff=0,applied=false,boundary=[not-face-down@faceDownCount=3:teal=0.000,white=0.519,red=0.000,black=0.130],exposedIndex=3,distanceFromBottom=1]
  slot tableau:6:7 4C conf=0.91 rank=rank-png-strong@0.91 {4:0.91 A:0.73 J:0.72 8:0.66} suit=suit-png@0.86 {C:0.90 S:0.89} post=[black-tiebreak:full=C0.90/S0.89,top=C0.86/S0.82,shape=Clubs@0.36;branch=lowTopMargin-shapeLeader->Clubs; ink-ratio:red=0.0000,black=0.2222,inkRed=false; cascade:firstFaceTop=970.7,bottomTop=1178.5,faceUpStep=48.90,geomCount=5,finalCount=5,bottomRank=Four,leadingRank=Eight,rankCount=5,diff=0,applied=false,boundary=[not-face-down@faceDownCount=3:teal=0.000,white=0.519,red=0.000,black=0.130]]
18:02:23.343 OUTCOME=ARROW status=Best: Tableau 6 -> Foundation 2 score=93.0 (safe-foundation,lookahead+10.0) 434ms conf=0.75 known=27
  frame=1080x2340 elapsed=434ms conf=0.75 knownFaceUp=27
  timing: queueDelay=12ms detect=434ms select=2ms total=448ms
  move=Tableau 6 -> Foundation 2 score=93.0 rationale=safe-foundation,lookahead+10.0
  runner-up:
    1. Draw from stock score=18.0 (draw,lookahead+10.0)
    2. Foundation 1 -> Tableau 7 score=-47.0 (pull-from-foundation,lookahead+10.0)
    3. Foundation 1 -> Tableau 5 score=-47.0 (pull-from-foundation,lookahead+10.0)
  from=(839,1424) to=(236,608)
  signature=U_B|Three_Diamonds;Two_Clubs;Ace_Spades;-|King_Hearts,Queen_Clubs,Jack_Hearts;;King_Clubs;King_Diamonds,Queen_Spades,Jack_Diamonds,Ten_Spades,Nine_Diamonds,Eight_Spades;D,Five_Hearts,Four_Spades;D,D,D,D,Nine_Clubs,Eight_Diamonds,Seven_Clubs,Six_Diamonds,Five_Clubs,Four_Hearts,Three_Clubs;D,D,D,Eight_Clubs,Seven_Diamonds,Six_Clubs,Five_Diamonds,Four_Clubs
  diag: boardConfidence=0.85
  diag: profile=solitaire_smash_s25
  diag: stock=face-down-stock
  diag: foundation0=match-Three-Diamonds@0.79:TD
  diag: foundation1=match-Two-Clubs@0.83:TC
  diag: foundation2=match-Ace-Spades@0.98:AS
  diag: foundation3=empty-color:null
  diag: tableau0.faceScan=rowHeight=5.74,lastWhiteBottom=1130.3,whiteRows=50,minimumRows=7,breakY=1164.7
  diag: tableau0.region=937.5-1130.3
  diag: tableau0=King_Diamonds,Queen_Clubs,Jack_Diamonds
  diag: tableau1.faceScan=rowHeight=5.74,lastWhiteBottom=1027.0,whiteRows=1,minimumRows=7,breakY=1061.5
  diag: tableau1=
  diag: tableau2.faceScan=rowHeight=5.74,lastWhiteBottom=1032.8,whiteRows=34,minimumRows=7,breakY=1067.2
  diag: tableau2.region=840.0-1032.8
  diag: tableau2=King_Clubs
  diag: tableau3.faceScan=rowHeight=5.74,lastWhiteBottom=1273.7,whiteRows=73,minimumRows=7,breakY=1308.1
  diag: tableau3.region=1081.0-1273.7
  diag: tableau3=King_Diamonds,Queen_Clubs,Jack_Diamonds,Ten_Clubs,Nine_Diamonds,Eight_Clubs
  diag: tableau4.faceScan=rowHeight=5.74,lastWhiteBottom=1130.3,whiteRows=44,minimumRows=7,breakY=1164.7
  diag: tableau4.region=937.5-1130.3
  diag: tableau4=D,Five_Diamonds,Four_Clubs
  diag: tableau5.faceScan=rowHeight=5.74,lastWhiteBottom=1520.4,whiteRows=87,minimumRows=7,breakY=1554.8
  diag: tableau5.region=1327.6-1520.4
  diag: tableau5=D,D,D,D,Nine_Clubs,Eight_Diamonds,Seven_Clubs,Six_Diamonds,Five_Clubs,Four_Diamonds,Three_Clubs
  diag: tableau6.faceScan=rowHeight=5.74,lastWhiteBottom=1371.2,whiteRows=70,minimumRows=7,breakY=1405.7
  diag: tableau6.region=1178.5-1371.2
  diag: tableau6=D,D,D,Eight_Clubs,Seven_Diamonds,Six_Clubs,Five_Diamonds,Four_Clubs
  diag: wasteOcr:relevant=false,ms=0,overlapped=false
  diag: waste=face-up-color-black:null
  diag: waste-regions=exact:708-846:face-up-color-black-rank=bitmap-Jack@0.52,legacy:750-907:face-up-color-black
  diag: waste-rank-scores={Ace=0.33905816, Two=0.4623172, Three=0.37229437, Four=0.45549417, Five=0.3066598, Six=0.3731501, Seven=0.4479718, Eight=0.40410256, Nine=0.4089027, Ten=0.45281073, Jack=0.5246637, Queen=0.42903575, King=0.42726347}
  diag: waste-suit-scores={Hearts=0.65055585, Diamonds=0.56136364, Clubs=0.5433579, Spades=0.59921503}
  diag: livePlayScreen=true
  diag: gameFooter=true
  diag: lobbyScreen=false
  diag: knownFaceUp=27
  diag: timing:total=428ms,tableau=409ms[c0=128,c1=12,c2=29,c3=64,c4=36,c5=73,c6=67],scrub=0ms,deckConstraint=2ms,recognize:hits=29,misses=2,missTime=282ms,missReason:newKey=0,fingerprint=2,bounds=0
  recognition:
  slot foundation:0 3D conf=0.79 rank=rank-png-strong@0.79 {3:0.79 J:0.76 8:0.73 4:0.71} suit=suit-png@0.96 {D:0.92 H:0.82} post=[ink-ratio:red=0.1687,black=0.0000,inkRed=true]
  slot foundation:1 2C conf=0.83 rank=rank-png-strong@0.83 {2:0.83 7:0.77 J:0.72 3:0.72} suit=suit-png@0.81 {C:0.81 S:0.74} post=[black-tiebreak:full=C0.81/S0.74,top=C0.58/S0.52,branch=wideMarginDirect->Clubs; ink-ratio:red=0.0000,black=0.1811,inkRed=false]
  slot foundation:2 AS conf=0.98 rank=rank-png-strong@0.98 {A:0.98 8:0.78 4:0.77 6:0.75} suit=suit-png@0.96 {S:0.92 C:0.89} post=[black-tiebreak:full=C0.89/S0.92,top=C0.79/S0.96,shape=Spades@1.30;branch=topLeaderDirect->Spades; ink-ratio:red=0.0000,black=0.2181,inkRed=false]
  slot tableau:0 KH conf=0.89 rank=rank-png-strong@0.89 {K:0.89 6:0.82 8:0.80 5:0.79} suit=suit-png@0.99 {H:0.95 D:0.81} post=[ink-ratio:red=0.2685,black=0.0000,inkRed=true,inkRegion=header; cascade:firstFaceTop=837.7,bottomTop=937.5,faceUpStep=48.90,geomCount=3,finalCount=3,bottomRank=Jack,leadingRank=King,rankCount=3,diff=0,applied=false,boundary=[not-face-down@faceDownCount=0:teal=0.000,white=0.519,red=0.352,black=0.000],exposedIndex=0,distanceFromBottom=2]
  slot tableau:0:1 QC conf=0.86 rank=rank-png-strong@0.86 {Q:0.86 9:0.75 8:0.72 10:0.71} suit=suit-opencv@0.52 {S:0.91 C:0.89} post=[ocr=miss:empty; ink-ratio:red=0.0000,black=0.3426,inkRed=false,inkRegion=header; post-black-suit:Spades->Clubs; black-tiebreak2:full=C0.66/S0.66,top=C0.74/S0.69,shape=none;branch=topLeaderDirect->Clubs; cascade:firstFaceTop=837.7,bottomTop=937.5,faceUpStep=48.90,geomCount=3,finalCount=3,bottomRank=Jack,leadingRank=King,rankCount=3,diff=0,applied=false,boundary=[not-face-down@faceDownCount=0:teal=0.000,white=0.519,red=0.352,black=0.000],exposedIndex=1,distanceFromBottom=1; deck-constraint:QC~->QC]
  slot tableau:0:2 JH conf=0.83 rank=rank-png-strong@0.83 {J:0.83 4:0.71 7:0.70 3:0.68} suit=suit-png@0.98 {H:0.94 D:0.80} post=[ink-ratio:red=0.1689,black=0.0400,inkRed=true; cascade:firstFaceTop=837.7,bottomTop=937.5,faceUpStep=48.90,geomCount=3,finalCount=3,bottomRank=Jack,leadingRank=King,rankCount=3,diff=0,applied=false,boundary=[not-face-down@faceDownCount=0:teal=0.000,white=0.519,red=0.352,black=0.000]]
  slot tableau:2 KC conf=0.93 rank=rank-png-strong@0.93 {K:0.93 2:0.78 8:0.78 10:0.78} suit=suit-png@0.82 {S:0.90 C:0.88} post=[black-tiebreak:full=C0.88/S0.90,top=C0.82/S0.86,shape=Clubs@0.36;branch=topSpade-clubShapeVetoWins->Clubs; ink-ratio:red=0.0000,black=0.1991,inkRed=false; cascade:firstFaceTop=837.7,bottomTop=840.0,faceUpStep=48.90,geomCount=1,finalCount=1,bottomRank=King,leadingRank=King,rankCount=1,diff=0,applied=false,boundary=[ran-out-of-room]]
  slot tableau:3 KD conf=0.87 rank=rank-png-strong@0.87 {K:0.87 6:0.81 8:0.81 5:0.78} suit=suit-png@0.98 {D:0.94 H:0.84} post=[ink-ratio:red=0.2685,black=0.0000,inkRed=true,inkRegion=header; cascade:firstFaceTop=837.7,bottomTop=1081.0,faceUpStep=48.90,geomCount=6,finalCount=6,bottomRank=Eight,leadingRank=King,rankCount=6,diff=0,applied=false,boundary=[not-face-down@faceDownCount=0:teal=0.000,white=0.667,red=0.333,black=0.000],exposedIndex=0,distanceFromBottom=5]
  slot tableau:3:1 QS conf=0.91 rank=rank-png-strong@0.91 {Q:0.91 9:0.80 8:0.75 6:0.74} suit=suit-png@0.93 {S:0.93 C:0.87} post=[black-tiebreak:full=C0.87/S0.93,top=C0.81/S0.91,branch=wideMarginDirect->Spades; ink-ratio:red=0.0000,black=0.2778,inkRed=false,inkRegion=header; cascade:firstFaceTop=837.7,bottomTop=1081.0,faceUpStep=48.90,geomCount=6,finalCount=6,bottomRank=Eight,leadingRank=King,rankCount=6,diff=0,applied=false,boundary=[not-face-down@faceDownCount=0:teal=0.000,white=0.667,red=0.333,black=0.000],exposedIndex=1,distanceFromBottom=4]
  slot tableau:3:2 JD conf=0.88 rank=rank-png-strong@0.88 {J:0.88 4:0.82 7:0.73 A:0.72} suit=suit-png@0.97 {D:0.93 H:0.85} post=[ocr=miss:empty; ink-ratio:red=0.1759,black=0.0000,inkRed=true,inkRegion=header; cascade:firstFaceTop=837.7,bottomTop=1081.0,faceUpStep=48.90,geomCount=6,finalCount=6,bottomRank=Eight,leadingRank=King,rankCount=6,diff=0,applied=false,boundary=[not-face-down@faceDownCount=0:teal=0.000,white=0.667,red=0.333,black=0.000],exposedIndex=2,distanceFromBottom=3]
  slot tableau:3:3 10S~ conf=0.87 rank=rank-png-strong@0.87 {10:0.87 Q:0.74 9:0.70 8:0.70} suit=suit-png@0.89 {S:0.94 C:0.89} post=[black-tiebreak:full=C0.89/S0.94,top=C0.79/S0.89,shape=none;branch=topLeaderDirect->Spades; ink-ratio:red=0.0000,black=0.2870,inkRed=false,inkRegion=header; cascade:firstFaceTop=837.7,bottomTop=1081.0,faceUpStep=48.90,geomCount=6,finalCount=6,bottomRank=Eight,leadingRank=King,rankCount=6,diff=0,applied=false,boundary=[not-face-down@faceDownCount=0:teal=0.000,white=0.667,red=0.333,black=0.000],exposedIndex=3,distanceFromBottom=2; deck-constraint:10S->10S~]
  slot tableau:3:4 9D~ conf=0.81 rank=rank-png-strong@0.81 {9:0.81 8:0.80 2:0.78 K:0.77} suit=suit-png@0.96 {D:0.92 H:0.87} post=[ink-ratio:red=0.2222,black=0.0000,inkRed=true,inkRegion=header; cascade:firstFaceTop=837.7,bottomTop=1081.0,faceUpStep=48.90,geomCount=6,finalCount=6,bottomRank=Eight,leadingRank=King,rankCount=6,diff=0,applied=false,boundary=[not-face-down@faceDownCount=0:teal=0.000,white=0.667,red=0.333,black=0.000],exposedIndex=4,distanceFromBottom=1; deck-constraint:9D->9D~]
  slot tableau:3:5 8S conf=0.90 rank=rank-png-strong@0.90 {8:0.90 6:0.81 3:0.78 9:0.77} suit=suit-png@0.95 {S:0.95 C:0.88} post=[black-tiebreak:full=C0.88/S0.95,top=C0.79/S0.95,branch=wideMarginDirect->Spades; ink-ratio:red=0.0000,black=0.2044,inkRed=false; cascade:firstFaceTop=837.7,bottomTop=1081.0,faceUpStep=48.90,geomCount=6,finalCount=6,bottomRank=Eight,leadingRank=King,rankCount=6,diff=0,applied=false,boundary=[not-face-down@faceDownCount=0:teal=0.000,white=0.667,red=0.333,black=0.000]]
  slot tableau:4:1 5H conf=0.93 rank=rank-png-strong@0.93 {5:0.93 6:0.82 9:0.79 8:0.79} suit=suit-png@1.01 {H:0.97 D:0.82} post=[ink-ratio:red=0.2222,black=0.0000,inkRed=true,inkRegion=header; cascade:firstFaceTop=882.1,bottomTop=937.5,faceUpStep=48.90,geomCount=2,finalCount=2,bottomRank=Four,leadingRank=Five,rankCount=2,diff=0,applied=false,boundary=[not-face-down@faceDownCount=1:teal=0.000,white=0.685,red=0.259,black=0.000],exposedIndex=0,distanceFromBottom=1]
  slot tableau:4:2 4S conf=0.89 rank=rank-png-strong@0.89 {4:0.89 A:0.73 J:0.71 8:0.65} suit=suit-png@0.84 {S:0.92 C:0.87} post=[black-tiebreak:full=C0.87/S0.92,top=C0.76/S0.84,shape=Clubs@0.36;branch=topSpade-widePeakOnlyNoVeto->Spades; ink-ratio:red=0.0000,black=0.1733,inkRed=false; cascade:firstFaceTop=882.1,bottomTop=937.5,faceUpStep=48.90,geomCount=2,finalCount=2,bottomRank=Four,leadingRank=Five,rankCount=2,diff=0,applied=false,boundary=[not-face-down@faceDownCount=1:teal=0.000,white=0.685,red=0.259,black=0.000]]
  slot tableau:5:4 9C~ conf=0.87 rank=rank-png-strong@0.87 {9:0.87 A:0.86 8:0.83 Q:0.82} suit=suit-png@0.93 {C:0.93 S:0.88} post=[black-tiebreak:full=C0.93/S0.88,top=C0.93/S0.82,shape=Spades@1.12;branch=topLeaderDirect->Clubs; ink-ratio:red=0.0000,black=0.1852,inkRed=false,inkRegion=header; cascade:firstFaceTop=1015.1,bottomTop=1327.6,faceUpStep=48.90,geomCount=7,finalCount=7,bottomRank=Three,leadingRank=Nine,rankCount=7,diff=0,applied=false,boundary=[not-face-down@faceDownCount=4:teal=0.315,white=0.593,red=0.000,black=0.056],exposedIndex=0,distanceFromBottom=6; deck-constraint:9C->9C~]
  slot tableau:5:5 8D~ conf=0.87 rank=rank-png-strong@0.87 {8:0.87 A:0.86 9:0.83 4:0.82} suit=suit-png@0.87 {D:0.87 H:0.76} post=[ink-ratio:red=0.1759,black=0.0370,inkRed=true,inkRegion=header; cascade:firstFaceTop=1015.1,bottomTop=1327.6,faceUpStep=48.90,geomCount=7,finalCount=7,bottomRank=Three,leadingRank=Nine,rankCount=7,diff=0,applied=false,boundary=[not-face-down@faceDownCount=4:teal=0.315,white=0.593,red=0.000,black=0.056],exposedIndex=1,distanceFromBottom=5; deck-constraint:8D->8D~]
  slot tableau:5:7 6D~ conf=0.87 rank=rank-png-strong@0.87 {6:0.87 A:0.83 4:0.81 8:0.81} suit=suit-png@0.87 {D:0.87 H:0.76} post=[ink-ratio:red=0.1852,black=0.0185,inkRed=true,inkRegion=header; cascade:firstFaceTop=1015.1,bottomTop=1327.6,faceUpStep=48.90,geomCount=7,finalCount=7,bottomRank=Three,leadingRank=Nine,rankCount=7,diff=0,applied=false,boundary=[not-face-down@faceDownCount=4:teal=0.315,white=0.593,red=0.000,black=0.056],exposedIndex=3,distanceFromBottom=3; deck-constraint:6D->6D~]
  slot tableau:5:8 5C~ conf=0.84 rank=rank-png-strong@0.84 {5:0.84 6:0.83 8:0.80 9:0.80} suit=suit-png@0.79 {C:0.79 D:0.79 H:0.72 S:0.67} post=[ink-ratio:red=0.0278,black=0.1759,inkRed=null,inkRegion=header; cascade:firstFaceTop=1015.1,bottomTop=1327.6,faceUpStep=48.90,geomCount=7,finalCount=7,bottomRank=Three,leadingRank=Nine,rankCount=7,diff=0,applied=false,boundary=[not-face-down@faceDownCount=4:teal=0.315,white=0.593,red=0.000,black=0.056],exposedIndex=4,distanceFromBottom=2; deck-constraint:5C->5C~]
  slot tableau:5:9 4H~ conf=0.90 rank=rank-png-strong@0.90 {4:0.90 A:0.84 J:0.74 8:0.70} suit=suit-png@0.87 {H:0.87 D:0.80} post=[ink-ratio:red=0.2222,black=0.0370,inkRed=true,inkRegion=header; cascade:firstFaceTop=1015.1,bottomTop=1327.6,faceUpStep=48.90,geomCount=7,finalCount=7,bottomRank=Three,leadingRank=Nine,rankCount=7,diff=0,applied=false,boundary=[not-face-down@faceDownCount=4:teal=0.315,white=0.593,red=0.000,black=0.056],exposedIndex=5,distanceFromBottom=1; deck-constraint:4H->4H~]
  slot tableau:5:10 3S~ conf=0.82 rank=rank-png-strong@0.82 {3:0.82 J:0.78 8:0.73 2:0.72} suit=suit-png@0.82 {S:0.90 C:0.86} post=[black-tiebreak:full=C0.86/S0.90,top=C0.74/S0.82,shape=Clubs@0.36;branch=topSpade-widePeakOnlyNoVeto->Spades; ink-ratio:red=0.0667,black=0.1711,inkRed=false; cascade:firstFaceTop=1015.1,bottomTop=1327.6,faceUpStep=48.90,geomCount=7,finalCount=7,bottomRank=Three,leadingRank=Nine,rankCount=7,diff=0,applied=false,boundary=[not-face-down@faceDownCount=4:teal=0.315,white=0.593,red=0.000,black=0.056]; deck-constraint:3S->3S~]
  slot tableau:6:3 8C conf=0.93 rank=rank-png-strong@0.93 {8:0.93 9:0.84 6:0.83 A:0.83} suit=suit-png@0.91 {C:0.90 S:0.85} post=[black-tiebreak:full=C0.90/S0.85,top=C0.91/S0.83,shape=Spades@0.60;branch=topLeaderDirect->Clubs; ink-ratio:red=0.0000,black=0.2407,inkRed=false,inkRegion=header; cascade:firstFaceTop=970.7,bottomTop=1178.5,faceUpStep=48.90,geomCount=5,finalCount=5,bottomRank=Four,leadingRank=Eight,rankCount=5,diff=0,applied=false,boundary=[not-face-down@faceDownCount=3:teal=0.000,white=0.519,red=0.000,black=0.130],exposedIndex=0,distanceFromBottom=4]
  slot tableau:6:4 7D~ conf=0.95 rank=rank-png-strong@0.95 {7:0.95 2:0.86 3:0.77 J:0.76} suit=suit-png@0.98 {D:0.94 H:0.83} post=[ocr=miss:empty; ink-ratio:red=0.1759,black=0.0556,inkRed=true,inkRegion=header; cascade:firstFaceTop=970.7,bottomTop=1178.5,faceUpStep=48.90,geomCount=5,finalCount=5,bottomRank=Four,leadingRank=Eight,rankCount=5,diff=0,applied=false,boundary=[not-face-down@faceDownCount=3:teal=0.000,white=0.519,red=0.000,black=0.130],exposedIndex=1,distanceFromBottom=3; deck-constraint:7D->7D~]
  slot tableau:6:5 6C~ conf=0.92 rank=rank-png-strong@0.92 {6:0.92 A:0.83 8:0.83 5:0.83} suit=suit-png@0.92 {C:0.90 S:0.86} post=[black-tiebreak:full=C0.90/S0.86,top=C0.92/S0.84,shape=Spades@0.60;branch=topLeaderDirect->Clubs; ink-ratio:red=0.0000,black=0.2500,inkRed=false,inkRegion=header; cascade:firstFaceTop=970.7,bottomTop=1178.5,faceUpStep=48.90,geomCount=5,finalCount=5,bottomRank=Four,leadingRank=Eight,rankCount=5,diff=0,applied=false,boundary=[not-face-down@faceDownCount=3:teal=0.000,white=0.519,red=0.000,black=0.130],exposedIndex=2,distanceFromBottom=2; deck-constraint:6C->6C~]
  slot tableau:6:6 5D conf=0.94 rank=rank-png-strong@0.94 {5:0.94 6:0.83 K:0.81 9:0.80} suit=suit-png@0.96 {D:0.92 H:0.84} post=[ink-ratio:red=0.1574,black=0.0556,inkRed=true,inkRegion=header; cascade:firstFaceTop=970.7,bottomTop=1178.5,faceUpStep=48.90,geomCount=5,finalCount=5,bottomRank=Four,leadingRank=Eight,rankCount=5,diff=0,applied=false,boundary=[not-face-down@faceDownCount=3:teal=0.000,white=0.519,red=0.000,black=0.130],exposedIndex=3,distanceFromBottom=1]
  slot tableau:6:7 4C conf=0.91 rank=rank-png-strong@0.91 {4:0.91 A:0.73 J:0.72 8:0.66} suit=suit-png@0.86 {C:0.90 S:0.89} post=[black-tiebreak:full=C0.90/S0.89,top=C0.86/S0.82,shape=Clubs@0.36;branch=lowTopMargin-shapeLeader->Clubs; ink-ratio:red=0.0000,black=0.2222,inkRed=false; cascade:firstFaceTop=970.7,bottomTop=1178.5,faceUpStep=48.90,geomCount=5,finalCount=5,bottomRank=Four,leadingRank=Eight,rankCount=5,diff=0,applied=false,boundary=[not-face-down@faceDownCount=3:teal=0.000,white=0.519,red=0.000,black=0.130]]
  slot waste ? conf=0.55 rank=? {A:0.44 K:0.41 6:0.41 2:0.40} suit=? {C:0.00 S:0.00} post=[ocr=miss:empty]
18:02:24.058 OUTCOME=ARROW status=Best: Waste -> Tableau 7 score=168.0 (clear-waste,direct-stack,lookahead+10.0) 706ms conf=0.80 known=28
  frame=1080x2340 elapsed=706ms conf=0.80 knownFaceUp=28
  timing: queueDelay=147ms detect=706ms select=3ms total=856ms
  move=Waste -> Tableau 7 score=168.0 rationale=clear-waste,direct-stack,lookahead+10.0
  runner-up:
    1. Waste -> Tableau 5 score=168.0 (clear-waste,direct-stack,lookahead+10.0)
    2. Tableau 6 -> Foundation 2 score=93.0 (safe-foundation,lookahead+10.0)
    3. Draw from stock score=-17.0 (defer-draw-waste,lookahead+10.0)
  from=(826,608) to=(989,1275)
  signature=Three_Hearts|Three_Diamonds;Two_Clubs;Two_Spades;-|King_Hearts,Queen_Clubs,Jack_Hearts;;King_Clubs;King_Diamonds,Queen_Spades,Jack_Diamonds,Ten_Spades,Nine_Diamonds,Eight_Spades;D,Five_Hearts,Four_Spades;D,D,D,D,Nine_Clubs,Eight_Diamonds,Seven_Clubs,Six_Diamonds,Five_Clubs,Four_Hearts,Three_Clubs;D,D,D,Eight_Clubs,Seven_Diamonds,Six_Clubs,Five_Diamonds,Four_Clubs
  diag: boardConfidence=0.85
  diag: profile=solitaire_smash_s25
  diag: stock=face-down-stock
  diag: foundation0=match-Three-Diamonds@0.79:TD
  diag: foundation1=match-Two-Clubs@0.83:TC
  diag: foundation2=match-Two-Spades@0.83:TS
  diag: foundation3=empty-color:null
  diag: tableau0.faceScan=rowHeight=5.74,lastWhiteBottom=1130.3,whiteRows=50,minimumRows=7,breakY=1164.7
  diag: tableau0.region=937.5-1130.3
  diag: tableau0=King_Diamonds,Queen_Clubs,Jack_Diamonds
  diag: tableau1.faceScan=rowHeight=5.74,lastWhiteBottom=1027.0,whiteRows=1,minimumRows=7,breakY=1061.5
  diag: tableau1=
  diag: tableau2.faceScan=rowHeight=5.74,lastWhiteBottom=1032.8,whiteRows=34,minimumRows=7,breakY=1067.2
  diag: tableau2.region=840.0-1032.8
  diag: tableau2=King_Clubs
  diag: tableau3.faceScan=rowHeight=5.74,lastWhiteBottom=1273.7,whiteRows=73,minimumRows=7,breakY=1308.1
  diag: tableau3.region=1081.0-1273.7
  diag: tableau3=King_Diamonds,Queen_Clubs,Jack_Diamonds,Ten_Clubs,Nine_Diamonds,Eight_Clubs
  diag: tableau4.faceScan=rowHeight=5.74,lastWhiteBottom=1130.3,whiteRows=44,minimumRows=7,breakY=1164.7
  diag: tableau4.region=937.5-1130.3
  diag: tableau4=D,Five_Diamonds,Four_Clubs
  diag: tableau5.faceScan=rowHeight=5.74,lastWhiteBottom=1520.4,whiteRows=87,minimumRows=7,breakY=1554.8
  diag: tableau5.region=1327.6-1520.4
  diag: tableau5=D,D,D,D,Nine_Clubs,Eight_Diamonds,Seven_Clubs,Six_Diamonds,Five_Clubs,Four_Diamonds,Three_Clubs
  diag: tableau6.faceScan=rowHeight=5.74,lastWhiteBottom=1371.2,whiteRows=70,minimumRows=7,breakY=1405.7
  diag: tableau6.region=1178.5-1371.2
  diag: tableau6=D,D,D,Eight_Clubs,Seven_Diamonds,Six_Clubs,Five_Diamonds,Four_Clubs
  diag: wasteOcr:relevant=true,ms=45,overlapped=true
  diag: waste=fused-Three-Hearts:TH
  diag: waste-regions=exact:757-895:match-Three-Hearts@0.62,legacy:750-907:match-Jack-Hearts@0.73
  diag: waste-rank-scores={Ace=0.44184688, Two=0.37648457, Three=0.37967288, Four=0.41876274, Five=0.41053197, Six=0.37263626, Seven=0.30118233, Eight=0.37915176, Nine=0.3632385, Ten=0.4250681, Jack=0.4, Queen=0.46573752, King=0.42713302}
  diag: waste-suit-scores={Hearts=0.9632986, Diamonds=0.87304157}
  diag: waste-disagreement=tight:Three_Hearts,legacy:Jack_Hearts
  diag: whole@756,503,895,713:ocr='3'@0.62
  diag: waste-ocr-rank=Three
  diag: livePlayScreen=true
  diag: gameFooter=true
  diag: lobbyScreen=false
  diag: knownFaceUp=28
  diag: timing:total=704ms,tableau=374ms[c0=151,c1=11,c2=20,c3=51,c4=42,c5=65,c6=34],scrub=0ms,deckConstraint=2ms,recognize:hits=28,misses=3,missTime=946ms,missReason:newKey=0,fingerprint=3,bounds=0
  recognition:
  slot foundation:0 3D conf=0.79 rank=rank-png-strong@0.79 {3:0.79 J:0.76 8:0.73 4:0.71} suit=suit-png@0.96 {D:0.92 H:0.82} post=[ink-ratio:red=0.1687,black=0.0000,inkRed=true]
  slot foundation:1 2C conf=0.83 rank=rank-png-strong@0.83 {2:0.83 7:0.77 J:0.72 3:0.72} suit=suit-png@0.81 {C:0.81 S:0.74} post=[black-tiebreak:full=C0.81/S0.74,top=C0.58/S0.52,branch=wideMarginDirect->Clubs; ink-ratio:red=0.0000,black=0.1811,inkRed=false]
  slot foundation:2 2S conf=0.83 rank=rank-png-strong@0.83 {2:0.83 7:0.77 J:0.73 3:0.72} suit=suit-png@0.48 {C:0.81 S:0.78} post=[black-tiebreak:full=C0.81/S0.78,top=C0.53/S0.48,shape=Spades@1.08;branch=topClub-strongSpadeShapeOverride->Spades; ink-ratio:red=0.0000,black=0.1811,inkRed=false; black-tiebreak2:full=C0.81/S0.78,top=C0.53/S0.48,shape=Spades@1.08;branch=topClub-strongSpadeShapeOverride->Spades]
  slot tableau:0 KH conf=0.89 rank=rank-png-strong@0.89 {K:0.89 6:0.82 8:0.80 5:0.79} suit=suit-png@0.99 {H:0.95 D:0.81} post=[ink-ratio:red=0.2685,black=0.0000,inkRed=true,inkRegion=header; cascade:firstFaceTop=837.7,bottomTop=937.5,faceUpStep=48.90,geomCount=3,finalCount=3,bottomRank=Jack,leadingRank=King,rankCount=3,diff=0,applied=false,boundary=[not-face-down@faceDownCount=0:teal=0.000,white=0.519,red=0.352,black=0.000],exposedIndex=0,distanceFromBottom=2]
  slot tableau:0:1 QC conf=0.86 rank=rank-png-strong@0.86 {Q:0.86 9:0.75 8:0.72 10:0.71} suit=suit-opencv@0.52 {S:0.91 C:0.89} post=[ocr=miss:empty; ink-ratio:red=0.0000,black=0.3426,inkRed=false,inkRegion=header; post-black-suit:Spades->Clubs; black-tiebreak2:full=C0.66/S0.66,top=C0.74/S0.69,shape=none;branch=topLeaderDirect->Clubs; cascade:firstFaceTop=837.7,bottomTop=937.5,faceUpStep=48.90,geomCount=3,finalCount=3,bottomRank=Jack,leadingRank=King,rankCount=3,diff=0,applied=false,boundary=[not-face-down@faceDownCount=0:teal=0.000,white=0.519,red=0.352,black=0.000],exposedIndex=1,distanceFromBottom=1; deck-constraint:QC~->QC]
  slot tableau:0:2 JH conf=0.83 rank=rank-png-strong@0.83 {J:0.83 4:0.71 7:0.70 3:0.68} suit=suit-png@0.98 {H:0.94 D:0.80} post=[ink-ratio:red=0.1689,black=0.0400,inkRed=true; cascade:firstFaceTop=837.7,bottomTop=937.5,faceUpStep=48.90,geomCount=3,finalCount=3,bottomRank=Jack,leadingRank=King,rankCount=3,diff=0,applied=false,boundary=[not-face-down@faceDownCount=0:teal=0.000,white=0.519,red=0.352,black=0.000]]
  slot tableau:2 KC conf=0.93 rank=rank-png-strong@0.93 {K:0.93 2:0.78 8:0.78 10:0.78} suit=suit-png@0.82 {S:0.90 C:0.88} post=[black-tiebreak:full=C0.88/S0.90,top=C0.82/S0.86,shape=Clubs@0.36;branch=topSpade-clubShapeVetoWins->Clubs; ink-ratio:red=0.0000,black=0.1991,inkRed=false; cascade:firstFaceTop=837.7,bottomTop=840.0,faceUpStep=48.90,geomCount=1,finalCount=1,bottomRank=King,leadingRank=King,rankCount=1,diff=0,applied=false,boundary=[ran-out-of-room]]
  slot tableau:3 KD conf=0.87 rank=rank-png-strong@0.87 {K:0.87 6:0.81 8:0.81 5:0.78} suit=suit-png@0.98 {D:0.94 H:0.84} post=[ink-ratio:red=0.2685,black=0.0000,inkRed=true,inkRegion=header; cascade:firstFaceTop=837.7,bottomTop=1081.0,faceUpStep=48.90,geomCount=6,finalCount=6,bottomRank=Eight,leadingRank=King,rankCount=6,diff=0,applied=false,boundary=[not-face-down@faceDownCount=0:teal=0.000,white=0.667,red=0.333,black=0.000],exposedIndex=0,distanceFromBottom=5]
  slot tableau:3:1 QS conf=0.91 rank=rank-png-strong@0.91 {Q:0.91 9:0.80 8:0.75 6:0.74} suit=suit-png@0.93 {S:0.93 C:0.87} post=[black-tiebreak:full=C0.87/S0.93,top=C0.81/S0.91,branch=wideMarginDirect->Spades; ink-ratio:red=0.0000,black=0.2778,inkRed=false,inkRegion=header; cascade:firstFaceTop=837.7,bottomTop=1081.0,faceUpStep=48.90,geomCount=6,finalCount=6,bottomRank=Eight,leadingRank=King,rankCount=6,diff=0,applied=false,boundary=[not-face-down@faceDownCount=0:teal=0.000,white=0.667,red=0.333,black=0.000],exposedIndex=1,distanceFromBottom=4]
  slot tableau:3:2 JD conf=0.88 rank=rank-png-strong@0.88 {J:0.88 4:0.82 7:0.73 A:0.72} suit=suit-png@0.97 {D:0.93 H:0.85} post=[ocr=miss:empty; ink-ratio:red=0.1759,black=0.0000,inkRed=true,inkRegion=header; cascade:firstFaceTop=837.7,bottomTop=1081.0,faceUpStep=48.90,geomCount=6,finalCount=6,bottomRank=Eight,leadingRank=King,rankCount=6,diff=0,applied=false,boundary=[not-face-down@faceDownCount=0:teal=0.000,white=0.667,red=0.333,black=0.000],exposedIndex=2,distanceFromBottom=3]
  slot tableau:3:3 10S~ conf=0.87 rank=rank-png-strong@0.87 {10:0.87 Q:0.74 9:0.70 8:0.70} suit=suit-png@0.89 {S:0.94 C:0.89} post=[black-tiebreak:full=C0.89/S0.94,top=C0.79/S0.89,shape=none;branch=topLeaderDirect->Spades; ink-ratio:red=0.0000,black=0.2870,inkRed=false,inkRegion=header; cascade:firstFaceTop=837.7,bottomTop=1081.0,faceUpStep=48.90,geomCount=6,finalCount=6,bottomRank=Eight,leadingRank=King,rankCount=6,diff=0,applied=false,boundary=[not-face-down@faceDownCount=0:teal=0.000,white=0.667,red=0.333,black=0.000],exposedIndex=3,distanceFromBottom=2; deck-constraint:10S->10S~]
  slot tableau:3:4 9D~ conf=0.81 rank=rank-png-strong@0.81 {9:0.81 8:0.80 2:0.78 K:0.77} suit=suit-png@0.96 {D:0.92 H:0.87} post=[ink-ratio:red=0.2222,black=0.0000,inkRed=true,inkRegion=header; cascade:firstFaceTop=837.7,bottomTop=1081.0,faceUpStep=48.90,geomCount=6,finalCount=6,bottomRank=Eight,leadingRank=King,rankCount=6,diff=0,applied=false,boundary=[not-face-down@faceDownCount=0:teal=0.000,white=0.667,red=0.333,black=0.000],exposedIndex=4,distanceFromBottom=1; deck-constraint:9D->9D~]
  slot tableau:3:5 8S conf=0.90 rank=rank-png-strong@0.90 {8:0.90 6:0.81 3:0.78 9:0.77} suit=suit-png@0.95 {S:0.95 C:0.88} post=[black-tiebreak:full=C0.88/S0.95,top=C0.79/S0.95,branch=wideMarginDirect->Spades; ink-ratio:red=0.0000,black=0.2044,inkRed=false; cascade:firstFaceTop=837.7,bottomTop=1081.0,faceUpStep=48.90,geomCount=6,finalCount=6,bottomRank=Eight,leadingRank=King,rankCount=6,diff=0,applied=false,boundary=[not-face-down@faceDownCount=0:teal=0.000,white=0.667,red=0.333,black=0.000]]
  slot tableau:4:1 5H conf=0.93 rank=rank-png-strong@0.93 {5:0.93 6:0.82 9:0.79 8:0.79} suit=suit-png@1.01 {H:0.97 D:0.82} post=[ink-ratio:red=0.2222,black=0.0000,inkRed=true,inkRegion=header; cascade:firstFaceTop=882.1,bottomTop=937.5,faceUpStep=48.90,geomCount=2,finalCount=2,bottomRank=Four,leadingRank=Five,rankCount=2,diff=0,applied=false,boundary=[not-face-down@faceDownCount=1:teal=0.000,white=0.685,red=0.259,black=0.000],exposedIndex=0,distanceFromBottom=1]
  slot tableau:4:2 4S conf=0.89 rank=rank-png-strong@0.89 {4:0.89 A:0.73 J:0.71 8:0.65} suit=suit-png@0.84 {S:0.92 C:0.87} post=[black-tiebreak:full=C0.87/S0.92,top=C0.76/S0.84,shape=Clubs@0.36;branch=topSpade-widePeakOnlyNoVeto->Spades; ink-ratio:red=0.0000,black=0.1733,inkRed=false; cascade:firstFaceTop=882.1,bottomTop=937.5,faceUpStep=48.90,geomCount=2,finalCount=2,bottomRank=Four,leadingRank=Five,rankCount=2,diff=0,applied=false,boundary=[not-face-down@faceDownCount=1:teal=0.000,white=0.685,red=0.259,black=0.000]]
  slot tableau:5:4 9C~ conf=0.87 rank=rank-png-strong@0.87 {9:0.87 A:0.86 8:0.83 Q:0.82} suit=suit-png@0.93 {C:0.93 S:0.88} post=[black-tiebreak:full=C0.93/S0.88,top=C0.93/S0.82,shape=Spades@1.12;branch=topLeaderDirect->Clubs; ink-ratio:red=0.0000,black=0.1852,inkRed=false,inkRegion=header; cascade:firstFaceTop=1015.1,bottomTop=1327.6,faceUpStep=48.90,geomCount=7,finalCount=7,bottomRank=Three,leadingRank=Nine,rankCount=7,diff=0,applied=false,boundary=[not-face-down@faceDownCount=4:teal=0.315,white=0.593,red=0.000,black=0.056],exposedIndex=0,distanceFromBottom=6; deck-constraint:9C->9C~]
  slot tableau:5:5 8D~ conf=0.87 rank=rank-png-strong@0.87 {8:0.87 A:0.86 9:0.83 4:0.82} suit=suit-png@0.87 {D:0.87 H:0.76} post=[ink-ratio:red=0.1759,black=0.0370,inkRed=true,inkRegion=header; cascade:firstFaceTop=1015.1,bottomTop=1327.6,faceUpStep=48.90,geomCount=7,finalCount=7,bottomRank=Three,leadingRank=Nine,rankCount=7,diff=0,applied=false,boundary=[not-face-down@faceDownCount=4:teal=0.315,white=0.593,red=0.000,black=0.056],exposedIndex=1,distanceFromBottom=5; deck-constraint:8D->8D~]
  slot tableau:5:7 6D~ conf=0.87 rank=rank-png-strong@0.87 {6:0.87 A:0.83 4:0.81 8:0.81} suit=suit-png@0.87 {D:0.87 H:0.76} post=[ink-ratio:red=0.1852,black=0.0185,inkRed=true,inkRegion=header; cascade:firstFaceTop=1015.1,bottomTop=1327.6,faceUpStep=48.90,geomCount=7,finalCount=7,bottomRank=Three,leadingRank=Nine,rankCount=7,diff=0,applied=false,boundary=[not-face-down@faceDownCount=4:teal=0.315,white=0.593,red=0.000,black=0.056],exposedIndex=3,distanceFromBottom=3; deck-constraint:6D->6D~]
  slot tableau:5:8 5C~ conf=0.84 rank=rank-png-strong@0.84 {5:0.84 6:0.83 8:0.80 9:0.80} suit=suit-png@0.79 {C:0.79 D:0.79 H:0.72 S:0.67} post=[ink-ratio:red=0.0278,black=0.1759,inkRed=null,inkRegion=header; cascade:firstFaceTop=1015.1,bottomTop=1327.6,faceUpStep=48.90,geomCount=7,finalCount=7,bottomRank=Three,leadingRank=Nine,rankCount=7,diff=0,applied=false,boundary=[not-face-down@faceDownCount=4:teal=0.315,white=0.593,red=0.000,black=0.056],exposedIndex=4,distanceFromBottom=2; deck-constraint:5C->5C~]
  slot tableau:5:9 4H~ conf=0.90 rank=rank-png-strong@0.90 {4:0.90 A:0.84 J:0.74 8:0.70} suit=suit-png@0.87 {H:0.87 D:0.80} post=[ink-ratio:red=0.2222,black=0.0370,inkRed=true,inkRegion=header; cascade:firstFaceTop=1015.1,bottomTop=1327.6,faceUpStep=48.90,geomCount=7,finalCount=7,bottomRank=Three,leadingRank=Nine,rankCount=7,diff=0,applied=false,boundary=[not-face-down@faceDownCount=4:teal=0.315,white=0.593,red=0.000,black=0.056],exposedIndex=5,distanceFromBottom=1; deck-constraint:4H->4H~]
  slot tableau:5:10 3S~ conf=0.82 rank=rank-png-strong@0.82 {3:0.82 J:0.78 8:0.73 2:0.72} suit=suit-png@0.82 {S:0.90 C:0.86} post=[black-tiebreak:full=C0.86/S0.90,top=C0.74/S0.82,shape=Clubs@0.36;branch=topSpade-widePeakOnlyNoVeto->Spades; ink-ratio:red=0.0667,black=0.1711,inkRed=false; cascade:firstFaceTop=1015.1,bottomTop=1327.6,faceUpStep=48.90,geomCount=7,finalCount=7,bottomRank=Three,leadingRank=Nine,rankCount=7,diff=0,applied=false,boundary=[not-face-down@faceDownCount=4:teal=0.315,white=0.593,red=0.000,black=0.056]; deck-constraint:3S->3S~]
  slot tableau:6:3 8C conf=0.93 rank=rank-png-strong@0.93 {8:0.93 9:0.84 6:0.83 A:0.83} suit=suit-png@0.91 {C:0.90 S:0.85} post=[black-tiebreak:full=C0.90/S0.85,top=C0.91/S0.83,shape=Spades@0.60;branch=topLeaderDirect->Clubs; ink-ratio:red=0.0000,black=0.2407,inkRed=false,inkRegion=header; cascade:firstFaceTop=970.7,bottomTop=1178.5,faceUpStep=48.90,geomCount=5,finalCount=5,bottomRank=Four,leadingRank=Eight,rankCount=5,diff=0,applied=false,boundary=[not-face-down@faceDownCount=3:teal=0.000,white=0.519,red=0.000,black=0.130],exposedIndex=0,distanceFromBottom=4]
  slot tableau:6:4 7D~ conf=0.95 rank=rank-png-strong@0.95 {7:0.95 2:0.86 3:0.77 J:0.76} suit=suit-png@0.98 {D:0.94 H:0.83} post=[ocr=miss:empty; ink-ratio:red=0.1759,black=0.0556,inkRed=true,inkRegion=header; cascade:firstFaceTop=970.7,bottomTop=1178.5,faceUpStep=48.90,geomCount=5,finalCount=5,bottomRank=Four,leadingRank=Eight,rankCount=5,diff=0,applied=false,boundary=[not-face-down@faceDownCount=3:teal=0.000,white=0.519,red=0.000,black=0.130],exposedIndex=1,distanceFromBottom=3; deck-constraint:7D->7D~]
  slot tableau:6:5 6C~ conf=0.92 rank=rank-png-strong@0.92 {6:0.92 A:0.83 8:0.83 5:0.83} suit=suit-png@0.92 {C:0.90 S:0.86} post=[black-tiebreak:full=C0.90/S0.86,top=C0.92/S0.84,shape=Spades@0.60;branch=topLeaderDirect->Clubs; ink-ratio:red=0.0000,black=0.2500,inkRed=false,inkRegion=header; cascade:firstFaceTop=970.7,bottomTop=1178.5,faceUpStep=48.90,geomCount=5,finalCount=5,bottomRank=Four,leadingRank=Eight,rankCount=5,diff=0,applied=false,boundary=[not-face-down@faceDownCount=3:teal=0.000,white=0.519,red=0.000,black=0.130],exposedIndex=2,distanceFromBottom=2; deck-constraint:6C->6C~]
  slot tableau:6:6 5D conf=0.94 rank=rank-png-strong@0.94 {5:0.94 6:0.83 K:0.81 9:0.80} suit=suit-png@0.96 {D:0.92 H:0.84} post=[ink-ratio:red=0.1574,black=0.0556,inkRed=true,inkRegion=header; cascade:firstFaceTop=970.7,bottomTop=1178.5,faceUpStep=48.90,geomCount=5,finalCount=5,bottomRank=Four,leadingRank=Eight,rankCount=5,diff=0,applied=false,boundary=[not-face-down@faceDownCount=3:teal=0.000,white=0.519,red=0.000,black=0.130],exposedIndex=3,distanceFromBottom=1]
  slot tableau:6:7 4C conf=0.91 rank=rank-png-strong@0.91 {4:0.91 A:0.73 J:0.72 8:0.66} suit=suit-png@0.86 {C:0.90 S:0.89} post=[black-tiebreak:full=C0.90/S0.89,top=C0.86/S0.82,shape=Clubs@0.36;branch=lowTopMargin-shapeLeader->Clubs; ink-ratio:red=0.0000,black=0.2222,inkRed=false; cascade:firstFaceTop=970.7,bottomTop=1178.5,faceUpStep=48.90,geomCount=5,finalCount=5,bottomRank=Four,leadingRank=Eight,rankCount=5,diff=0,applied=false,boundary=[not-face-down@faceDownCount=3:teal=0.000,white=0.519,red=0.000,black=0.130]]
  slot waste 3H conf=0.73 rank=rank-ocr@0.62 {Q:0.47 A:0.44 K:0.43 10:0.43} suit=suit-png@0.96 {H:0.96 D:0.87} post=[waste-fusion:legacy=Jack_Hearts,tight=Three_Hearts; whole@756,503,895,713:ocr='3'@0.62; waste-ocr-rank:Three; ocr='3'@0.62; ink-ratio:red=0.1528,black=0.0000,inkRed=true; ink-ratio:red=0.1790,black=0.0000,inkRed=true]
18:02:27.301 OUTCOME=ARROW status=Best: Tableau 6 -> Foundation 2 score=93.0 (safe-foundation,lookahead+10.0) 1497ms conf=0.89 known=29
  frame=1080x2340 elapsed=1497ms conf=0.89 knownFaceUp=29
  timing: queueDelay=137ms detect=1497ms select=6ms total=1640ms
  move=Tableau 6 -> Foundation 2 score=93.0 rationale=safe-foundation,lookahead+10.0
  runner-up:
    1. Draw from stock score=18.0 (draw,lookahead+10.0)
    2. Foundation 3 -> Tableau 5 score=-47.0 (pull-from-foundation,lookahead+10.0)
    3. Foundation 1 -> Tableau 7 score=-47.0 (pull-from-foundation,lookahead+10.0)
  from=(839,1424) to=(236,608)
  signature=Ten_Diamonds|Three_Diamonds;Two_Clubs;Two_Spades;-|King_Hearts,Queen_Clubs,Jack_Hearts;;King_Clubs;King_Diamonds,Queen_Spades,Jack_Diamonds,Ten_Spades,Nine_Diamonds,Eight_Spades;D,Five_Hearts,Four_Spades,Three_Hearts;D,D,D,D,Nine_Clubs,Eight_Diamonds,Seven_Clubs,Six_Diamonds,Five_Clubs,Four_Hearts,Three_Clubs;D,D,D,Eight_Clubs,Seven_Diamonds,Six_Clubs,Five_Diamonds,Four_Clubs
  diag: boardConfidence=0.85
  diag: profile=solitaire_smash_s25
  diag: stock=face-down-stock
  diag: foundation0=match-Three-Diamonds@0.79:TD
  diag: foundation1=match-Two-Clubs@0.83:TC
  diag: foundation2=match-Two-Spades@0.83:TS
  diag: foundation3=empty-color:null
  diag: tableau0.faceScan=rowHeight=5.74,lastWhiteBottom=1130.3,whiteRows=50,minimumRows=7,breakY=1164.7
  diag: tableau0.region=937.5-1130.3
  diag: tableau0=King_Diamonds,Queen_Clubs,Jack_Diamonds
  diag: tableau1.faceScan=rowHeight=5.74,lastWhiteBottom=1027.0,whiteRows=1,minimumRows=7,breakY=1061.5
  diag: tableau1=
  diag: tableau2.faceScan=rowHeight=5.74,lastWhiteBottom=1032.8,whiteRows=34,minimumRows=7,breakY=1067.2
  diag: tableau2.region=840.0-1032.8
  diag: tableau2=King_Clubs
  diag: tableau3.faceScan=rowHeight=5.74,lastWhiteBottom=1273.7,whiteRows=73,minimumRows=7,breakY=1308.1
  diag: tableau3.region=1081.0-1273.7
  diag: tableau3=King_Diamonds,Queen_Clubs,Jack_Diamonds,Ten_Clubs,Nine_Diamonds,Eight_Clubs
  diag: tableau4.faceScan=rowHeight=5.74,lastWhiteBottom=1176.2,whiteRows=51,minimumRows=7,breakY=1210.6
  diag: tableau4.region=983.4-1176.2
  diag: tableau4=D,Five_Diamonds,Four_Clubs,Three_Diamonds
  diag: tableau5.faceScan=rowHeight=5.74,lastWhiteBottom=1520.4,whiteRows=87,minimumRows=7,breakY=1554.8
  diag: tableau5.region=1327.6-1520.4
  diag: tableau5=D,D,D,D,Nine_Clubs,Eight_Diamonds,Seven_Clubs,Six_Diamonds,Five_Clubs,Four_Diamonds,Three_Clubs
  diag: tableau6.faceScan=rowHeight=5.74,lastWhiteBottom=1371.2,whiteRows=70,minimumRows=7,breakY=1405.7
  diag: tableau6.region=1178.5-1371.2
  diag: tableau6=D,D,D,Eight_Clubs,Seven_Diamonds,Six_Clubs,Five_Diamonds,Four_Clubs
  diag: wasteOcr:relevant=true,ms=796,overlapped=true
  diag: waste=fused-Ten-Diamonds:TD
  diag: waste-regions=exact:757-895:match-Queen-Diamonds@0.66,legacy:750-907:match-Queen-Diamonds@0.97
  diag: waste-rank-scores={Ace=0.526475, Two=0.46027678, Three=0.46690246, Four=0.38913524, Five=0.52147853, Six=0.48910412, Seven=0.48083624, Eight=0.4856631, Nine=0.5040573, Ten=0.5033365, Jack=0.44695258, Queen=0.48272458, King=0.5106778}
  diag: waste-suit-scores={Hearts=0.8168442, Diamonds=0.96025777}
  diag: whole@756,503,895,713:ocr=miss:empty;corner@756,503,817,566:ocr=miss:empty;whole@749,503,907,713:ocr=miss:empty;corner@749,503,819,566:ocr=miss:empty;whole@707,503,845,713:ocr='10C'@0.58;corner@707,503,768,566:ocr='10C'@0.58;whole@756,503,894,713:ocr=miss:empty;corner@756,503,817,566:ocr=miss:empty;whole@700,503,847,713:ocr='100'@0.58;corner@700,503,764,566:ocr='10€'@0.58
  diag: waste-ocr-rank=Ten
  diag: livePlayScreen=true
  diag: gameFooter=true
  diag: lobbyScreen=false
  diag: knownFaceUp=29
  diag: timing:total=1493ms,tableau=486ms[c0=178,c1=12,c2=9,c3=28,c4=186,c5=51,c6=23],scrub=0ms,deckConstraint=4ms,recognize:hits=27,misses=5,missTime=435ms,missReason:newKey=1,fingerprint=4,bounds=0
  recognition:
  slot foundation:0 3D conf=0.79 rank=rank-png-strong@0.79 {3:0.79 J:0.76 8:0.73 4:0.71} suit=suit-png@0.96 {D:0.92 H:0.82} post=[ink-ratio:red=0.1687,black=0.0000,inkRed=true]
  slot foundation:1 2C conf=0.83 rank=rank-png-strong@0.83 {2:0.83 7:0.77 J:0.72 3:0.72} suit=suit-png@0.81 {C:0.81 S:0.74} post=[black-tiebreak:full=C0.81/S0.74,top=C0.58/S0.52,branch=wideMarginDirect->Clubs; ink-ratio:red=0.0000,black=0.1811,inkRed=false]
  slot foundation:2 2S conf=0.83 rank=rank-png-strong@0.83 {2:0.83 7:0.77 J:0.73 3:0.72} suit=suit-png@0.48 {C:0.81 S:0.78} post=[black-tiebreak:full=C0.81/S0.78,top=C0.53/S0.48,shape=Spades@1.08;branch=topClub-strongSpadeShapeOverride->Spades; ink-ratio:red=0.0000,black=0.1811,inkRed=false; black-tiebreak2:full=C0.81/S0.78,top=C0.53/S0.48,shape=Spades@1.08;branch=topClub-strongSpadeShapeOverride->Spades]
  slot tableau:0 KH conf=0.89 rank=rank-png-strong@0.89 {K:0.89 6:0.82 8:0.80 5:0.79} suit=suit-png@0.99 {H:0.95 D:0.81} post=[ink-ratio:red=0.2685,black=0.0000,inkRed=true,inkRegion=header; cascade:firstFaceTop=837.7,bottomTop=937.5,faceUpStep=48.90,geomCount=3,finalCount=3,bottomRank=Jack,leadingRank=King,rankCount=3,diff=0,applied=false,boundary=[not-face-down@faceDownCount=0:teal=0.000,white=0.519,red=0.352,black=0.000],exposedIndex=0,distanceFromBottom=2]
  slot tableau:0:1 QC conf=0.86 rank=rank-png-strong@0.86 {Q:0.86 9:0.75 8:0.72 10:0.71} suit=suit-opencv@0.52 {S:0.91 C:0.89} post=[ocr=miss:empty; ink-ratio:red=0.0000,black=0.3426,inkRed=false,inkRegion=header; post-black-suit:Spades->Clubs; black-tiebreak2:full=C0.66/S0.66,top=C0.74/S0.69,shape=none;branch=topLeaderDirect->Clubs; cascade:firstFaceTop=837.7,bottomTop=937.5,faceUpStep=48.90,geomCount=3,finalCount=3,bottomRank=Jack,leadingRank=King,rankCount=3,diff=0,applied=false,boundary=[not-face-down@faceDownCount=0:teal=0.000,white=0.519,red=0.352,black=0.000],exposedIndex=1,distanceFromBottom=1; deck-constraint:QC~->QC]
  slot tableau:0:2 JH conf=0.83 rank=rank-png-strong@0.83 {J:0.83 4:0.71 7:0.70 3:0.68} suit=suit-png@0.98 {H:0.94 D:0.80} post=[ink-ratio:red=0.1689,black=0.0400,inkRed=true; cascade:firstFaceTop=837.7,bottomTop=937.5,faceUpStep=48.90,geomCount=3,finalCount=3,bottomRank=Jack,leadingRank=King,rankCount=3,diff=0,applied=false,boundary=[not-face-down@faceDownCount=0:teal=0.000,white=0.519,red=0.352,black=0.000]]
  slot tableau:2 KC conf=0.93 rank=rank-png-strong@0.93 {K:0.93 2:0.78 8:0.78 10:0.78} suit=suit-png@0.82 {S:0.90 C:0.88} post=[black-tiebreak:full=C0.88/S0.90,top=C0.82/S0.86,shape=Clubs@0.36;branch=topSpade-clubShapeVetoWins->Clubs; ink-ratio:red=0.0000,black=0.2361,inkRed=false; cascade:firstFaceTop=837.7,bottomTop=840.0,faceUpStep=48.90,geomCount=1,finalCount=1,bottomRank=King,leadingRank=King,rankCount=1,diff=0,applied=false,boundary=[ran-out-of-room]]
  slot tableau:3 KD conf=0.87 rank=rank-png-strong@0.87 {K:0.87 6:0.81 8:0.81 5:0.78} suit=suit-png@0.98 {D:0.94 H:0.84} post=[ink-ratio:red=0.2685,black=0.0000,inkRed=true,inkRegion=header; cascade:firstFaceTop=837.7,bottomTop=1081.0,faceUpStep=48.90,geomCount=6,finalCount=6,bottomRank=Eight,leadingRank=King,rankCount=6,diff=0,applied=false,boundary=[not-face-down@faceDownCount=0:teal=0.000,white=0.667,red=0.333,black=0.000],exposedIndex=0,distanceFromBottom=5]
  slot tableau:3:1 QS conf=0.91 rank=rank-png-strong@0.91 {Q:0.91 9:0.80 8:0.75 6:0.74} suit=suit-png@0.93 {S:0.93 C:0.87} post=[black-tiebreak:full=C0.87/S0.93,top=C0.81/S0.91,branch=wideMarginDirect->Spades; ink-ratio:red=0.0000,black=0.2778,inkRed=false,inkRegion=header; cascade:firstFaceTop=837.7,bottomTop=1081.0,faceUpStep=48.90,geomCount=6,finalCount=6,bottomRank=Eight,leadingRank=King,rankCount=6,diff=0,applied=false,boundary=[not-face-down@faceDownCount=0:teal=0.000,white=0.667,red=0.333,black=0.000],exposedIndex=1,distanceFromBottom=4]
  slot tableau:3:2 JD conf=0.88 rank=rank-png-strong@0.88 {J:0.88 4:0.82 7:0.73 A:0.72} suit=suit-png@0.97 {D:0.93 H:0.85} post=[ocr=miss:empty; ink-ratio:red=0.1759,black=0.0000,inkRed=true,inkRegion=header; cascade:firstFaceTop=837.7,bottomTop=1081.0,faceUpStep=48.90,geomCount=6,finalCount=6,bottomRank=Eight,leadingRank=King,rankCount=6,diff=0,applied=false,boundary=[not-face-down@faceDownCount=0:teal=0.000,white=0.667,red=0.333,black=0.000],exposedIndex=2,distanceFromBottom=3]
  slot tableau:3:3 10S~ conf=0.87 rank=rank-png-strong@0.87 {10:0.87 Q:0.74 8:0.71 9:0.70} suit=suit-png@0.89 {S:0.94 C:0.89} post=[black-tiebreak:full=C0.89/S0.94,top=C0.79/S0.89,shape=none;branch=topLeaderDirect->Spades; ink-ratio:red=0.0000,black=0.2870,inkRed=false,inkRegion=header; cascade:firstFaceTop=837.7,bottomTop=1081.0,faceUpStep=48.90,geomCount=6,finalCount=6,bottomRank=Eight,leadingRank=King,rankCount=6,diff=0,applied=false,boundary=[not-face-down@faceDownCount=0:teal=0.000,white=0.667,red=0.333,black=0.000],exposedIndex=3,distanceFromBottom=2; deck-constraint:10S->10S~]
  slot tableau:3:4 9D~ conf=0.81 rank=rank-png-strong@0.81 {9:0.81 8:0.80 2:0.78 K:0.78} suit=suit-png@0.96 {D:0.92 H:0.87} post=[ink-ratio:red=0.2222,black=0.0000,inkRed=true,inkRegion=header; cascade:firstFaceTop=837.7,bottomTop=1081.0,faceUpStep=48.90,geomCount=6,finalCount=6,bottomRank=Eight,leadingRank=King,rankCount=6,diff=0,applied=false,boundary=[not-face-down@faceDownCount=0:teal=0.000,white=0.667,red=0.333,black=0.000],exposedIndex=4,distanceFromBottom=1; deck-constraint:9D->9D~]
  slot tableau:3:5 8S conf=0.90 rank=rank-png-strong@0.90 {8:0.90 6:0.81 3:0.78 9:0.77} suit=suit-png@0.95 {S:0.95 C:0.88} post=[black-tiebreak:full=C0.88/S0.95,top=C0.79/S0.95,branch=wideMarginDirect->Spades; ink-ratio:red=0.0000,black=0.2200,inkRed=false; cascade:firstFaceTop=837.7,bottomTop=1081.0,faceUpStep=48.90,geomCount=6,finalCount=6,bottomRank=Eight,leadingRank=King,rankCount=6,diff=0,applied=false,boundary=[not-face-down@faceDownCount=0:teal=0.000,white=0.667,red=0.333,black=0.000]]
  slot tableau:4:1 5H conf=0.93 rank=rank-png-strong@0.93 {5:0.93 6:0.82 9:0.79 8:0.79} suit=suit-png@1.01 {H:0.97 D:0.82} post=[ink-ratio:red=0.2222,black=0.0000,inkRed=true,inkRegion=header; cascade:firstFaceTop=882.1,bottomTop=983.4,faceUpStep=48.90,geomCount=3,finalCount=3,bottomRank=Three,leadingRank=Five,rankCount=3,diff=0,applied=false,boundary=[not-face-down@faceDownCount=1:teal=0.000,white=0.685,red=0.259,black=0.000],exposedIndex=0,distanceFromBottom=2]
  slot tableau:4:2 4S conf=0.94 rank=rank-png-strong@0.94 {4:0.94 A:0.87 9:0.74 J:0.74} suit=suit-png@0.97 {S:0.97 C:0.90} post=[black-tiebreak:full=C0.90/S0.97,top=C0.80/S0.98,branch=wideMarginDirect->Spades; ink-ratio:red=0.0000,black=0.1944,inkRed=false,inkRegion=header; cascade:firstFaceTop=882.1,bottomTop=983.4,faceUpStep=48.90,geomCount=3,finalCount=3,bottomRank=Three,leadingRank=Five,rankCount=3,diff=0,applied=false,boundary=[not-face-down@faceDownCount=1:teal=0.000,white=0.685,red=0.259,black=0.000],exposedIndex=1,distanceFromBottom=1]
  slot tableau:4:3 3H conf=0.83 rank=rank-png-strong@0.83 {3:0.83 J:0.77 8:0.76 2:0.73} suit=suit-png@0.99 {H:0.95 D:0.81} post=[ink-ratio:red=0.1911,black=0.0000,inkRed=true; cascade:firstFaceTop=882.1,bottomTop=983.4,faceUpStep=48.90,geomCount=3,finalCount=3,bottomRank=Three,leadingRank=Five,rankCount=3,diff=0,applied=false,boundary=[not-face-down@faceDownCount=1:teal=0.000,white=0.685,red=0.259,black=0.000]]
  slot tableau:5:4 9C~ conf=0.87 rank=rank-png-strong@0.87 {9:0.87 A:0.86 8:0.83 Q:0.82} suit=suit-png@0.78 {C:0.78 S:0.66} post=[black-tiebreak:full=C0.78/S0.66,top=C0.49/S0.43,branch=wideMarginDirect->Clubs; ink-ratio:red=0.0000,black=0.1759,inkRed=false,inkRegion=header; cascade:firstFaceTop=1015.1,bottomTop=1327.6,faceUpStep=48.90,geomCount=7,finalCount=7,bottomRank=Three,leadingRank=Nine,rankCount=7,diff=0,applied=false,boundary=[not-face-down@faceDownCount=4:teal=0.278,white=0.519,red=0.000,black=0.056],exposedIndex=0,distanceFromBottom=6; deck-constraint:9C->9C~]
  slot tableau:5:5 8D~ conf=0.87 rank=rank-png-strong@0.87 {8:0.87 A:0.86 9:0.83 4:0.82} suit=suit-png@0.87 {D:0.87 H:0.76} post=[ink-ratio:red=0.1759,black=0.0370,inkRed=true,inkRegion=header; cascade:firstFaceTop=1015.1,bottomTop=1327.6,faceUpStep=48.90,geomCount=7,finalCount=7,bottomRank=Three,leadingRank=Nine,rankCount=7,diff=0,applied=false,boundary=[not-face-down@faceDownCount=4:teal=0.278,white=0.519,red=0.000,black=0.056],exposedIndex=1,distanceFromBottom=5; deck-constraint:8D->8D~]
  slot tableau:5:7 6D~ conf=0.87 rank=rank-png-strong@0.87 {6:0.87 A:0.83 4:0.81 8:0.81} suit=suit-png@0.87 {D:0.87 H:0.76} post=[ink-ratio:red=0.1852,black=0.0185,inkRed=true,inkRegion=header; cascade:firstFaceTop=1015.1,bottomTop=1327.6,faceUpStep=48.90,geomCount=7,finalCount=7,bottomRank=Three,leadingRank=Nine,rankCount=7,diff=0,applied=false,boundary=[not-face-down@faceDownCount=4:teal=0.278,white=0.519,red=0.000,black=0.056],exposedIndex=3,distanceFromBottom=3; deck-constraint:6D->6D~]
  slot tableau:5:8 5C~ conf=0.84 rank=rank-png-strong@0.84 {5:0.84 6:0.83 8:0.80 9:0.80} suit=suit-png@0.79 {C:0.79 D:0.79 H:0.72 S:0.67} post=[ink-ratio:red=0.0278,black=0.1759,inkRed=null,inkRegion=header; cascade:firstFaceTop=1015.1,bottomTop=1327.6,faceUpStep=48.90,geomCount=7,finalCount=7,bottomRank=Three,leadingRank=Nine,rankCount=7,diff=0,applied=false,boundary=[not-face-down@faceDownCount=4:teal=0.278,white=0.519,red=0.000,black=0.056],exposedIndex=4,distanceFromBottom=2; deck-constraint:5C->5C~]
  slot tableau:5:9 4H~ conf=0.90 rank=rank-png-strong@0.90 {4:0.90 A:0.84 J:0.74 8:0.70} suit=suit-png@0.87 {H:0.87 D:0.80} post=[ink-ratio:red=0.2222,black=0.0370,inkRed=true,inkRegion=header; cascade:firstFaceTop=1015.1,bottomTop=1327.6,faceUpStep=48.90,geomCount=7,finalCount=7,bottomRank=Three,leadingRank=Nine,rankCount=7,diff=0,applied=false,boundary=[not-face-down@faceDownCount=4:teal=0.278,white=0.519,red=0.000,black=0.056],exposedIndex=5,distanceFromBottom=1; deck-constraint:4H->4H~]
  slot tableau:5:10 3S~ conf=0.83 rank=rank-png-strong@0.83 {3:0.83 J:0.77 8:0.76 5:0.72} suit=suit-png@0.82 {S:0.90 C:0.86} post=[black-tiebreak:full=C0.86/S0.90,top=C0.74/S0.82,shape=Clubs@0.36;branch=topSpade-widePeakOnlyNoVeto->Spades; ink-ratio:red=0.0000,black=0.1711,inkRed=false; cascade:firstFaceTop=1015.1,bottomTop=1327.6,faceUpStep=48.90,geomCount=7,finalCount=7,bottomRank=Three,leadingRank=Nine,rankCount=7,diff=0,applied=false,boundary=[not-face-down@faceDownCount=4:teal=0.278,white=0.519,red=0.000,black=0.056]; deck-constraint:3S->3S~]
  slot tableau:6:3 8C conf=0.93 rank=rank-png-strong@0.93 {8:0.93 9:0.84 6:0.83 A:0.83} suit=suit-png@0.91 {C:0.90 S:0.85} post=[black-tiebreak:full=C0.90/S0.85,top=C0.91/S0.83,shape=Spades@0.60;branch=topLeaderDirect->Clubs; ink-ratio:red=0.0000,black=0.2407,inkRed=false,inkRegion=header; cascade:firstFaceTop=970.7,bottomTop=1178.5,faceUpStep=48.90,geomCount=5,finalCount=5,bottomRank=Four,leadingRank=Eight,rankCount=5,diff=0,applied=false,boundary=[not-face-down@faceDownCount=3:teal=0.000,white=0.519,red=0.000,black=0.130],exposedIndex=0,distanceFromBottom=4]
  slot tableau:6:4 7D~ conf=0.95 rank=rank-png-strong@0.95 {7:0.95 2:0.86 3:0.77 J:0.76} suit=suit-png@0.98 {D:0.94 H:0.83} post=[ocr=miss:empty; ink-ratio:red=0.1759,black=0.0556,inkRed=true,inkRegion=header; cascade:firstFaceTop=970.7,bottomTop=1178.5,faceUpStep=48.90,geomCount=5,finalCount=5,bottomRank=Four,leadingRank=Eight,rankCount=5,diff=0,applied=false,boundary=[not-face-down@faceDownCount=3:teal=0.000,white=0.519,red=0.000,black=0.130],exposedIndex=1,distanceFromBottom=3; deck-constraint:7D->7D~]
  slot tableau:6:5 6C~ conf=0.92 rank=rank-png-strong@0.92 {6:0.92 A:0.83 8:0.83 5:0.83} suit=suit-png@0.92 {C:0.90 S:0.86} post=[black-tiebreak:full=C0.90/S0.86,top=C0.92/S0.84,shape=Spades@0.60;branch=topLeaderDirect->Clubs; ink-ratio:red=0.0000,black=0.2315,inkRed=false,inkRegion=header; cascade:firstFaceTop=970.7,bottomTop=1178.5,faceUpStep=48.90,geomCount=5,finalCount=5,bottomRank=Four,leadingRank=Eight,rankCount=5,diff=0,applied=false,boundary=[not-face-down@faceDownCount=3:teal=0.000,white=0.519,red=0.000,black=0.130],exposedIndex=2,distanceFromBottom=2; deck-constraint:6C->6C~]
  slot tableau:6:6 5D conf=0.94 rank=rank-png-strong@0.94 {5:0.94 6:0.83 K:0.81 9:0.80} suit=suit-png@0.96 {D:0.92 H:0.84} post=[ink-ratio:red=0.1481,black=0.0463,inkRed=true,inkRegion=header; cascade:firstFaceTop=970.7,bottomTop=1178.5,faceUpStep=48.90,geomCount=5,finalCount=5,bottomRank=Four,leadingRank=Eight,rankCount=5,diff=0,applied=false,boundary=[not-face-down@faceDownCount=3:teal=0.000,white=0.519,red=0.000,black=0.130],exposedIndex=3,distanceFromBottom=1]
  slot tableau:6:7 4C conf=0.91 rank=rank-png-strong@0.91 {4:0.91 A:0.73 J:0.72 8:0.66} suit=suit-png@0.86 {C:0.90 S:0.89} post=[black-tiebreak:full=C0.90/S0.89,top=C0.86/S0.82,shape=Clubs@0.36;branch=lowTopMargin-shapeLeader->Clubs; ink-ratio:red=0.0000,black=0.1978,inkRed=false; cascade:firstFaceTop=970.7,bottomTop=1178.5,faceUpStep=48.90,geomCount=5,finalCount=5,bottomRank=Four,leadingRank=Eight,rankCount=5,diff=0,applied=false,boundary=[not-face-down@faceDownCount=3:teal=0.000,white=0.519,red=0.000,black=0.130]]
  slot waste 10D conf=0.97 rank=rank-opencv@0.66 {A:0.53 5:0.52 K:0.51 9:0.50} suit=suit-png@1.00 {D:0.96 H:0.82} post=[waste-fusion:legacy=Queen_Diamonds,tight=Queen_Diamonds; whole@756,503,895,713:ocr=miss:empty;corner@756,503,817,566:ocr=miss:empty;whole@749,503,907,713:ocr=miss:empty;corner@749,503,819,566:ocr=miss:empty;whole@707,503,845,713:ocr='10C'@0.58;corner@707,503,768,566:ocr='10C'@0.58;whole@756,503,894,713:ocr=miss:empty;corner@756,503,817,566:ocr=miss:empty;whole@700,503,847,713:ocr='100'@0.58;corner@700,503,764,566:ocr='10€'@0.58; waste-ocr-rank:Ten; ink-ratio:red=0.2477,black=0.0000,inkRed=true; ocr=miss:empty; ink-ratio:red=0.2881,black=0.0000,inkRed=true]
18:02:30.317 HOLD prev=Tableau 6 -> Foundation 2 vanished from ranked (raw=Draw from stock streak=1/2)
18:02:30.922 OUTCOME=ARROW status=Best: Draw from stock score=8.0 (draw) 596ms conf=0.89 known=28
  frame=1080x2340 elapsed=596ms conf=0.89 knownFaceUp=28
  timing: queueDelay=64ms detect=596ms select=5ms total=665ms
  move=Draw from stock score=8.0 rationale=draw
  runner-up:
    1. Foundation 3 -> Tableau 6 score=-57.0 (pull-from-foundation)
    2. Foundation 2 -> Tableau 5 score=-57.0 (pull-from-foundation)
    3. Foundation 1 -> Tableau 7 score=-57.0 (pull-from-foundation)
  from=(991,608) to=(826,608)
  signature=Ten_Diamonds|Three_Diamonds;Two_Clubs;Three_Spades;-|King_Hearts,Queen_Clubs,Jack_Hearts;;King_Clubs;King_Diamonds,Queen_Spades,Jack_Diamonds,Ten_Spades,Nine_Diamonds,Eight_Spades;D,Five_Hearts,Four_Spades,Three_Hearts;D,D,D,D,Nine_Clubs,Eight_Diamonds,Seven_Clubs,Six_Diamonds,Five_Clubs,Four_Hearts;D,D,D,Eight_Clubs,Seven_Diamonds,Six_Clubs,Five_Diamonds,Four_Clubs
  diag: boardConfidence=0.85
  diag: profile=solitaire_smash_s25
  diag: stock=face-down-stock
  diag: foundation0=match-Three-Diamonds@0.79:TD
  diag: foundation1=match-Two-Clubs@0.83:TC
  diag: foundation2=match-Three-Spades@0.79:TS
  diag: foundation3=empty-color:null
  diag: tableau0.faceScan=rowHeight=5.74,lastWhiteBottom=1130.3,whiteRows=50,minimumRows=7,breakY=1164.7
  diag: tableau0.region=937.5-1130.3
  diag: tableau0=King_Diamonds,Queen_Clubs,Jack_Diamonds
  diag: tableau1.faceScan=rowHeight=5.74,lastWhiteBottom=1027.0,whiteRows=1,minimumRows=7,breakY=1061.5
  diag: tableau1=
  diag: tableau2.faceScan=rowHeight=5.74,lastWhiteBottom=1032.8,whiteRows=34,minimumRows=7,breakY=1067.2
  diag: tableau2.region=840.0-1032.8
  diag: tableau2=King_Clubs
  diag: tableau3.faceScan=rowHeight=5.74,lastWhiteBottom=1273.7,whiteRows=73,minimumRows=7,breakY=1308.1
  diag: tableau3.region=1081.0-1273.7
  diag: tableau3=King_Diamonds,Queen_Clubs,Jack_Diamonds,Ten_Clubs,Nine_Diamonds,Eight_Clubs
  diag: tableau4.faceScan=rowHeight=5.74,lastWhiteBottom=1176.2,whiteRows=51,minimumRows=7,breakY=1210.6
  diag: tableau4.region=983.4-1176.2
  diag: tableau4=D,Five_Diamonds,Four_Clubs,Three_Diamonds
  diag: tableau5.faceScan=rowHeight=5.74,lastWhiteBottom=1474.5,whiteRows=80,minimumRows=7,breakY=1508.9
  diag: tableau5.region=1281.8-1474.5
  diag: tableau5=D,D,D,D,Nine_Clubs,Eight_Diamonds,Seven_Clubs,Six_Diamonds,Five_Clubs,Four_Diamonds
  diag: tableau6.faceScan=rowHeight=5.74,lastWhiteBottom=1371.2,whiteRows=70,minimumRows=7,breakY=1405.7
  diag: tableau6.region=1178.5-1371.2
  diag: tableau6=D,D,D,Eight_Clubs,Seven_Diamonds,Six_Clubs,Five_Diamonds,Four_Clubs
  diag: wasteOcr:relevant=true,ms=344,overlapped=false
  diag: waste=fused-Ten-Diamonds:TD
  diag: waste-regions=exact:757-895:match-Queen-Diamonds@0.66,legacy:750-907:match-Queen-Diamonds@0.97
  diag: waste-rank-scores={Ace=0.526475, Two=0.46027678, Three=0.46690246, Four=0.38913524, Five=0.52147853, Six=0.48910412, Seven=0.48083624, Eight=0.4856631, Nine=0.5040573, Ten=0.5033365, Jack=0.44695258, Queen=0.48272458, King=0.5106778}
  diag: waste-suit-scores={Hearts=0.8168442, Diamonds=0.96025777}
  diag: whole@756,503,895,713:ocr=miss:empty;corner@756,503,817,566:ocr=miss:empty;whole@749,503,907,713:ocr=miss:empty;corner@749,503,819,566:ocr=miss:empty;whole@707,503,845,713:ocr='10C'@0.58;corner@707,503,768,566:ocr='10C'@0.58;whole@756,503,894,713:ocr=miss:empty;corner@756,503,817,566:ocr=miss:empty;whole@700,503,847,713:ocr='100'@0.58;corner@700,503,764,566:ocr='10€'@0.58
  diag: waste-ocr-rank=Ten
  diag: livePlayScreen=true
  diag: gameFooter=true
  diag: lobbyScreen=false
  diag: knownFaceUp=28
  diag: timing:total=594ms,tableau=956ms[c0=164,c1=1,c2=14,c3=25,c4=24,c5=212,c6=516],scrub=0ms,deckConstraint=1ms,recognize:hits=22,misses=9,missTime=673ms,missReason:newKey=0,fingerprint=9,bounds=0
  recognition:
  slot foundation:0 3D conf=0.79 rank=rank-png-strong@0.79 {3:0.79 J:0.76 8:0.73 4:0.71} suit=suit-png@0.96 {D:0.92 H:0.82} post=[ink-ratio:red=0.1687,black=0.0000,inkRed=true]
  slot foundation:1 2C conf=0.83 rank=rank-png-strong@0.83 {2:0.83 7:0.77 J:0.72 3:0.72} suit=suit-png@0.81 {C:0.81 S:0.74} post=[black-tiebreak:full=C0.81/S0.74,top=C0.58/S0.52,branch=wideMarginDirect->Clubs; ink-ratio:red=0.0000,black=0.1811,inkRed=false]
  slot foundation:2 3S conf=0.79 rank=rank-png-strong@0.79 {3:0.79 J:0.76 8:0.72 4:0.71} suit=suit-png@0.48 {C:0.81 S:0.78} post=[black-tiebreak:full=C0.81/S0.78,top=C0.53/S0.48,shape=Spades@1.08;branch=topClub-strongSpadeShapeOverride->Spades; ink-ratio:red=0.0000,black=0.1605,inkRed=false; black-tiebreak2:full=C0.81/S0.78,top=C0.53/S0.48,shape=Spades@1.08;branch=topClub-strongSpadeShapeOverride->Spades]
  slot tableau:0 KH conf=0.89 rank=rank-png-strong@0.89 {K:0.89 6:0.82 8:0.80 5:0.79} suit=suit-png@0.99 {H:0.95 D:0.81} post=[ink-ratio:red=0.2685,black=0.0000,inkRed=true,inkRegion=header; cascade:firstFaceTop=837.7,bottomTop=937.5,faceUpStep=48.90,geomCount=3,finalCount=3,bottomRank=Jack,leadingRank=King,rankCount=3,diff=0,applied=false,boundary=[not-face-down@faceDownCount=0:teal=0.000,white=0.519,red=0.352,black=0.000],exposedIndex=0,distanceFromBottom=2]
  slot tableau:0:1 QC conf=0.86 rank=rank-png-strong@0.86 {Q:0.86 9:0.75 8:0.72 10:0.71} suit=suit-opencv@0.52 {S:0.91 C:0.89} post=[ocr=miss:empty; ink-ratio:red=0.0000,black=0.3426,inkRed=false,inkRegion=header; post-black-suit:Spades->Clubs; black-tiebreak2:full=C0.66/S0.66,top=C0.74/S0.69,shape=none;branch=topLeaderDirect->Clubs; cascade:firstFaceTop=837.7,bottomTop=937.5,faceUpStep=48.90,geomCount=3,finalCount=3,bottomRank=Jack,leadingRank=King,rankCount=3,diff=0,applied=false,boundary=[not-face-down@faceDownCount=0:teal=0.000,white=0.519,red=0.352,black=0.000],exposedIndex=1,distanceFromBottom=1; deck-constraint:QC~->QC]
  slot tableau:0:2 JH conf=0.83 rank=rank-png-strong@0.83 {J:0.83 4:0.71 7:0.70 3:0.68} suit=suit-png@0.98 {H:0.94 D:0.80} post=[ink-ratio:red=0.1689,black=0.0400,inkRed=true; cascade:firstFaceTop=837.7,bottomTop=937.5,faceUpStep=48.90,geomCount=3,finalCount=3,bottomRank=Jack,leadingRank=King,rankCount=3,diff=0,applied=false,boundary=[not-face-down@faceDownCount=0:teal=0.000,white=0.519,red=0.352,black=0.000]]
  slot tableau:2 KC conf=0.93 rank=rank-png-strong@0.93 {K:0.93 2:0.78 8:0.78 10:0.78} suit=suit-png@0.82 {S:0.90 C:0.88} post=[black-tiebreak:full=C0.88/S0.90,top=C0.82/S0.86,shape=Clubs@0.36;branch=topSpade-clubShapeVetoWins->Clubs; ink-ratio:red=0.0000,black=0.1991,inkRed=false; cascade:firstFaceTop=837.7,bottomTop=840.0,faceUpStep=48.90,geomCount=1,finalCount=1,bottomRank=King,leadingRank=King,rankCount=1,diff=0,applied=false,boundary=[ran-out-of-room]]
  slot tableau:3 KD conf=0.87 rank=rank-png-strong@0.87 {K:0.87 6:0.81 8:0.81 5:0.78} suit=suit-png@0.98 {D:0.94 H:0.84} post=[ink-ratio:red=0.2685,black=0.0000,inkRed=true,inkRegion=header; cascade:firstFaceTop=837.7,bottomTop=1081.0,faceUpStep=48.90,geomCount=6,finalCount=6,bottomRank=Eight,leadingRank=King,rankCount=6,diff=0,applied=false,boundary=[not-face-down@faceDownCount=0:teal=0.000,white=0.667,red=0.333,black=0.000],exposedIndex=0,distanceFromBottom=5]
  slot tableau:3:1 QS conf=0.91 rank=rank-png-strong@0.91 {Q:0.91 9:0.80 8:0.75 6:0.74} suit=suit-png@0.93 {S:0.93 C:0.87} post=[black-tiebreak:full=C0.87/S0.93,top=C0.81/S0.91,branch=wideMarginDirect->Spades; ink-ratio:red=0.0000,black=0.2778,inkRed=false,inkRegion=header; cascade:firstFaceTop=837.7,bottomTop=1081.0,faceUpStep=48.90,geomCount=6,finalCount=6,bottomRank=Eight,leadingRank=King,rankCount=6,diff=0,applied=false,boundary=[not-face-down@faceDownCount=0:teal=0.000,white=0.667,red=0.333,black=0.000],exposedIndex=1,distanceFromBottom=4]
  slot tableau:3:2 JD conf=0.88 rank=rank-png-strong@0.88 {J:0.88 4:0.82 7:0.73 A:0.72} suit=suit-png@0.97 {D:0.93 H:0.85} post=[ocr=miss:empty; ink-ratio:red=0.1759,black=0.0000,inkRed=true,inkRegion=header; cascade:firstFaceTop=837.7,bottomTop=1081.0,faceUpStep=48.90,geomCount=6,finalCount=6,bottomRank=Eight,leadingRank=King,rankCount=6,diff=0,applied=false,boundary=[not-face-down@faceDownCount=0:teal=0.000,white=0.667,red=0.333,black=0.000],exposedIndex=2,distanceFromBottom=3]
  slot tableau:3:3 10S~ conf=0.87 rank=rank-png-strong@0.87 {10:0.87 Q:0.74 9:0.70 8:0.70} suit=suit-png@0.89 {S:0.94 C:0.89} post=[black-tiebreak:full=C0.89/S0.94,top=C0.79/S0.89,shape=none;branch=topLeaderDirect->Spades; ink-ratio:red=0.0000,black=0.2870,inkRed=false,inkRegion=header; cascade:firstFaceTop=837.7,bottomTop=1081.0,faceUpStep=48.90,geomCount=6,finalCount=6,bottomRank=Eight,leadingRank=King,rankCount=6,diff=0,applied=false,boundary=[not-face-down@faceDownCount=0:teal=0.000,white=0.667,red=0.333,black=0.000],exposedIndex=3,distanceFromBottom=2; deck-constraint:10S->10S~]
  slot tableau:3:4 9D~ conf=0.81 rank=rank-png-strong@0.81 {9:0.81 8:0.80 2:0.78 K:0.77} suit=suit-png@0.96 {D:0.92 H:0.87} post=[ink-ratio:red=0.2222,black=0.0000,inkRed=true,inkRegion=header; cascade:firstFaceTop=837.7,bottomTop=1081.0,faceUpStep=48.90,geomCount=6,finalCount=6,bottomRank=Eight,leadingRank=King,rankCount=6,diff=0,applied=false,boundary=[not-face-down@faceDownCount=0:teal=0.000,white=0.667,red=0.333,black=0.000],exposedIndex=4,distanceFromBottom=1; deck-constraint:9D->9D~]
  slot tableau:3:5 8S conf=0.90 rank=rank-png-strong@0.90 {8:0.90 6:0.81 3:0.78 9:0.77} suit=suit-png@0.95 {S:0.95 C:0.88} post=[black-tiebreak:full=C0.88/S0.95,top=C0.79/S0.95,branch=wideMarginDirect->Spades; ink-ratio:red=0.0000,black=0.2044,inkRed=false; cascade:firstFaceTop=837.7,bottomTop=1081.0,faceUpStep=48.90,geomCount=6,finalCount=6,bottomRank=Eight,leadingRank=King,rankCount=6,diff=0,applied=false,boundary=[not-face-down@faceDownCount=0:teal=0.000,white=0.667,red=0.333,black=0.000]]
  slot tableau:4:1 5H conf=0.93 rank=rank-png-strong@0.93 {5:0.93 6:0.82 9:0.79 8:0.79} suit=suit-png@1.01 {H:0.97 D:0.82} post=[ink-ratio:red=0.2222,black=0.0000,inkRed=true,inkRegion=header; cascade:firstFaceTop=882.1,bottomTop=983.4,faceUpStep=48.90,geomCount=3,finalCount=3,bottomRank=Three,leadingRank=Five,rankCount=3,diff=0,applied=false,boundary=[not-face-down@faceDownCount=1:teal=0.000,white=0.685,red=0.259,black=0.000],exposedIndex=0,distanceFromBottom=2]
  slot tableau:4:2 4S conf=0.94 rank=rank-png-strong@0.94 {4:0.94 A:0.87 9:0.74 J:0.74} suit=suit-png@0.97 {S:0.97 C:0.90} post=[black-tiebreak:full=C0.90/S0.97,top=C0.80/S0.98,branch=wideMarginDirect->Spades; ink-ratio:red=0.0000,black=0.1944,inkRed=false,inkRegion=header; cascade:firstFaceTop=882.1,bottomTop=983.4,faceUpStep=48.90,geomCount=3,finalCount=3,bottomRank=Three,leadingRank=Five,rankCount=3,diff=0,applied=false,boundary=[not-face-down@faceDownCount=1:teal=0.000,white=0.685,red=0.259,black=0.000],exposedIndex=1,distanceFromBottom=1]
  slot tableau:4:3 3H conf=0.83 rank=rank-png-strong@0.83 {3:0.83 J:0.77 8:0.76 2:0.73} suit=suit-png@0.99 {H:0.95 D:0.81} post=[ink-ratio:red=0.1911,black=0.0000,inkRed=true; cascade:firstFaceTop=882.1,bottomTop=983.4,faceUpStep=48.90,geomCount=3,finalCount=3,bottomRank=Three,leadingRank=Five,rankCount=3,diff=0,applied=false,boundary=[not-face-down@faceDownCount=1:teal=0.000,white=0.685,red=0.259,black=0.000]]
  slot tableau:5:4 9C~ conf=0.87 rank=rank-png-strong@0.87 {9:0.87 A:0.86 8:0.83 Q:0.82} suit=suit-png@0.93 {C:0.93 S:0.88} post=[black-tiebreak:full=C0.93/S0.88,top=C0.93/S0.82,shape=Spades@1.12;branch=topLeaderDirect->Clubs; ink-ratio:red=0.0000,black=0.1852,inkRed=false,inkRegion=header; cascade:firstFaceTop=1015.1,bottomTop=1281.8,faceUpStep=48.90,geomCount=6,finalCount=6,bottomRank=Four,leadingRank=Nine,rankCount=6,diff=0,applied=false,boundary=[not-face-down@faceDownCount=4:teal=0.315,white=0.593,red=0.000,black=0.056],exposedIndex=0,distanceFromBottom=5; deck-constraint:9C->9C~]
  slot tableau:5:5 8D~ conf=0.87 rank=rank-png-strong@0.87 {8:0.87 A:0.86 9:0.83 4:0.82} suit=suit-png@0.87 {D:0.87 H:0.76} post=[ink-ratio:red=0.1759,black=0.0370,inkRed=true,inkRegion=header; cascade:firstFaceTop=1015.1,bottomTop=1281.8,faceUpStep=48.90,geomCount=6,finalCount=6,bottomRank=Four,leadingRank=Nine,rankCount=6,diff=0,applied=false,boundary=[not-face-down@faceDownCount=4:teal=0.315,white=0.593,red=0.000,black=0.056],exposedIndex=1,distanceFromBottom=4; deck-constraint:8D->8D~]
  slot tableau:5:7 6D~ conf=0.87 rank=rank-png-strong@0.87 {6:0.87 A:0.83 4:0.81 8:0.81} suit=suit-png@0.87 {D:0.87 H:0.76} post=[ink-ratio:red=0.1852,black=0.0185,inkRed=true,inkRegion=header; cascade:firstFaceTop=1015.1,bottomTop=1281.8,faceUpStep=48.90,geomCount=6,finalCount=6,bottomRank=Four,leadingRank=Nine,rankCount=6,diff=0,applied=false,boundary=[not-face-down@faceDownCount=4:teal=0.315,white=0.593,red=0.000,black=0.056],exposedIndex=3,distanceFromBottom=2; deck-constraint:6D->6D~]
  slot tableau:5:8 5C~ conf=0.84 rank=rank-png-strong@0.84 {5:0.84 6:0.83 8:0.80 9:0.80} suit=suit-png@0.79 {C:0.79 D:0.79 H:0.72 S:0.67} post=[ink-ratio:red=0.0278,black=0.1759,inkRed=null,inkRegion=header; cascade:firstFaceTop=1015.1,bottomTop=1281.8,faceUpStep=48.90,geomCount=6,finalCount=6,bottomRank=Four,leadingRank=Nine,rankCount=6,diff=0,applied=false,boundary=[not-face-down@faceDownCount=4:teal=0.315,white=0.593,red=0.000,black=0.056],exposedIndex=4,distanceFromBottom=1; deck-constraint:5C->5C~]
  slot tableau:5:9 4H~ conf=0.90 rank=rank-png-strong@0.90 {4:0.90 J:0.73 A:0.72 8:0.66} suit=suit-png@0.98 {H:0.94 D:0.80} post=[ink-ratio:red=0.2178,black=0.0000,inkRed=true; cascade:firstFaceTop=1015.1,bottomTop=1281.8,faceUpStep=48.90,geomCount=6,finalCount=6,bottomRank=Four,leadingRank=Nine,rankCount=6,diff=0,applied=false,boundary=[not-face-down@faceDownCount=4:teal=0.315,white=0.593,red=0.000,black=0.056]; deck-constraint:4H->4H~]
  slot tableau:6:3 8C conf=0.93 rank=rank-png-strong@0.93 {8:0.93 9:0.84 6:0.83 A:0.83} suit=suit-png@0.91 {C:0.90 S:0.85} post=[black-tiebreak:full=C0.90/S0.85,top=C0.91/S0.83,shape=Spades@0.60;branch=topLeaderDirect->Clubs; ink-ratio:red=0.0000,black=0.2407,inkRed=false,inkRegion=header; cascade:firstFaceTop=970.7,bottomTop=1178.5,faceUpStep=48.90,geomCount=5,finalCount=5,bottomRank=Four,leadingRank=Eight,rankCount=5,diff=0,applied=false,boundary=[not-face-down@faceDownCount=3:teal=0.000,white=0.519,red=0.000,black=0.130],exposedIndex=0,distanceFromBottom=4]
  slot tableau:6:4 7D~ conf=0.95 rank=rank-png-strong@0.95 {7:0.95 2:0.86 3:0.77 J:0.76} suit=suit-png@0.98 {D:0.94 H:0.83} post=[ocr=miss:empty; ink-ratio:red=0.1759,black=0.0556,inkRed=true,inkRegion=header; cascade:firstFaceTop=970.7,bottomTop=1178.5,faceUpStep=48.90,geomCount=5,finalCount=5,bottomRank=Four,leadingRank=Eight,rankCount=5,diff=0,applied=false,boundary=[not-face-down@faceDownCount=3:teal=0.000,white=0.519,red=0.000,black=0.130],exposedIndex=1,distanceFromBottom=3; deck-constraint:7D->7D~]
  slot tableau:6:5 6C~ conf=0.92 rank=rank-png-strong@0.92 {6:0.92 A:0.83 8:0.83 5:0.83} suit=suit-png@0.92 {C:0.90 S:0.86} post=[black-tiebreak:full=C0.90/S0.86,top=C0.92/S0.84,shape=Spades@0.60;branch=topLeaderDirect->Clubs; ink-ratio:red=0.0000,black=0.2500,inkRed=false,inkRegion=header; cascade:firstFaceTop=970.7,bottomTop=1178.5,faceUpStep=48.90,geomCount=5,finalCount=5,bottomRank=Four,leadingRank=Eight,rankCount=5,diff=0,applied=false,boundary=[not-face-down@faceDownCount=3:teal=0.000,white=0.519,red=0.000,black=0.130],exposedIndex=2,distanceFromBottom=2; deck-constraint:6C->6C~]
  slot tableau:6:6 5D conf=0.94 rank=rank-png-strong@0.94 {5:0.94 6:0.83 K:0.81 9:0.80} suit=suit-png@0.96 {D:0.92 H:0.84} post=[ink-ratio:red=0.1574,black=0.0556,inkRed=true,inkRegion=header; cascade:firstFaceTop=970.7,bottomTop=1178.5,faceUpStep=48.90,geomCount=5,finalCount=5,bottomRank=Four,leadingRank=Eight,rankCount=5,diff=0,applied=false,boundary=[not-face-down@faceDownCount=3:teal=0.000,white=0.519,red=0.000,black=0.130],exposedIndex=3,distanceFromBottom=1]
  slot tableau:6:7 4C conf=0.91 rank=rank-png-strong@0.91 {4:0.91 A:0.73 J:0.72 8:0.66} suit=suit-png@0.86 {C:0.90 S:0.89} post=[black-tiebreak:full=C0.90/S0.89,top=C0.86/S0.82,shape=Clubs@0.36;branch=lowTopMargin-shapeLeader->Clubs; ink-ratio:red=0.0000,black=0.2222,inkRed=false; cascade:firstFaceTop=970.7,bottomTop=1178.5,faceUpStep=48.90,geomCount=5,finalCount=5,bottomRank=Four,leadingRank=Eight,rankCount=5,diff=0,applied=false,boundary=[not-face-down@faceDownCount=3:teal=0.000,white=0.519,red=0.000,black=0.130]]
  slot waste 10D conf=0.97 rank=rank-opencv@0.66 {A:0.53 5:0.52 K:0.51 9:0.50} suit=suit-png@1.00 {D:0.96 H:0.82} post=[waste-fusion:legacy=Queen_Diamonds,tight=Queen_Diamonds; whole@756,503,895,713:ocr=miss:empty;corner@756,503,817,566:ocr=miss:empty;whole@749,503,907,713:ocr=miss:empty;corner@749,503,819,566:ocr=miss:empty;whole@707,503,845,713:ocr='10C'@0.58;corner@707,503,768,566:ocr='10C'@0.58;whole@756,503,894,713:ocr=miss:empty;corner@756,503,817,566:ocr=miss:empty;whole@700,503,847,713:ocr='100'@0.58;corner@700,503,764,566:ocr='10€'@0.58; waste-ocr-rank:Ten; ink-ratio:red=0.2384,black=0.0000,inkRed=true; ocr=miss:empty; ink-ratio:red=0.2798,black=0.0000,inkRed=true]
18:02:31.986 OUTCOME=ARROW status=Best: Draw from stock score=8.0 (draw) 654ms conf=0.80 known=28
  frame=1080x2340 elapsed=654ms conf=0.80 knownFaceUp=28
  timing: queueDelay=1ms detect=654ms select=3ms total=658ms
  move=Draw from stock score=8.0 rationale=draw
  runner-up:
    1. Foundation 3 -> Tableau 6 score=-57.0 (pull-from-foundation)
    2. Foundation 2 -> Tableau 5 score=-57.0 (pull-from-foundation)
    3. Foundation 1 -> Tableau 7 score=-57.0 (pull-from-foundation)
  from=(991,608) to=(790,608)
  signature=Eight_Diamonds|Three_Diamonds;Two_Clubs;Three_Spades;-|King_Hearts,Queen_Clubs,Jack_Hearts;;King_Clubs;King_Diamonds,Queen_Spades,Jack_Diamonds,Ten_Spades,Nine_Diamonds,Eight_Spades;D,Five_Hearts,Four_Spades,Three_Hearts;D,D,D,D,Nine_Clubs,Eight_Hearts,Seven_Clubs,Six_Diamonds,Five_Clubs,Four_Hearts;D,D,D,Eight_Clubs,Seven_Diamonds,Six_Clubs,Five_Diamonds,Four_Clubs
  diag: boardConfidence=0.85
  diag: profile=solitaire_smash_s25
  diag: stock=face-down-stock
  diag: foundation0=match-Three-Diamonds@0.79:TD
  diag: foundation1=match-Two-Clubs@0.83:TC
  diag: foundation2=match-Three-Spades@0.79:TS
  diag: foundation3=empty-color:null
  diag: tableau0.faceScan=rowHeight=5.74,lastWhiteBottom=1130.3,whiteRows=50,minimumRows=7,breakY=1164.7
  diag: tableau0.region=937.5-1130.3
  diag: tableau0=King_Diamonds,Queen_Clubs,Jack_Diamonds
  diag: tableau1.faceScan=rowHeight=5.74,lastWhiteBottom=1027.0,whiteRows=1,minimumRows=7,breakY=1061.5
  diag: tableau1=
  diag: tableau2.faceScan=rowHeight=5.74,lastWhiteBottom=1032.8,whiteRows=34,minimumRows=7,breakY=1067.2
  diag: tableau2.region=840.0-1032.8
  diag: tableau2=King_Clubs
  diag: tableau3.faceScan=rowHeight=5.74,lastWhiteBottom=1273.7,whiteRows=73,minimumRows=7,breakY=1308.1
  diag: tableau3.region=1081.0-1273.7
  diag: tableau3=King_Diamonds,Queen_Clubs,Jack_Diamonds,Ten_Clubs,Nine_Diamonds,Eight_Clubs
  diag: tableau4.faceScan=rowHeight=5.74,lastWhiteBottom=1176.2,whiteRows=51,minimumRows=7,breakY=1210.6
  diag: tableau4.region=983.4-1176.2
  diag: tableau4=D,Five_Diamonds,Four_Clubs,Three_Diamonds
  diag: tableau5.faceScan=rowHeight=5.74,lastWhiteBottom=1468.8,whiteRows=78,minimumRows=7,breakY=1503.2
  diag: tableau5.region=1276.0-1468.8
  diag: tableau5=D,D,D,D,Nine_Clubs,Eight_Diamonds,Seven_Clubs,Six_Diamonds,Five_Clubs,Four_Diamonds
  diag: tableau6.faceScan=rowHeight=5.74,lastWhiteBottom=1371.2,whiteRows=70,minimumRows=7,breakY=1405.7
  diag: tableau6.region=1178.5-1371.2
  diag: tableau6=D,D,D,Eight_Clubs,Seven_Diamonds,Six_Clubs,Five_Diamonds,Four_Clubs
  diag: wasteOcr:relevant=true,ms=275,overlapped=true
  diag: waste=fused-Eight-Diamonds:ED
  diag: waste-regions=exact:721-859:match-Ten-Diamonds@0.62,legacy:750-907:match-Six-Diamonds@0.69
  diag: waste-rank-scores={Ace=0.5047193, Two=0.5424739, Three=0.52069825, Four=0.48687088, Five=0.5493097, Six=0.6131038, Seven=0.39816934, Eight=0.5961028, Nine=0.5280528, Ten=0.5699482, Jack=0.45828697, Queen=0.5317977, King=0.5348624}
  diag: waste-suit-scores={Hearts=0.8192405, Diamonds=0.95605576}
  diag: waste-disagreement=tight:Ten_Diamonds,legacy:Six_Diamonds
  diag: whole@720,503,859,713:ocr='10'@0.62
  diag: waste-ocr-rank=Ten
  diag: livePlayScreen=true
  diag: gameFooter=true
  diag: lobbyScreen=false
  diag: knownFaceUp=28
  diag: timing:total=648ms,tableau=1426ms[c0=178,c1=2,c2=395,c3=632,c4=14,c5=164,c6=41],scrub=0ms,deckConstraint=2ms,recognize:hits=19,misses=12,missTime=1458ms,missReason:newKey=0,fingerprint=12,bounds=0
  recognition:
  slot foundation:0 3D conf=0.79 rank=rank-png-strong@0.79 {3:0.79 J:0.76 8:0.73 4:0.71} suit=suit-png@0.96 {D:0.92 H:0.82} post=[ink-ratio:red=0.1687,black=0.0000,inkRed=true]
  slot foundation:1 2C conf=0.83 rank=rank-png-strong@0.83 {2:0.83 7:0.77 J:0.72 3:0.72} suit=suit-png@0.81 {C:0.81 S:0.74} post=[black-tiebreak:full=C0.81/S0.74,top=C0.58/S0.52,branch=wideMarginDirect->Clubs; ink-ratio:red=0.0000,black=0.1811,inkRed=false]
  slot foundation:2 3S conf=0.79 rank=rank-png-strong@0.79 {3:0.79 J:0.76 8:0.72 4:0.71} suit=suit-png@0.48 {C:0.81 S:0.78} post=[black-tiebreak:full=C0.81/S0.78,top=C0.53/S0.48,shape=Spades@1.08;branch=topClub-strongSpadeShapeOverride->Spades; ink-ratio:red=0.0000,black=0.1605,inkRed=false; black-tiebreak2:full=C0.81/S0.78,top=C0.53/S0.48,shape=Spades@1.08;branch=topClub-strongSpadeShapeOverride->Spades]
  slot tableau:0 KH conf=0.89 rank=rank-png-strong@0.89 {K:0.89 6:0.82 8:0.80 5:0.79} suit=suit-png@0.99 {H:0.95 D:0.81} post=[ink-ratio:red=0.2685,black=0.0000,inkRed=true,inkRegion=header; cascade:firstFaceTop=837.7,bottomTop=937.5,faceUpStep=48.90,geomCount=3,finalCount=3,bottomRank=Jack,leadingRank=King,rankCount=3,diff=0,applied=false,boundary=[not-face-down@faceDownCount=0:teal=0.000,white=0.519,red=0.352,black=0.000],exposedIndex=0,distanceFromBottom=2]
  slot tableau:0:1 QC conf=0.86 rank=rank-png-strong@0.86 {Q:0.86 9:0.75 8:0.72 10:0.71} suit=suit-opencv@0.52 {S:0.91 C:0.89} post=[ocr=miss:empty; ink-ratio:red=0.0000,black=0.3426,inkRed=false,inkRegion=header; post-black-suit:Spades->Clubs; black-tiebreak2:full=C0.66/S0.66,top=C0.74/S0.69,shape=none;branch=topLeaderDirect->Clubs; cascade:firstFaceTop=837.7,bottomTop=937.5,faceUpStep=48.90,geomCount=3,finalCount=3,bottomRank=Jack,leadingRank=King,rankCount=3,diff=0,applied=false,boundary=[not-face-down@faceDownCount=0:teal=0.000,white=0.519,red=0.352,black=0.000],exposedIndex=1,distanceFromBottom=1; deck-constraint:QC~->QC]
  slot tableau:0:2 JH conf=0.83 rank=rank-png-strong@0.83 {J:0.83 4:0.71 7:0.70 3:0.68} suit=suit-png@0.98 {H:0.94 D:0.80} post=[ink-ratio:red=0.1689,black=0.0400,inkRed=true; cascade:firstFaceTop=837.7,bottomTop=937.5,faceUpStep=48.90,geomCount=3,finalCount=3,bottomRank=Jack,leadingRank=King,rankCount=3,diff=0,applied=false,boundary=[not-face-down@faceDownCount=0:teal=0.000,white=0.519,red=0.352,black=0.000]]
  slot tableau:2 KC conf=0.93 rank=rank-png-strong@0.93 {K:0.93 2:0.78 8:0.78 10:0.78} suit=suit-png@0.82 {S:0.90 C:0.88} post=[black-tiebreak:full=C0.88/S0.90,top=C0.82/S0.86,shape=Clubs@0.36;branch=topSpade-clubShapeVetoWins->Clubs; ink-ratio:red=0.0000,black=0.2361,inkRed=false; cascade:firstFaceTop=837.7,bottomTop=840.0,faceUpStep=48.90,geomCount=1,finalCount=1,bottomRank=King,leadingRank=King,rankCount=1,diff=0,applied=false,boundary=[ran-out-of-room]]
  slot tableau:3 KD conf=0.87 rank=rank-png-strong@0.87 {K:0.87 6:0.81 8:0.81 5:0.78} suit=suit-png@0.98 {D:0.94 H:0.84} post=[ink-ratio:red=0.2685,black=0.0000,inkRed=true,inkRegion=header; cascade:firstFaceTop=837.7,bottomTop=1081.0,faceUpStep=48.90,geomCount=6,finalCount=6,bottomRank=Eight,leadingRank=King,rankCount=6,diff=0,applied=false,boundary=[not-face-down@faceDownCount=0:teal=0.000,white=0.667,red=0.333,black=0.000],exposedIndex=0,distanceFromBottom=5]
  slot tableau:3:1 QS conf=0.91 rank=rank-png-strong@0.91 {Q:0.91 9:0.80 8:0.75 6:0.74} suit=suit-png@0.93 {S:0.93 C:0.87} post=[black-tiebreak:full=C0.87/S0.93,top=C0.81/S0.91,branch=wideMarginDirect->Spades; ink-ratio:red=0.0000,black=0.2778,inkRed=false,inkRegion=header; cascade:firstFaceTop=837.7,bottomTop=1081.0,faceUpStep=48.90,geomCount=6,finalCount=6,bottomRank=Eight,leadingRank=King,rankCount=6,diff=0,applied=false,boundary=[not-face-down@faceDownCount=0:teal=0.000,white=0.667,red=0.333,black=0.000],exposedIndex=1,distanceFromBottom=4]
  slot tableau:3:2 JD conf=0.88 rank=rank-png-strong@0.88 {J:0.88 4:0.82 7:0.73 A:0.72} suit=suit-png@0.97 {D:0.93 H:0.85} post=[ocr=miss:empty; ink-ratio:red=0.1759,black=0.0000,inkRed=true,inkRegion=header; cascade:firstFaceTop=837.7,bottomTop=1081.0,faceUpStep=48.90,geomCount=6,finalCount=6,bottomRank=Eight,leadingRank=King,rankCount=6,diff=0,applied=false,boundary=[not-face-down@faceDownCount=0:teal=0.000,white=0.667,red=0.333,black=0.000],exposedIndex=2,distanceFromBottom=3]
  slot tableau:3:3 10S~ conf=0.87 rank=rank-png-strong@0.87 {10:0.87 Q:0.74 8:0.71 9:0.70} suit=suit-png@0.89 {S:0.94 C:0.89} post=[black-tiebreak:full=C0.89/S0.94,top=C0.79/S0.89,shape=none;branch=topLeaderDirect->Spades; ink-ratio:red=0.0000,black=0.2870,inkRed=false,inkRegion=header; cascade:firstFaceTop=837.7,bottomTop=1081.0,faceUpStep=48.90,geomCount=6,finalCount=6,bottomRank=Eight,leadingRank=King,rankCount=6,diff=0,applied=false,boundary=[not-face-down@faceDownCount=0:teal=0.000,white=0.667,red=0.333,black=0.000],exposedIndex=3,distanceFromBottom=2; deck-constraint:10S->10S~]
  slot tableau:3:4 9D~ conf=0.81 rank=rank-png-strong@0.81 {9:0.81 8:0.80 2:0.78 K:0.78} suit=suit-png@0.96 {D:0.92 H:0.87} post=[ink-ratio:red=0.2222,black=0.0000,inkRed=true,inkRegion=header; cascade:firstFaceTop=837.7,bottomTop=1081.0,faceUpStep=48.90,geomCount=6,finalCount=6,bottomRank=Eight,leadingRank=King,rankCount=6,diff=0,applied=false,boundary=[not-face-down@faceDownCount=0:teal=0.000,white=0.667,red=0.333,black=0.000],exposedIndex=4,distanceFromBottom=1; deck-constraint:9D->9D~]
  slot tableau:3:5 8S conf=0.90 rank=rank-png-strong@0.90 {8:0.90 6:0.81 3:0.78 9:0.77} suit=suit-png@0.95 {S:0.95 C:0.88} post=[black-tiebreak:full=C0.88/S0.95,top=C0.79/S0.95,branch=wideMarginDirect->Spades; ink-ratio:red=0.0000,black=0.2200,inkRed=false; cascade:firstFaceTop=837.7,bottomTop=1081.0,faceUpStep=48.90,geomCount=6,finalCount=6,bottomRank=Eight,leadingRank=King,rankCount=6,diff=0,applied=false,boundary=[not-face-down@faceDownCount=0:teal=0.000,white=0.667,red=0.333,black=0.000]]
  slot tableau:4:1 5H conf=0.93 rank=rank-png-strong@0.93 {5:0.93 6:0.82 9:0.79 8:0.79} suit=suit-png@1.01 {H:0.97 D:0.82} post=[ink-ratio:red=0.2222,black=0.0000,inkRed=true,inkRegion=header; cascade:firstFaceTop=882.1,bottomTop=983.4,faceUpStep=48.90,geomCount=3,finalCount=3,bottomRank=Three,leadingRank=Five,rankCount=3,diff=0,applied=false,boundary=[not-face-down@faceDownCount=1:teal=0.000,white=0.685,red=0.259,black=0.000],exposedIndex=0,distanceFromBottom=2]
  slot tableau:4:2 4S conf=0.94 rank=rank-png-strong@0.94 {4:0.94 A:0.87 9:0.74 J:0.74} suit=suit-png@0.97 {S:0.97 C:0.90} post=[black-tiebreak:full=C0.90/S0.97,top=C0.80/S0.98,branch=wideMarginDirect->Spades; ink-ratio:red=0.0000,black=0.1944,inkRed=false,inkRegion=header; cascade:firstFaceTop=882.1,bottomTop=983.4,faceUpStep=48.90,geomCount=3,finalCount=3,bottomRank=Three,leadingRank=Five,rankCount=3,diff=0,applied=false,boundary=[not-face-down@faceDownCount=1:teal=0.000,white=0.685,red=0.259,black=0.000],exposedIndex=1,distanceFromBottom=1]
  slot tableau:4:3 3H conf=0.83 rank=rank-png-strong@0.83 {3:0.83 J:0.77 8:0.76 2:0.73} suit=suit-png@0.99 {H:0.95 D:0.81} post=[ink-ratio:red=0.1911,black=0.0000,inkRed=true; cascade:firstFaceTop=882.1,bottomTop=983.4,faceUpStep=48.90,geomCount=3,finalCount=3,bottomRank=Three,leadingRank=Five,rankCount=3,diff=0,applied=false,boundary=[not-face-down@faceDownCount=1:teal=0.000,white=0.685,red=0.259,black=0.000]]
  slot tableau:5:4 9C~ conf=0.87 rank=rank-png-strong@0.87 {9:0.87 A:0.86 8:0.83 Q:0.82} suit=suit-png@0.93 {C:0.93 S:0.88} post=[black-tiebreak:full=C0.93/S0.88,top=C0.93/S0.82,shape=Spades@1.12;branch=topLeaderDirect->Clubs; ink-ratio:red=0.0000,black=0.1852,inkRed=false,inkRegion=header; cascade:firstFaceTop=1015.1,bottomTop=1276.0,faceUpStep=48.90,geomCount=6,finalCount=6,bottomRank=Four,leadingRank=Nine,rankCount=6,diff=0,applied=false,boundary=[not-face-down@faceDownCount=4:teal=0.315,white=0.593,red=0.000,black=0.056],exposedIndex=0,distanceFromBottom=5; deck-constraint:9C->9C~]
  slot tableau:5:5 8H conf=0.87 rank=rank-png-strong@0.87 {8:0.87 A:0.86 9:0.83 4:0.82} suit=suit-png@0.87 {D:0.87 H:0.76} post=[ink-ratio:red=0.1759,black=0.0370,inkRed=true,inkRegion=header; cascade:firstFaceTop=1015.1,bottomTop=1276.0,faceUpStep=48.90,geomCount=6,finalCount=6,bottomRank=Four,leadingRank=Nine,rankCount=6,diff=0,applied=false,boundary=[not-face-down@faceDownCount=4:teal=0.315,white=0.593,red=0.000,black=0.056],exposedIndex=1,distanceFromBottom=4; deck-constraint:8D->8H]
  slot tableau:5:7 6D~ conf=0.87 rank=rank-png-strong@0.87 {6:0.87 A:0.83 4:0.81 8:0.81} suit=suit-png@0.87 {D:0.87 H:0.76} post=[ink-ratio:red=0.1852,black=0.0185,inkRed=true,inkRegion=header; cascade:firstFaceTop=1015.1,bottomTop=1276.0,faceUpStep=48.90,geomCount=6,finalCount=6,bottomRank=Four,leadingRank=Nine,rankCount=6,diff=0,applied=false,boundary=[not-face-down@faceDownCount=4:teal=0.315,white=0.593,red=0.000,black=0.056],exposedIndex=3,distanceFromBottom=2; deck-constraint:6D->6D~]
  slot tableau:5:8 5C~ conf=0.84 rank=rank-png-strong@0.84 {5:0.84 6:0.83 8:0.80 9:0.80} suit=suit-png@0.79 {C:0.79 D:0.79 H:0.72 S:0.67} post=[ink-ratio:red=0.0278,black=0.1759,inkRed=null,inkRegion=header; cascade:firstFaceTop=1015.1,bottomTop=1276.0,faceUpStep=48.90,geomCount=6,finalCount=6,bottomRank=Four,leadingRank=Nine,rankCount=6,diff=0,applied=false,boundary=[not-face-down@faceDownCount=4:teal=0.315,white=0.593,red=0.000,black=0.056],exposedIndex=4,distanceFromBottom=1; deck-constraint:5C->5C~]
  slot tableau:5:9 4H~ conf=0.89 rank=rank-png-strong@0.89 {4:0.89 A:0.74 J:0.71 8:0.66} suit=suit-png@0.99 {H:0.95 D:0.79} post=[ink-ratio:red=0.1875,black=0.0000,inkRed=true; cascade:firstFaceTop=1015.1,bottomTop=1276.0,faceUpStep=48.90,geomCount=6,finalCount=6,bottomRank=Four,leadingRank=Nine,rankCount=6,diff=0,applied=false,boundary=[not-face-down@faceDownCount=4:teal=0.315,white=0.593,red=0.000,black=0.056]; deck-constraint:4H->4H~]
  slot tableau:6:3 8C conf=0.93 rank=rank-png-strong@0.93 {8:0.93 9:0.84 6:0.83 A:0.83} suit=suit-png@0.91 {C:0.90 S:0.85} post=[black-tiebreak:full=C0.90/S0.85,top=C0.91/S0.83,shape=Spades@0.60;branch=topLeaderDirect->Clubs; ink-ratio:red=0.0000,black=0.2407,inkRed=false,inkRegion=header; cascade:firstFaceTop=970.7,bottomTop=1178.5,faceUpStep=48.90,geomCount=5,finalCount=5,bottomRank=Four,leadingRank=Eight,rankCount=5,diff=0,applied=false,boundary=[not-face-down@faceDownCount=3:teal=0.000,white=0.519,red=0.000,black=0.130],exposedIndex=0,distanceFromBottom=4]
  slot tableau:6:4 7D~ conf=0.95 rank=rank-png-strong@0.95 {7:0.95 2:0.86 3:0.77 J:0.76} suit=suit-png@0.98 {D:0.94 H:0.83} post=[ocr=miss:empty; ink-ratio:red=0.1759,black=0.0556,inkRed=true,inkRegion=header; cascade:firstFaceTop=970.7,bottomTop=1178.5,faceUpStep=48.90,geomCount=5,finalCount=5,bottomRank=Four,leadingRank=Eight,rankCount=5,diff=0,applied=false,boundary=[not-face-down@faceDownCount=3:teal=0.000,white=0.519,red=0.000,black=0.130],exposedIndex=1,distanceFromBottom=3; deck-constraint:7D->7D~]
  slot tableau:6:5 6C~ conf=0.92 rank=rank-png-strong@0.92 {6:0.92 A:0.83 8:0.83 5:0.83} suit=suit-png@0.92 {C:0.90 S:0.86} post=[black-tiebreak:full=C0.90/S0.86,top=C0.92/S0.84,shape=Spades@0.60;branch=topLeaderDirect->Clubs; ink-ratio:red=0.0000,black=0.2500,inkRed=false,inkRegion=header; cascade:firstFaceTop=970.7,bottomTop=1178.5,faceUpStep=48.90,geomCount=5,finalCount=5,bottomRank=Four,leadingRank=Eight,rankCount=5,diff=0,applied=false,boundary=[not-face-down@faceDownCount=3:teal=0.000,white=0.519,red=0.000,black=0.130],exposedIndex=2,distanceFromBottom=2; deck-constraint:6C->6C~]
  slot tableau:6:6 5D conf=0.94 rank=rank-png-strong@0.94 {5:0.94 6:0.83 K:0.81 9:0.80} suit=suit-png@0.96 {D:0.92 H:0.84} post=[ink-ratio:red=0.1574,black=0.0556,inkRed=true,inkRegion=header; cascade:firstFaceTop=970.7,bottomTop=1178.5,faceUpStep=48.90,geomCount=5,finalCount=5,bottomRank=Four,leadingRank=Eight,rankCount=5,diff=0,applied=false,boundary=[not-face-down@faceDownCount=3:teal=0.000,white=0.519,red=0.000,black=0.130],exposedIndex=3,distanceFromBottom=1]
  slot tableau:6:7 4C conf=0.91 rank=rank-png-strong@0.91 {4:0.91 A:0.73 J:0.72 8:0.66} suit=suit-png@0.86 {C:0.90 S:0.89} post=[black-tiebreak:full=C0.90/S0.89,top=C0.86/S0.82,shape=Clubs@0.36;branch=lowTopMargin-shapeLeader->Clubs; ink-ratio:red=0.0000,black=0.2222,inkRed=false; cascade:firstFaceTop=970.7,bottomTop=1178.5,faceUpStep=48.90,geomCount=5,finalCount=5,bottomRank=Four,leadingRank=Eight,rankCount=5,diff=0,applied=false,boundary=[not-face-down@faceDownCount=3:teal=0.000,white=0.519,red=0.000,black=0.130]]
  slot waste 8D conf=0.69 rank=rank-ocr@0.62 {6:0.61 8:0.60 10:0.57 5:0.55} suit=suit-png@1.00 {D:0.96 H:0.82} post=[waste-fusion:legacy=Six_Diamonds,tight=Ten_Diamonds; whole@720,503,859,713:ocr='10'@0.62; waste-ocr-rank:Ten; ink-ratio:red=0.2153,black=0.0000,inkRed=true; ocr='10'@0.62; ink-ratio:red=0.2819,black=0.0000,inkRed=true]
18:02:32.397 OUTCOME=ARROW status=Best: Draw from stock score=8.0 (draw) 404ms conf=0.80 known=28
  frame=1080x2340 elapsed=404ms conf=0.80 knownFaceUp=28
  timing: queueDelay=58ms detect=404ms select=2ms total=464ms
  move=Draw from stock score=8.0 rationale=draw
  runner-up:
    1. Foundation 3 -> Tableau 6 score=-57.0 (pull-from-foundation)
    2. Foundation 2 -> Tableau 5 score=-57.0 (pull-from-foundation)
    3. Foundation 1 -> Tableau 7 score=-57.0 (pull-from-foundation)
  from=(991,608) to=(826,608)
  signature=Five_Spades|Three_Diamonds;Two_Clubs;Three_Spades;-|King_Hearts,Queen_Clubs,Jack_Hearts;;King_Clubs;King_Diamonds,Queen_Spades,Jack_Diamonds,Ten_Spades,Nine_Diamonds,Eight_Spades;D,Five_Hearts,Four_Spades,Three_Hearts;D,D,D,D,Nine_Clubs,Eight_Diamonds,Seven_Clubs,Six_Diamonds,Five_Clubs,Four_Hearts;D,D,D,Eight_Clubs,Seven_Diamonds,Six_Clubs,Five_Diamonds,Four_Clubs
  diag: boardConfidence=0.85
  diag: profile=solitaire_smash_s25
  diag: stock=face-down-stock
  diag: foundation0=match-Three-Diamonds@0.79:TD
  diag: foundation1=match-Two-Clubs@0.83:TC
  diag: foundation2=match-Three-Spades@0.79:TS
  diag: foundation3=empty-color:null
  diag: tableau0.faceScan=rowHeight=5.74,lastWhiteBottom=1130.3,whiteRows=50,minimumRows=7,breakY=1164.7
  diag: tableau0.region=937.5-1130.3
  diag: tableau0=King_Diamonds,Queen_Clubs,Jack_Diamonds
  diag: tableau1.faceScan=rowHeight=5.74,lastWhiteBottom=1027.0,whiteRows=1,minimumRows=7,breakY=1061.5
  diag: tableau1=
  diag: tableau2.faceScan=rowHeight=5.74,lastWhiteBottom=1032.8,whiteRows=34,minimumRows=7,breakY=1067.2
  diag: tableau2.region=840.0-1032.8
  diag: tableau2=King_Clubs
  diag: tableau3.faceScan=rowHeight=5.74,lastWhiteBottom=1273.7,whiteRows=73,minimumRows=7,breakY=1308.1
  diag: tableau3.region=1081.0-1273.7
  diag: tableau3=King_Diamonds,Queen_Clubs,Jack_Diamonds,Ten_Clubs,Nine_Diamonds,Eight_Clubs
  diag: tableau4.faceScan=rowHeight=5.74,lastWhiteBottom=1176.2,whiteRows=51,minimumRows=7,breakY=1210.6
  diag: tableau4.region=983.4-1176.2
  diag: tableau4=D,Five_Diamonds,Four_Clubs,Three_Diamonds
  diag: tableau5.faceScan=rowHeight=5.74,lastWhiteBottom=1468.8,whiteRows=78,minimumRows=7,breakY=1503.2
  diag: tableau5.region=1276.0-1468.8
  diag: tableau5=D,D,D,D,Nine_Clubs,Eight_Diamonds,Seven_Clubs,Six_Diamonds,Five_Clubs,Four_Diamonds
  diag: tableau6.faceScan=rowHeight=5.74,lastWhiteBottom=1371.2,whiteRows=70,minimumRows=7,breakY=1405.7
  diag: tableau6.region=1178.5-1371.2
  diag: tableau6=D,D,D,Eight_Clubs,Seven_Diamonds,Six_Clubs,Five_Diamonds,Four_Clubs
  diag: wasteOcr:relevant=true,ms=24,overlapped=true
  diag: waste=fused-Five-Clubs:FC
  diag: waste-regions=exact:757-895:match-Five-Clubs@0.62,legacy:750-907:match-Five-Clubs@0.71
  diag: waste-rank-scores={Ace=0.3429229, Two=0.35417885, Three=0.41058078, Four=0.3956466, Five=0.45289445, Six=0.36712328, Seven=0.37943697, Eight=0.3860887, Nine=0.40862533, Ten=0.43071964, Jack=0.42036554, Queen=0.41097423, King=0.37914693}
  diag: waste-suit-scores={Clubs=0.82978725, Spades=0.7739177}
  diag: whole@756,503,895,713:ocr='5'@0.62
  diag: waste-ocr-rank=Five
  diag: livePlayScreen=true
  diag: gameFooter=true
  diag: lobbyScreen=false
  diag: knownFaceUp=28
  diag: timing:total=403ms,tableau=222ms[c0=80,c1=4,c2=7,c3=35,c4=20,c5=40,c6=37],scrub=0ms,deckConstraint=2ms,recognize:hits=29,misses=2,missTime=88ms,missReason:newKey=0,fingerprint=2,bounds=0
  recognition:
  slot foundation:0 3D conf=0.79 rank=rank-png-strong@0.79 {3:0.79 J:0.76 8:0.73 4:0.71} suit=suit-png@0.96 {D:0.92 H:0.82} post=[ink-ratio:red=0.1687,black=0.0000,inkRed=true]
  slot foundation:1 2C conf=0.83 rank=rank-png-strong@0.83 {2:0.83 7:0.77 J:0.72 3:0.72} suit=suit-png@0.81 {C:0.81 S:0.74} post=[black-tiebreak:full=C0.81/S0.74,top=C0.58/S0.52,branch=wideMarginDirect->Clubs; ink-ratio:red=0.0000,black=0.1811,inkRed=false]
  slot foundation:2 3S conf=0.79 rank=rank-png-strong@0.79 {3:0.79 J:0.76 8:0.72 4:0.71} suit=suit-png@0.48 {C:0.81 S:0.78} post=[black-tiebreak:full=C0.81/S0.78,top=C0.53/S0.48,shape=Spades@1.08;branch=topClub-strongSpadeShapeOverride->Spades; ink-ratio:red=0.0000,black=0.1605,inkRed=false; black-tiebreak2:full=C0.81/S0.78,top=C0.53/S0.48,shape=Spades@1.08;branch=topClub-strongSpadeShapeOverride->Spades]
  slot tableau:0 KH conf=0.89 rank=rank-png-strong@0.89 {K:0.89 6:0.82 8:0.80 5:0.79} suit=suit-png@0.99 {H:0.95 D:0.81} post=[ink-ratio:red=0.2685,black=0.0000,inkRed=true,inkRegion=header; cascade:firstFaceTop=837.7,bottomTop=937.5,faceUpStep=48.90,geomCount=3,finalCount=3,bottomRank=Jack,leadingRank=King,rankCount=3,diff=0,applied=false,boundary=[not-face-down@faceDownCount=0:teal=0.000,white=0.519,red=0.352,black=0.000],exposedIndex=0,distanceFromBottom=2]
  slot tableau:0:1 QC conf=0.86 rank=rank-png-strong@0.86 {Q:0.86 9:0.75 8:0.72 10:0.71} suit=suit-opencv@0.52 {S:0.91 C:0.89} post=[ocr=miss:empty; ink-ratio:red=0.0000,black=0.3426,inkRed=false,inkRegion=header; post-black-suit:Spades->Clubs; black-tiebreak2:full=C0.66/S0.66,top=C0.74/S0.69,shape=none;branch=topLeaderDirect->Clubs; cascade:firstFaceTop=837.7,bottomTop=937.5,faceUpStep=48.90,geomCount=3,finalCount=3,bottomRank=Jack,leadingRank=King,rankCount=3,diff=0,applied=false,boundary=[not-face-down@faceDownCount=0:teal=0.000,white=0.519,red=0.352,black=0.000],exposedIndex=1,distanceFromBottom=1; deck-constraint:QC~->QC]
  slot tableau:0:2 JH conf=0.83 rank=rank-png-strong@0.83 {J:0.83 4:0.71 7:0.70 3:0.68} suit=suit-png@0.98 {H:0.94 D:0.80} post=[ink-ratio:red=0.1689,black=0.0400,inkRed=true; cascade:firstFaceTop=837.7,bottomTop=937.5,faceUpStep=48.90,geomCount=3,finalCount=3,bottomRank=Jack,leadingRank=King,rankCount=3,diff=0,applied=false,boundary=[not-face-down@faceDownCount=0:teal=0.000,white=0.519,red=0.352,black=0.000]]
  slot tableau:2 KC conf=0.93 rank=rank-png-strong@0.93 {K:0.93 2:0.78 8:0.78 10:0.78} suit=suit-png@0.82 {S:0.90 C:0.88} post=[black-tiebreak:full=C0.88/S0.90,top=C0.82/S0.86,shape=Clubs@0.36;branch=topSpade-clubShapeVetoWins->Clubs; ink-ratio:red=0.0000,black=0.2361,inkRed=false; cascade:firstFaceTop=837.7,bottomTop=840.0,faceUpStep=48.90,geomCount=1,finalCount=1,bottomRank=King,leadingRank=King,rankCount=1,diff=0,applied=false,boundary=[ran-out-of-room]]
  slot tableau:3 KD conf=0.87 rank=rank-png-strong@0.87 {K:0.87 6:0.81 8:0.81 5:0.78} suit=suit-png@0.98 {D:0.94 H:0.84} post=[ink-ratio:red=0.2685,black=0.0000,inkRed=true,inkRegion=header; cascade:firstFaceTop=837.7,bottomTop=1081.0,faceUpStep=48.90,geomCount=6,finalCount=6,bottomRank=Eight,leadingRank=King,rankCount=6,diff=0,applied=false,boundary=[not-face-down@faceDownCount=0:teal=0.000,white=0.667,red=0.333,black=0.000],exposedIndex=0,distanceFromBottom=5]
  slot tableau:3:1 QS conf=0.91 rank=rank-png-strong@0.91 {Q:0.91 9:0.80 8:0.75 6:0.74} suit=suit-png@0.93 {S:0.93 C:0.87} post=[black-tiebreak:full=C0.87/S0.93,top=C0.81/S0.91,branch=wideMarginDirect->Spades; ink-ratio:red=0.0000,black=0.2778,inkRed=false,inkRegion=header; cascade:firstFaceTop=837.7,bottomTop=1081.0,faceUpStep=48.90,geomCount=6,finalCount=6,bottomRank=Eight,leadingRank=King,rankCount=6,diff=0,applied=false,boundary=[not-face-down@faceDownCount=0:teal=0.000,white=0.667,red=0.333,black=0.000],exposedIndex=1,distanceFromBottom=4]
  slot tableau:3:2 JD conf=0.88 rank=rank-png-strong@0.88 {J:0.88 4:0.82 7:0.73 A:0.72} suit=suit-png@0.97 {D:0.93 H:0.85} post=[ocr=miss:empty; ink-ratio:red=0.1759,black=0.0000,inkRed=true,inkRegion=header; cascade:firstFaceTop=837.7,bottomTop=1081.0,faceUpStep=48.90,geomCount=6,finalCount=6,bottomRank=Eight,leadingRank=King,rankCount=6,diff=0,applied=false,boundary=[not-face-down@faceDownCount=0:teal=0.000,white=0.667,red=0.333,black=0.000],exposedIndex=2,distanceFromBottom=3]
  slot tableau:3:3 10S~ conf=0.87 rank=rank-png-strong@0.87 {10:0.87 Q:0.74 8:0.71 9:0.70} suit=suit-png@0.89 {S:0.94 C:0.89} post=[black-tiebreak:full=C0.89/S0.94,top=C0.79/S0.89,shape=none;branch=topLeaderDirect->Spades; ink-ratio:red=0.0000,black=0.2870,inkRed=false,inkRegion=header; cascade:firstFaceTop=837.7,bottomTop=1081.0,faceUpStep=48.90,geomCount=6,finalCount=6,bottomRank=Eight,leadingRank=King,rankCount=6,diff=0,applied=false,boundary=[not-face-down@faceDownCount=0:teal=0.000,white=0.667,red=0.333,black=0.000],exposedIndex=3,distanceFromBottom=2; deck-constraint:10S->10S~]
  slot tableau:3:4 9D~ conf=0.81 rank=rank-png-strong@0.81 {9:0.81 8:0.80 2:0.78 K:0.78} suit=suit-png@0.96 {D:0.92 H:0.87} post=[ink-ratio:red=0.2222,black=0.0000,inkRed=true,inkRegion=header; cascade:firstFaceTop=837.7,bottomTop=1081.0,faceUpStep=48.90,geomCount=6,finalCount=6,bottomRank=Eight,leadingRank=King,rankCount=6,diff=0,applied=false,boundary=[not-face-down@faceDownCount=0:teal=0.000,white=0.667,red=0.333,black=0.000],exposedIndex=4,distanceFromBottom=1; deck-constraint:9D->9D~]
  slot tableau:3:5 8S conf=0.90 rank=rank-png-strong@0.90 {8:0.90 6:0.81 3:0.78 9:0.77} suit=suit-png@0.95 {S:0.95 C:0.88} post=[black-tiebreak:full=C0.88/S0.95,top=C0.79/S0.95,branch=wideMarginDirect->Spades; ink-ratio:red=0.0000,black=0.2200,inkRed=false; cascade:firstFaceTop=837.7,bottomTop=1081.0,faceUpStep=48.90,geomCount=6,finalCount=6,bottomRank=Eight,leadingRank=King,rankCount=6,diff=0,applied=false,boundary=[not-face-down@faceDownCount=0:teal=0.000,white=0.667,red=0.333,black=0.000]]
  slot tableau:4:1 5H conf=0.93 rank=rank-png-strong@0.93 {5:0.93 6:0.82 9:0.79 8:0.79} suit=suit-png@1.01 {H:0.97 D:0.82} post=[ink-ratio:red=0.2222,black=0.0000,inkRed=true,inkRegion=header; cascade:firstFaceTop=882.1,bottomTop=983.4,faceUpStep=48.90,geomCount=3,finalCount=3,bottomRank=Three,leadingRank=Five,rankCount=3,diff=0,applied=false,boundary=[not-face-down@faceDownCount=1:teal=0.000,white=0.685,red=0.259,black=0.000],exposedIndex=0,distanceFromBottom=2]
  slot tableau:4:2 4S conf=0.94 rank=rank-png-strong@0.94 {4:0.94 A:0.87 9:0.74 J:0.74} suit=suit-png@0.97 {S:0.97 C:0.90} post=[black-tiebreak:full=C0.90/S0.97,top=C0.80/S0.98,branch=wideMarginDirect->Spades; ink-ratio:red=0.0000,black=0.1944,inkRed=false,inkRegion=header; cascade:firstFaceTop=882.1,bottomTop=983.4,faceUpStep=48.90,geomCount=3,finalCount=3,bottomRank=Three,leadingRank=Five,rankCount=3,diff=0,applied=false,boundary=[not-face-down@faceDownCount=1:teal=0.000,white=0.685,red=0.259,black=0.000],exposedIndex=1,distanceFromBottom=1]
  slot tableau:4:3 3H conf=0.83 rank=rank-png-strong@0.83 {3:0.83 J:0.77 8:0.76 2:0.73} suit=suit-png@0.99 {H:0.95 D:0.81} post=[ink-ratio:red=0.1911,black=0.0000,inkRed=true; cascade:firstFaceTop=882.1,bottomTop=983.4,faceUpStep=48.90,geomCount=3,finalCount=3,bottomRank=Three,leadingRank=Five,rankCount=3,diff=0,applied=false,boundary=[not-face-down@faceDownCount=1:teal=0.000,white=0.685,red=0.259,black=0.000]]
  slot tableau:5:4 9C~ conf=0.87 rank=rank-png-strong@0.87 {9:0.87 A:0.86 8:0.83 Q:0.82} suit=suit-png@0.93 {C:0.93 S:0.88} post=[black-tiebreak:full=C0.93/S0.88,top=C0.93/S0.82,shape=Spades@1.12;branch=topLeaderDirect->Clubs; ink-ratio:red=0.0000,black=0.1852,inkRed=false,inkRegion=header; cascade:firstFaceTop=1015.1,bottomTop=1276.0,faceUpStep=48.90,geomCount=6,finalCount=6,bottomRank=Four,leadingRank=Nine,rankCount=6,diff=0,applied=false,boundary=[not-face-down@faceDownCount=4:teal=0.315,white=0.593,red=0.000,black=0.056],exposedIndex=0,distanceFromBottom=5; deck-constraint:9C->9C~]
  slot tableau:5:5 8D~ conf=0.87 rank=rank-png-strong@0.87 {8:0.87 A:0.86 9:0.83 4:0.82} suit=suit-png@0.87 {D:0.87 H:0.76} post=[ink-ratio:red=0.1759,black=0.0370,inkRed=true,inkRegion=header; cascade:firstFaceTop=1015.1,bottomTop=1276.0,faceUpStep=48.90,geomCount=6,finalCount=6,bottomRank=Four,leadingRank=Nine,rankCount=6,diff=0,applied=false,boundary=[not-face-down@faceDownCount=4:teal=0.315,white=0.593,red=0.000,black=0.056],exposedIndex=1,distanceFromBottom=4; deck-constraint:8D->8D~]
  slot tableau:5:7 6D~ conf=0.87 rank=rank-png-strong@0.87 {6:0.87 A:0.83 4:0.81 8:0.81} suit=suit-png@0.87 {D:0.87 H:0.76} post=[ink-ratio:red=0.1852,black=0.0185,inkRed=true,inkRegion=header; cascade:firstFaceTop=1015.1,bottomTop=1276.0,faceUpStep=48.90,geomCount=6,finalCount=6,bottomRank=Four,leadingRank=Nine,rankCount=6,diff=0,applied=false,boundary=[not-face-down@faceDownCount=4:teal=0.315,white=0.593,red=0.000,black=0.056],exposedIndex=3,distanceFromBottom=2; deck-constraint:6D->6D~]
  slot tableau:5:8 5C~ conf=0.84 rank=rank-png-strong@0.84 {5:0.84 6:0.83 8:0.80 9:0.80} suit=suit-png@0.79 {C:0.79 D:0.79 H:0.72 S:0.67} post=[ink-ratio:red=0.0278,black=0.1759,inkRed=null,inkRegion=header; cascade:firstFaceTop=1015.1,bottomTop=1276.0,faceUpStep=48.90,geomCount=6,finalCount=6,bottomRank=Four,leadingRank=Nine,rankCount=6,diff=0,applied=false,boundary=[not-face-down@faceDownCount=4:teal=0.315,white=0.593,red=0.000,black=0.056],exposedIndex=4,distanceFromBottom=1; deck-constraint:5C->5C~]
  slot tableau:5:9 4H~ conf=0.89 rank=rank-png-strong@0.89 {4:0.89 A:0.74 J:0.71 8:0.66} suit=suit-png@0.99 {H:0.95 D:0.79} post=[ink-ratio:red=0.1875,black=0.0000,inkRed=true; cascade:firstFaceTop=1015.1,bottomTop=1276.0,faceUpStep=48.90,geomCount=6,finalCount=6,bottomRank=Four,leadingRank=Nine,rankCount=6,diff=0,applied=false,boundary=[not-face-down@faceDownCount=4:teal=0.315,white=0.593,red=0.000,black=0.056]; deck-constraint:4H->4H~]
  slot tableau:6:3 8C conf=0.93 rank=rank-png-strong@0.93 {8:0.93 9:0.84 6:0.83 A:0.83} suit=suit-png@0.91 {C:0.90 S:0.85} post=[black-tiebreak:full=C0.90/S0.85,top=C0.91/S0.83,shape=Spades@0.60;branch=topLeaderDirect->Clubs; ink-ratio:red=0.0000,black=0.2407,inkRed=false,inkRegion=header; cascade:firstFaceTop=970.7,bottomTop=1178.5,faceUpStep=48.90,geomCount=5,finalCount=5,bottomRank=Four,leadingRank=Eight,rankCount=5,diff=0,applied=false,boundary=[not-face-down@faceDownCount=3:teal=0.000,white=0.519,red=0.000,black=0.130],exposedIndex=0,distanceFromBottom=4]
  slot tableau:6:4 7D~ conf=0.95 rank=rank-png-strong@0.95 {7:0.95 2:0.86 3:0.77 J:0.76} suit=suit-png@0.98 {D:0.94 H:0.83} post=[ocr=miss:empty; ink-ratio:red=0.1759,black=0.0556,inkRed=true,inkRegion=header; cascade:firstFaceTop=970.7,bottomTop=1178.5,faceUpStep=48.90,geomCount=5,finalCount=5,bottomRank=Four,leadingRank=Eight,rankCount=5,diff=0,applied=false,boundary=[not-face-down@faceDownCount=3:teal=0.000,white=0.519,red=0.000,black=0.130],exposedIndex=1,distanceFromBottom=3; deck-constraint:7D->7D~]
  slot tableau:6:5 6C~ conf=0.92 rank=rank-png-strong@0.92 {6:0.92 A:0.83 8:0.83 5:0.83} suit=suit-png@0.92 {C:0.90 S:0.86} post=[black-tiebreak:full=C0.90/S0.86,top=C0.92/S0.84,shape=Spades@0.60;branch=topLeaderDirect->Clubs; ink-ratio:red=0.0000,black=0.2500,inkRed=false,inkRegion=header; cascade:firstFaceTop=970.7,bottomTop=1178.5,faceUpStep=48.90,geomCount=5,finalCount=5,bottomRank=Four,leadingRank=Eight,rankCount=5,diff=0,applied=false,boundary=[not-face-down@faceDownCount=3:teal=0.000,white=0.519,red=0.000,black=0.130],exposedIndex=2,distanceFromBottom=2; deck-constraint:6C->6C~]
  slot tableau:6:6 5D conf=0.94 rank=rank-png-strong@0.94 {5:0.94 6:0.83 K:0.81 9:0.80} suit=suit-png@0.96 {D:0.92 H:0.84} post=[ink-ratio:red=0.1574,black=0.0556,inkRed=true,inkRegion=header; cascade:firstFaceTop=970.7,bottomTop=1178.5,faceUpStep=48.90,geomCount=5,finalCount=5,bottomRank=Four,leadingRank=Eight,rankCount=5,diff=0,applied=false,boundary=[not-face-down@faceDownCount=3:teal=0.000,white=0.519,red=0.000,black=0.130],exposedIndex=3,distanceFromBottom=1]
  slot tableau:6:7 4C conf=0.91 rank=rank-png-strong@0.91 {4:0.91 A:0.73 J:0.72 8:0.66} suit=suit-png@0.86 {C:0.90 S:0.89} post=[black-tiebreak:full=C0.90/S0.89,top=C0.86/S0.82,shape=Clubs@0.36;branch=lowTopMargin-shapeLeader->Clubs; ink-ratio:red=0.0000,black=0.2222,inkRed=false; cascade:firstFaceTop=970.7,bottomTop=1178.5,faceUpStep=48.90,geomCount=5,finalCount=5,bottomRank=Four,leadingRank=Eight,rankCount=5,diff=0,applied=false,boundary=[not-face-down@faceDownCount=3:teal=0.000,white=0.519,red=0.000,black=0.130]]
  slot waste 5S conf=0.71 rank=rank-ocr@0.62 {5:0.45 10:0.43 J:0.42 Q:0.41} suit=suit-png@0.83 {C:0.83 S:0.77} post=[waste-fusion:legacy=Five_Clubs,tight=Five_Clubs; whole@756,503,895,713:ocr='5'@0.62; waste-ocr-rank:Five; black-tiebreak:full=C0.83/S0.77,top=C0.65/S0.47,branch=wideMarginDirect->Clubs; ink-ratio:red=0.0000,black=0.1620,inkRed=false; ocr='5'@0.62; ink-ratio:red=0.0000,black=0.1749,inkRed=false; deck-constraint:5C->5S]
18:02:33.121 OUTCOME=ARROW status=Best: Draw from stock score=8.0 (draw) 719ms conf=0.80 known=28
  frame=1080x2340 elapsed=719ms conf=0.80 knownFaceUp=28
  timing: queueDelay=17ms detect=719ms select=1ms total=737ms
  move=Draw from stock score=8.0 rationale=draw
  runner-up:
    1. Foundation 3 -> Tableau 6 score=-57.0 (pull-from-foundation)
    2. Foundation 2 -> Tableau 5 score=-57.0 (pull-from-foundation)
    3. Foundation 1 -> Tableau 7 score=-57.0 (pull-from-foundation)
  from=(991,608) to=(826,608)
  signature=Five_Spades|Three_Diamonds;Two_Clubs;Three_Spades;-|King_Hearts,Queen_Clubs,Jack_Hearts;;King_Clubs;King_Diamonds,Queen_Spades,Jack_Diamonds,Ten_Spades,Nine_Diamonds,Eight_Spades;D,Five_Hearts,Four_Spades,Three_Hearts;D,D,D,D,Nine_Clubs,Eight_Diamonds,Seven_Clubs,Six_Diamonds,Five_Spades,Four_Hearts;D,D,D,Eight_Clubs,Seven_Diamonds,Six_Clubs,Five_Diamonds,Four_Clubs
  diag: boardConfidence=0.85
  diag: profile=solitaire_smash_s25
  diag: stock=face-down-stock
  diag: foundation0=match-Three-Diamonds@0.79:TD
  diag: foundation1=match-Two-Clubs@0.83:TC
  diag: foundation2=match-Three-Spades@0.79:TS
  diag: foundation3=empty-color:null
  diag: tableau0.faceScan=rowHeight=5.74,lastWhiteBottom=1130.3,whiteRows=50,minimumRows=7,breakY=1164.7
  diag: tableau0.region=937.5-1130.3
  diag: tableau0=King_Diamonds,Queen_Clubs,Jack_Diamonds
  diag: tableau1.faceScan=rowHeight=5.74,lastWhiteBottom=1027.0,whiteRows=1,minimumRows=7,breakY=1061.5
  diag: tableau1=
  diag: tableau2.faceScan=rowHeight=5.74,lastWhiteBottom=1032.8,whiteRows=34,minimumRows=7,breakY=1067.2
  diag: tableau2.region=840.0-1032.8
  diag: tableau2=King_Clubs
  diag: tableau3.faceScan=rowHeight=5.74,lastWhiteBottom=1273.7,whiteRows=73,minimumRows=7,breakY=1308.1
  diag: tableau3.region=1081.0-1273.7
  diag: tableau3=King_Diamonds,Queen_Clubs,Jack_Diamonds,Ten_Clubs,Nine_Diamonds,Eight_Clubs
  diag: tableau4.faceScan=rowHeight=5.74,lastWhiteBottom=1176.2,whiteRows=51,minimumRows=7,breakY=1210.6
  diag: tableau4.region=983.4-1176.2
  diag: tableau4=D,Five_Diamonds,Four_Clubs,Three_Diamonds
  diag: tableau5.faceScan=rowHeight=5.74,lastWhiteBottom=1468.8,whiteRows=78,minimumRows=7,breakY=1503.2
  diag: tableau5.region=1276.0-1468.8
  diag: tableau5=D,D,D,D,Nine_Clubs,Eight_Diamonds,Seven_Clubs,Six_Diamonds,Five_Clubs,Four_Diamonds
  diag: tableau6.faceScan=rowHeight=5.74,lastWhiteBottom=1371.2,whiteRows=70,minimumRows=7,breakY=1405.7
  diag: tableau6.region=1178.5-1371.2
  diag: tableau6=D,D,D,Eight_Clubs,Seven_Diamonds,Six_Clubs,Five_Diamonds,Four_Clubs
  diag: wasteOcr:relevant=true,ms=40,overlapped=true
  diag: waste=fused-Five-Clubs:FC
  diag: waste-regions=exact:757-895:match-Five-Clubs@0.62,legacy:750-907:match-Five-Clubs@0.71
  diag: waste-rank-scores={Ace=0.3429229, Two=0.35417885, Three=0.41058078, Four=0.3956466, Five=0.45289445, Six=0.36712328, Seven=0.37943697, Eight=0.3860887, Nine=0.40862533, Ten=0.43071964, Jack=0.42036554, Queen=0.41097423, King=0.37914693}
  diag: waste-suit-scores={Clubs=0.82978725, Spades=0.7739177}
  diag: whole@756,503,895,713:ocr='5'@0.62
  diag: waste-ocr-rank=Five
  diag: livePlayScreen=true
  diag: gameFooter=true
  diag: lobbyScreen=false
  diag: knownFaceUp=28
  diag: timing:total=688ms,tableau=511ms[c0=250,c1=11,c2=25,c3=74,c4=51,c5=51,c6=49],scrub=0ms,deckConstraint=1ms,recognize:hits=29,misses=2,missTime=350ms,missReason:newKey=0,fingerprint=2,bounds=0
  recognition:
  slot foundation:0 3D conf=0.79 rank=rank-png-strong@0.79 {3:0.79 J:0.76 8:0.73 4:0.71} suit=suit-png@0.96 {D:0.92 H:0.82} post=[ink-ratio:red=0.1687,black=0.0000,inkRed=true]
  slot foundation:1 2C conf=0.83 rank=rank-png-strong@0.83 {2:0.83 7:0.77 J:0.72 3:0.72} suit=suit-png@0.81 {C:0.81 S:0.74} post=[black-tiebreak:full=C0.81/S0.74,top=C0.58/S0.52,branch=wideMarginDirect->Clubs; ink-ratio:red=0.0000,black=0.1811,inkRed=false]
  slot foundation:2 3S conf=0.79 rank=rank-png-strong@0.79 {3:0.79 J:0.76 8:0.72 4:0.71} suit=suit-png@0.48 {C:0.81 S:0.78} post=[black-tiebreak:full=C0.81/S0.78,top=C0.53/S0.48,shape=Spades@1.08;branch=topClub-strongSpadeShapeOverride->Spades; ink-ratio:red=0.0000,black=0.1605,inkRed=false; black-tiebreak2:full=C0.81/S0.78,top=C0.53/S0.48,shape=Spades@1.08;branch=topClub-strongSpadeShapeOverride->Spades]
  slot tableau:0 KH conf=0.89 rank=rank-png-strong@0.89 {K:0.89 6:0.82 8:0.80 5:0.79} suit=suit-png@0.99 {H:0.95 D:0.81} post=[ink-ratio:red=0.2685,black=0.0000,inkRed=true,inkRegion=header; cascade:firstFaceTop=837.7,bottomTop=937.5,faceUpStep=48.90,geomCount=3,finalCount=3,bottomRank=Jack,leadingRank=King,rankCount=3,diff=0,applied=false,boundary=[not-face-down@faceDownCount=0:teal=0.000,white=0.519,red=0.352,black=0.000],exposedIndex=0,distanceFromBottom=2]
  slot tableau:0:1 QC conf=0.86 rank=rank-png-strong@0.86 {Q:0.86 9:0.75 8:0.72 10:0.71} suit=suit-opencv@0.52 {S:0.91 C:0.89} post=[ocr=miss:empty; ink-ratio:red=0.0000,black=0.3426,inkRed=false,inkRegion=header; post-black-suit:Spades->Clubs; black-tiebreak2:full=C0.66/S0.66,top=C0.74/S0.69,shape=none;branch=topLeaderDirect->Clubs; cascade:firstFaceTop=837.7,bottomTop=937.5,faceUpStep=48.90,geomCount=3,finalCount=3,bottomRank=Jack,leadingRank=King,rankCount=3,diff=0,applied=false,boundary=[not-face-down@faceDownCount=0:teal=0.000,white=0.519,red=0.352,black=0.000],exposedIndex=1,distanceFromBottom=1; deck-constraint:QC~->QC]
  slot tableau:0:2 JH conf=0.83 rank=rank-png-strong@0.83 {J:0.83 4:0.71 7:0.70 3:0.68} suit=suit-png@0.98 {H:0.94 D:0.80} post=[ink-ratio:red=0.1689,black=0.0400,inkRed=true; cascade:firstFaceTop=837.7,bottomTop=937.5,faceUpStep=48.90,geomCount=3,finalCount=3,bottomRank=Jack,leadingRank=King,rankCount=3,diff=0,applied=false,boundary=[not-face-down@faceDownCount=0:teal=0.000,white=0.519,red=0.352,black=0.000]]
  slot tableau:2 KC conf=0.93 rank=rank-png-strong@0.93 {K:0.93 2:0.78 8:0.78 10:0.78} suit=suit-png@0.82 {S:0.90 C:0.88} post=[black-tiebreak:full=C0.88/S0.90,top=C0.82/S0.86,shape=Clubs@0.36;branch=topSpade-clubShapeVetoWins->Clubs; ink-ratio:red=0.0000,black=0.2361,inkRed=false; cascade:firstFaceTop=837.7,bottomTop=840.0,faceUpStep=48.90,geomCount=1,finalCount=1,bottomRank=King,leadingRank=King,rankCount=1,diff=0,applied=false,boundary=[ran-out-of-room]]
  slot tableau:3 KD conf=0.87 rank=rank-png-strong@0.87 {K:0.87 6:0.81 8:0.81 5:0.78} suit=suit-png@0.98 {D:0.94 H:0.84} post=[ink-ratio:red=0.2685,black=0.0000,inkRed=true,inkRegion=header; cascade:firstFaceTop=837.7,bottomTop=1081.0,faceUpStep=48.90,geomCount=6,finalCount=6,bottomRank=Eight,leadingRank=King,rankCount=6,diff=0,applied=false,boundary=[not-face-down@faceDownCount=0:teal=0.000,white=0.667,red=0.333,black=0.000],exposedIndex=0,distanceFromBottom=5]
  slot tableau:3:1 QS conf=0.91 rank=rank-png-strong@0.91 {Q:0.91 9:0.80 8:0.75 6:0.74} suit=suit-png@0.93 {S:0.93 C:0.87} post=[black-tiebreak:full=C0.87/S0.93,top=C0.81/S0.91,branch=wideMarginDirect->Spades; ink-ratio:red=0.0000,black=0.2778,inkRed=false,inkRegion=header; cascade:firstFaceTop=837.7,bottomTop=1081.0,faceUpStep=48.90,geomCount=6,finalCount=6,bottomRank=Eight,leadingRank=King,rankCount=6,diff=0,applied=false,boundary=[not-face-down@faceDownCount=0:teal=0.000,white=0.667,red=0.333,black=0.000],exposedIndex=1,distanceFromBottom=4]
  slot tableau:3:2 JD conf=0.88 rank=rank-png-strong@0.88 {J:0.88 4:0.82 7:0.73 A:0.72} suit=suit-png@0.97 {D:0.93 H:0.85} post=[ocr=miss:empty; ink-ratio:red=0.1759,black=0.0000,inkRed=true,inkRegion=header; cascade:firstFaceTop=837.7,bottomTop=1081.0,faceUpStep=48.90,geomCount=6,finalCount=6,bottomRank=Eight,leadingRank=King,rankCount=6,diff=0,applied=false,boundary=[not-face-down@faceDownCount=0:teal=0.000,white=0.667,red=0.333,black=0.000],exposedIndex=2,distanceFromBottom=3]
  slot tableau:3:3 10S~ conf=0.87 rank=rank-png-strong@0.87 {10:0.87 Q:0.74 8:0.71 9:0.70} suit=suit-png@0.89 {S:0.94 C:0.89} post=[black-tiebreak:full=C0.89/S0.94,top=C0.79/S0.89,shape=none;branch=topLeaderDirect->Spades; ink-ratio:red=0.0000,black=0.2870,inkRed=false,inkRegion=header; cascade:firstFaceTop=837.7,bottomTop=1081.0,faceUpStep=48.90,geomCount=6,finalCount=6,bottomRank=Eight,leadingRank=King,rankCount=6,diff=0,applied=false,boundary=[not-face-down@faceDownCount=0:teal=0.000,white=0.667,red=0.333,black=0.000],exposedIndex=3,distanceFromBottom=2; deck-constraint:10S->10S~]
  slot tableau:3:4 9D~ conf=0.81 rank=rank-png-strong@0.81 {9:0.81 8:0.80 2:0.78 K:0.78} suit=suit-png@0.96 {D:0.92 H:0.87} post=[ink-ratio:red=0.2222,black=0.0000,inkRed=true,inkRegion=header; cascade:firstFaceTop=837.7,bottomTop=1081.0,faceUpStep=48.90,geomCount=6,finalCount=6,bottomRank=Eight,leadingRank=King,rankCount=6,diff=0,applied=false,boundary=[not-face-down@faceDownCount=0:teal=0.000,white=0.667,red=0.333,black=0.000],exposedIndex=4,distanceFromBottom=1; deck-constraint:9D->9D~]
  slot tableau:3:5 8S conf=0.90 rank=rank-png-strong@0.90 {8:0.90 6:0.81 3:0.78 9:0.77} suit=suit-png@0.95 {S:0.95 C:0.88} post=[black-tiebreak:full=C0.88/S0.95,top=C0.79/S0.95,branch=wideMarginDirect->Spades; ink-ratio:red=0.0000,black=0.2200,inkRed=false; cascade:firstFaceTop=837.7,bottomTop=1081.0,faceUpStep=48.90,geomCount=6,finalCount=6,bottomRank=Eight,leadingRank=King,rankCount=6,diff=0,applied=false,boundary=[not-face-down@faceDownCount=0:teal=0.000,white=0.667,red=0.333,black=0.000]]
  slot tableau:4:1 5H conf=0.93 rank=rank-png-strong@0.93 {5:0.93 6:0.82 9:0.79 8:0.79} suit=suit-png@1.01 {H:0.97 D:0.82} post=[ink-ratio:red=0.2222,black=0.0000,inkRed=true,inkRegion=header; cascade:firstFaceTop=882.1,bottomTop=983.4,faceUpStep=48.90,geomCount=3,finalCount=3,bottomRank=Three,leadingRank=Five,rankCount=3,diff=0,applied=false,boundary=[not-face-down@faceDownCount=1:teal=0.000,white=0.685,red=0.259,black=0.000],exposedIndex=0,distanceFromBottom=2]
  slot tableau:4:2 4S conf=0.94 rank=rank-png-strong@0.94 {4:0.94 A:0.87 9:0.74 J:0.74} suit=suit-png@0.97 {S:0.97 C:0.90} post=[black-tiebreak:full=C0.90/S0.97,top=C0.80/S0.98,branch=wideMarginDirect->Spades; ink-ratio:red=0.0000,black=0.1944,inkRed=false,inkRegion=header; cascade:firstFaceTop=882.1,bottomTop=983.4,faceUpStep=48.90,geomCount=3,finalCount=3,bottomRank=Three,leadingRank=Five,rankCount=3,diff=0,applied=false,boundary=[not-face-down@faceDownCount=1:teal=0.000,white=0.685,red=0.259,black=0.000],exposedIndex=1,distanceFromBottom=1]
  slot tableau:4:3 3H conf=0.83 rank=rank-png-strong@0.83 {3:0.83 J:0.77 8:0.76 2:0.73} suit=suit-png@0.99 {H:0.95 D:0.81} post=[ink-ratio:red=0.1911,black=0.0000,inkRed=true; cascade:firstFaceTop=882.1,bottomTop=983.4,faceUpStep=48.90,geomCount=3,finalCount=3,bottomRank=Three,leadingRank=Five,rankCount=3,diff=0,applied=false,boundary=[not-face-down@faceDownCount=1:teal=0.000,white=0.685,red=0.259,black=0.000]]
  slot tableau:5:4 9C~ conf=0.87 rank=rank-png-strong@0.87 {9:0.87 A:0.86 8:0.83 Q:0.82} suit=suit-png@0.93 {C:0.93 S:0.88} post=[black-tiebreak:full=C0.93/S0.88,top=C0.93/S0.82,shape=Spades@1.12;branch=topLeaderDirect->Clubs; ink-ratio:red=0.0000,black=0.1852,inkRed=false,inkRegion=header; cascade:firstFaceTop=1015.1,bottomTop=1276.0,faceUpStep=48.90,geomCount=6,finalCount=6,bottomRank=Four,leadingRank=Nine,rankCount=6,diff=0,applied=false,boundary=[not-face-down@faceDownCount=4:teal=0.315,white=0.593,red=0.000,black=0.056],exposedIndex=0,distanceFromBottom=5; deck-constraint:9C->9C~]
  slot tableau:5:5 8D~ conf=0.87 rank=rank-png-strong@0.87 {8:0.87 A:0.86 9:0.83 4:0.82} suit=suit-png@0.87 {D:0.87 H:0.76} post=[ink-ratio:red=0.1759,black=0.0370,inkRed=true,inkRegion=header; cascade:firstFaceTop=1015.1,bottomTop=1276.0,faceUpStep=48.90,geomCount=6,finalCount=6,bottomRank=Four,leadingRank=Nine,rankCount=6,diff=0,applied=false,boundary=[not-face-down@faceDownCount=4:teal=0.315,white=0.593,red=0.000,black=0.056],exposedIndex=1,distanceFromBottom=4; deck-constraint:8D->8D~]
  slot tableau:5:7 6D~ conf=0.87 rank=rank-png-strong@0.87 {6:0.87 A:0.83 4:0.81 8:0.81} suit=suit-png@0.87 {D:0.87 H:0.76} post=[ink-ratio:red=0.1852,black=0.0185,inkRed=true,inkRegion=header; cascade:firstFaceTop=1015.1,bottomTop=1276.0,faceUpStep=48.90,geomCount=6,finalCount=6,bottomRank=Four,leadingRank=Nine,rankCount=6,diff=0,applied=false,boundary=[not-face-down@faceDownCount=4:teal=0.315,white=0.593,red=0.000,black=0.056],exposedIndex=3,distanceFromBottom=2; deck-constraint:6D->6D~]
  slot tableau:5:8 5C~ conf=0.84 rank=rank-png-strong@0.84 {5:0.84 6:0.83 8:0.80 9:0.80} suit=suit-png@0.79 {C:0.79 D:0.79 H:0.72 S:0.67} post=[ink-ratio:red=0.0278,black=0.1759,inkRed=null,inkRegion=header; cascade:firstFaceTop=1015.1,bottomTop=1276.0,faceUpStep=48.90,geomCount=6,finalCount=6,bottomRank=Four,leadingRank=Nine,rankCount=6,diff=0,applied=false,boundary=[not-face-down@faceDownCount=4:teal=0.315,white=0.593,red=0.000,black=0.056],exposedIndex=4,distanceFromBottom=1; deck-constraint:5C->5C~]
  slot tableau:5:9 4H~ conf=0.89 rank=rank-png-strong@0.89 {4:0.89 A:0.74 J:0.71 8:0.66} suit=suit-png@0.99 {H:0.95 D:0.79} post=[ink-ratio:red=0.1875,black=0.0000,inkRed=true; cascade:firstFaceTop=1015.1,bottomTop=1276.0,faceUpStep=48.90,geomCount=6,finalCount=6,bottomRank=Four,leadingRank=Nine,rankCount=6,diff=0,applied=false,boundary=[not-face-down@faceDownCount=4:teal=0.315,white=0.593,red=0.000,black=0.056]; deck-constraint:4H->4H~]
  slot tableau:6:3 8C conf=0.93 rank=rank-png-strong@0.93 {8:0.93 9:0.84 6:0.83 A:0.83} suit=suit-png@0.91 {C:0.90 S:0.85} post=[black-tiebreak:full=C0.90/S0.85,top=C0.91/S0.83,shape=Spades@0.60;branch=topLeaderDirect->Clubs; ink-ratio:red=0.0000,black=0.2407,inkRed=false,inkRegion=header; cascade:firstFaceTop=970.7,bottomTop=1178.5,faceUpStep=48.90,geomCount=5,finalCount=5,bottomRank=Four,leadingRank=Eight,rankCount=5,diff=0,applied=false,boundary=[not-face-down@faceDownCount=3:teal=0.000,white=0.519,red=0.000,black=0.130],exposedIndex=0,distanceFromBottom=4]
  slot tableau:6:4 7D~ conf=0.95 rank=rank-png-strong@0.95 {7:0.95 2:0.86 3:0.77 J:0.76} suit=suit-png@0.98 {D:0.94 H:0.83} post=[ocr=miss:empty; ink-ratio:red=0.1759,black=0.0556,inkRed=true,inkRegion=header; cascade:firstFaceTop=970.7,bottomTop=1178.5,faceUpStep=48.90,geomCount=5,finalCount=5,bottomRank=Four,leadingRank=Eight,rankCount=5,diff=0,applied=false,boundary=[not-face-down@faceDownCount=3:teal=0.000,white=0.519,red=0.000,black=0.130],exposedIndex=1,distanceFromBottom=3; deck-constraint:7D->7D~]
  slot tableau:6:5 6C~ conf=0.92 rank=rank-png-strong@0.92 {6:0.92 A:0.83 8:0.83 5:0.83} suit=suit-png@0.92 {C:0.90 S:0.86} post=[black-tiebreak:full=C0.90/S0.86,top=C0.92/S0.84,shape=Spades@0.60;branch=topLeaderDirect->Clubs; ink-ratio:red=0.0000,black=0.2500,inkRed=false,inkRegion=header; cascade:firstFaceTop=970.7,bottomTop=1178.5,faceUpStep=48.90,geomCount=5,finalCount=5,bottomRank=Four,leadingRank=Eight,rankCount=5,diff=0,applied=false,boundary=[not-face-down@faceDownCount=3:teal=0.000,white=0.519,red=0.000,black=0.130],exposedIndex=2,distanceFromBottom=2; deck-constraint:6C->6C~]
  slot tableau:6:6 5D conf=0.94 rank=rank-png-strong@0.94 {5:0.94 6:0.83 K:0.81 9:0.80} suit=suit-png@0.96 {D:0.92 H:0.84} post=[ink-ratio:red=0.1574,black=0.0556,inkRed=true,inkRegion=header; cascade:firstFaceTop=970.7,bottomTop=1178.5,faceUpStep=48.90,geomCount=5,finalCount=5,bottomRank=Four,leadingRank=Eight,rankCount=5,diff=0,applied=false,boundary=[not-face-down@faceDownCount=3:teal=0.000,white=0.519,red=0.000,black=0.130],exposedIndex=3,distanceFromBottom=1]
  slot tableau:6:7 4C conf=0.91 rank=rank-png-strong@0.91 {4:0.91 A:0.73 J:0.72 8:0.66} suit=suit-png@0.86 {C:0.90 S:0.89} post=[black-tiebreak:full=C0.90/S0.89,top=C0.86/S0.82,shape=Clubs@0.36;branch=lowTopMargin-shapeLeader->Clubs; ink-ratio:red=0.0000,black=0.2222,inkRed=false; cascade:firstFaceTop=970.7,bottomTop=1178.5,faceUpStep=48.90,geomCount=5,finalCount=5,bottomRank=Four,leadingRank=Eight,rankCount=5,diff=0,applied=false,boundary=[not-face-down@faceDownCount=3:teal=0.000,white=0.519,red=0.000,black=0.130]]
  slot waste 5S conf=0.71 rank=rank-ocr@0.62 {5:0.45 10:0.43 J:0.42 Q:0.41} suit=suit-png@0.83 {C:0.83 S:0.77} post=[waste-fusion:legacy=Five_Clubs,tight=Five_Clubs; whole@756,503,895,713:ocr='5'@0.62; waste-ocr-rank:Five; black-tiebreak:full=C0.83/S0.77,top=C0.65/S0.47,branch=wideMarginDirect->Clubs; ink-ratio:red=0.0000,black=0.1620,inkRed=false; ocr='5'@0.62; ink-ratio:red=0.0000,black=0.1749,inkRed=false; deck-constraint:5C->5S]
18:02:33.357 OUTCOME=ARROW status=Best: Waste -> Foundation 1 score=30.0 (hold-unbalanced,risky-foundation,clear-waste) 233ms conf=0.79 known=28
  frame=1080x2340 elapsed=233ms conf=0.79 knownFaceUp=28
  timing: queueDelay=127ms detect=233ms select=2ms total=362ms
  move=Waste -> Foundation 1 score=30.0 rationale=hold-unbalanced,risky-foundation,clear-waste
  runner-up:
    1. Recycle waste to stock score=-2.0 (recycle)
    2. Foundation 3 -> Tableau 6 score=-47.0 (pull-from-foundation,lookahead+10.0)
    3. Foundation 2 -> Tableau 5 score=-47.0 (pull-from-foundation,lookahead+10.0)
  from=(827,608) to=(85,608)
  signature=Four_Diamonds|Three_Diamonds;Two_Clubs;Three_Spades;-|King_Hearts,Queen_Clubs,Jack_Hearts;;King_Clubs;King_Diamonds,Queen_Spades,Jack_Diamonds,Ten_Spades,Nine_Diamonds,Eight_Spades;D,Five_Hearts,Four_Spades,Three_Hearts;D,D,D,D,Nine_Clubs,Eight_Diamonds,Seven_Clubs,Six_Diamonds,Five_Spades,Four_Hearts;D,D,D,Eight_Clubs,Seven_Diamonds,Six_Clubs,Five_Diamonds,Four_Clubs
  diag: boardConfidence=0.85
  diag: profile=solitaire_smash_s25
  diag: stock=empty-color
  diag: foundation0=match-Three-Diamonds@0.79:TD
  diag: foundation1=match-Two-Clubs@0.83:TC
  diag: foundation2=match-Three-Spades@0.79:TS
  diag: foundation3=empty-color:null
  diag: tableau0.faceScan=rowHeight=5.74,lastWhiteBottom=1130.3,whiteRows=50,minimumRows=7,breakY=1164.7
  diag: tableau0.region=937.5-1130.3
  diag: tableau0=King_Diamonds,Queen_Clubs,Jack_Diamonds
  diag: tableau1.faceScan=rowHeight=5.74,lastWhiteBottom=1027.0,whiteRows=1,minimumRows=7,breakY=1061.5
  diag: tableau1=
  diag: tableau2.faceScan=rowHeight=5.74,lastWhiteBottom=1032.8,whiteRows=34,minimumRows=7,breakY=1067.2
  diag: tableau2.region=840.0-1032.8
  diag: tableau2=King_Clubs
  diag: tableau3.faceScan=rowHeight=5.74,lastWhiteBottom=1273.7,whiteRows=73,minimumRows=7,breakY=1308.1
  diag: tableau3.region=1081.0-1273.7
  diag: tableau3=King_Diamonds,Queen_Clubs,Jack_Diamonds,Ten_Clubs,Nine_Diamonds,Eight_Clubs
  diag: tableau4.faceScan=rowHeight=5.74,lastWhiteBottom=1176.2,whiteRows=51,minimumRows=7,breakY=1210.6
  diag: tableau4.region=983.4-1176.2
  diag: tableau4=D,Five_Diamonds,Four_Clubs,Three_Diamonds
  diag: tableau5.faceScan=rowHeight=5.74,lastWhiteBottom=1468.8,whiteRows=78,minimumRows=7,breakY=1503.2
  diag: tableau5.region=1276.0-1468.8
  diag: tableau5=D,D,D,D,Nine_Clubs,Eight_Diamonds,Seven_Clubs,Six_Diamonds,Five_Clubs,Four_Diamonds
  diag: tableau6.faceScan=rowHeight=5.74,lastWhiteBottom=1371.2,whiteRows=70,minimumRows=7,breakY=1405.7
  diag: tableau6.region=1178.5-1371.2
  diag: tableau6=D,D,D,Eight_Clubs,Seven_Diamonds,Six_Clubs,Five_Diamonds,Four_Clubs
  diag: wasteOcr:relevant=true,ms=25,overlapped=true
  diag: waste=fused-Four-Diamonds:FD
  diag: waste-regions=exact:758-896:match-Four-Diamonds@0.69,legacy:750-907:match-Four-Diamonds@0.69
  diag: waste-rank-scores={Ace=0.35915917, Two=0.35897437, Three=0.44657862, Four=0.33310947, Five=0.48075783, Six=0.42318514, Seven=0.23702754, Eight=0.4408602, Nine=0.4276094, Ten=0.4114671, Jack=0.43591502, Queen=0.47044632, King=0.36144578}
  diag: waste-suit-scores={Hearts=0.82270217, Diamonds=0.9543039}
  diag: whole@757,503,896,713:ocr='4'@0.62
  diag: waste-ocr-rank=Four
  diag: livePlayScreen=true
  diag: gameFooter=true
  diag: lobbyScreen=false
  diag: knownFaceUp=28
  diag: timing:total=231ms,tableau=329ms[c0=142,c1=11,c2=23,c3=35,c4=24,c5=50,c6=44],scrub=2ms,deckConstraint=1ms,recognize:hits=29,misses=1,missTime=67ms,missReason:newKey=0,fingerprint=1,bounds=0
  recognition:
  slot foundation:0 3D conf=0.79 rank=rank-png-strong@0.79 {3:0.79 J:0.76 8:0.73 4:0.71} suit=suit-png@0.96 {D:0.92 H:0.82} post=[ink-ratio:red=0.1687,black=0.0000,inkRed=true]
  slot foundation:1 2C conf=0.83 rank=rank-png-strong@0.83 {2:0.83 7:0.77 J:0.72 3:0.72} suit=suit-png@0.81 {C:0.81 S:0.74} post=[black-tiebreak:full=C0.81/S0.74,top=C0.58/S0.52,branch=wideMarginDirect->Clubs; ink-ratio:red=0.0000,black=0.1811,inkRed=false]
  slot foundation:2 3S conf=0.79 rank=rank-png-strong@0.79 {3:0.79 J:0.76 8:0.72 4:0.71} suit=suit-png@0.48 {C:0.81 S:0.78} post=[black-tiebreak:full=C0.81/S0.78,top=C0.53/S0.48,shape=Spades@1.08;branch=topClub-strongSpadeShapeOverride->Spades; ink-ratio:red=0.0000,black=0.1605,inkRed=false; black-tiebreak2:full=C0.81/S0.78,top=C0.53/S0.48,shape=Spades@1.08;branch=topClub-strongSpadeShapeOverride->Spades]
  slot tableau:0 KH conf=0.89 rank=rank-png-strong@0.89 {K:0.89 6:0.82 8:0.80 5:0.79} suit=suit-png@0.99 {H:0.95 D:0.81} post=[ink-ratio:red=0.2685,black=0.0000,inkRed=true,inkRegion=header; cascade:firstFaceTop=837.7,bottomTop=937.5,faceUpStep=48.90,geomCount=3,finalCount=3,bottomRank=Jack,leadingRank=King,rankCount=3,diff=0,applied=false,boundary=[not-face-down@faceDownCount=0:teal=0.000,white=0.519,red=0.352,black=0.000],exposedIndex=0,distanceFromBottom=2]
  slot tableau:0:1 QC conf=0.86 rank=rank-png-strong@0.86 {Q:0.86 9:0.75 8:0.72 10:0.71} suit=suit-opencv@0.52 {S:0.91 C:0.89} post=[ocr=miss:empty; ink-ratio:red=0.0000,black=0.3426,inkRed=false,inkRegion=header; post-black-suit:Spades->Clubs; black-tiebreak2:full=C0.66/S0.66,top=C0.74/S0.69,shape=none;branch=topLeaderDirect->Clubs; cascade:firstFaceTop=837.7,bottomTop=937.5,faceUpStep=48.90,geomCount=3,finalCount=3,bottomRank=Jack,leadingRank=King,rankCount=3,diff=0,applied=false,boundary=[not-face-down@faceDownCount=0:teal=0.000,white=0.519,red=0.352,black=0.000],exposedIndex=1,distanceFromBottom=1; deck-constraint:QC~->QC]
  slot tableau:0:2 JH conf=0.83 rank=rank-png-strong@0.83 {J:0.83 4:0.71 7:0.70 3:0.68} suit=suit-png@0.98 {H:0.94 D:0.80} post=[ink-ratio:red=0.1689,black=0.0400,inkRed=true; cascade:firstFaceTop=837.7,bottomTop=937.5,faceUpStep=48.90,geomCount=3,finalCount=3,bottomRank=Jack,leadingRank=King,rankCount=3,diff=0,applied=false,boundary=[not-face-down@faceDownCount=0:teal=0.000,white=0.519,red=0.352,black=0.000]]
  slot tableau:2 KC conf=0.93 rank=rank-png-strong@0.93 {K:0.93 2:0.78 8:0.78 10:0.78} suit=suit-png@0.82 {S:0.90 C:0.88} post=[black-tiebreak:full=C0.88/S0.90,top=C0.82/S0.86,shape=Clubs@0.36;branch=topSpade-clubShapeVetoWins->Clubs; ink-ratio:red=0.0000,black=0.2361,inkRed=false; cascade:firstFaceTop=837.7,bottomTop=840.0,faceUpStep=48.90,geomCount=1,finalCount=1,bottomRank=King,leadingRank=King,rankCount=1,diff=0,applied=false,boundary=[ran-out-of-room]]
  slot tableau:3 KD conf=0.87 rank=rank-png-strong@0.87 {K:0.87 6:0.81 8:0.81 5:0.78} suit=suit-png@0.98 {D:0.94 H:0.84} post=[ink-ratio:red=0.2685,black=0.0000,inkRed=true,inkRegion=header; cascade:firstFaceTop=837.7,bottomTop=1081.0,faceUpStep=48.90,geomCount=6,finalCount=6,bottomRank=Eight,leadingRank=King,rankCount=6,diff=0,applied=false,boundary=[not-face-down@faceDownCount=0:teal=0.000,white=0.667,red=0.333,black=0.000],exposedIndex=0,distanceFromBottom=5]
  slot tableau:3:1 QS conf=0.91 rank=rank-png-strong@0.91 {Q:0.91 9:0.80 8:0.75 6:0.74} suit=suit-png@0.93 {S:0.93 C:0.87} post=[black-tiebreak:full=C0.87/S0.93,top=C0.81/S0.91,branch=wideMarginDirect->Spades; ink-ratio:red=0.0000,black=0.2778,inkRed=false,inkRegion=header; cascade:firstFaceTop=837.7,bottomTop=1081.0,faceUpStep=48.90,geomCount=6,finalCount=6,bottomRank=Eight,leadingRank=King,rankCount=6,diff=0,applied=false,boundary=[not-face-down@faceDownCount=0:teal=0.000,white=0.667,red=0.333,black=0.000],exposedIndex=1,distanceFromBottom=4]
  slot tableau:3:2 JD conf=0.88 rank=rank-png-strong@0.88 {J:0.88 4:0.82 7:0.73 A:0.72} suit=suit-png@0.97 {D:0.93 H:0.85} post=[ocr=miss:empty; ink-ratio:red=0.1759,black=0.0000,inkRed=true,inkRegion=header; cascade:firstFaceTop=837.7,bottomTop=1081.0,faceUpStep=48.90,geomCount=6,finalCount=6,bottomRank=Eight,leadingRank=King,rankCount=6,diff=0,applied=false,boundary=[not-face-down@faceDownCount=0:teal=0.000,white=0.667,red=0.333,black=0.000],exposedIndex=2,distanceFromBottom=3]
  slot tableau:3:3 10S~ conf=0.87 rank=rank-png-strong@0.87 {10:0.87 Q:0.74 8:0.71 9:0.70} suit=suit-png@0.89 {S:0.94 C:0.89} post=[black-tiebreak:full=C0.89/S0.94,top=C0.79/S0.89,shape=none;branch=topLeaderDirect->Spades; ink-ratio:red=0.0000,black=0.2870,inkRed=false,inkRegion=header; cascade:firstFaceTop=837.7,bottomTop=1081.0,faceUpStep=48.90,geomCount=6,finalCount=6,bottomRank=Eight,leadingRank=King,rankCount=6,diff=0,applied=false,boundary=[not-face-down@faceDownCount=0:teal=0.000,white=0.667,red=0.333,black=0.000],exposedIndex=3,distanceFromBottom=2; deck-constraint:10S->10S~]
  slot tableau:3:4 9D~ conf=0.81 rank=rank-png-strong@0.81 {9:0.81 8:0.80 2:0.78 K:0.78} suit=suit-png@0.96 {D:0.92 H:0.87} post=[ink-ratio:red=0.2222,black=0.0000,inkRed=true,inkRegion=header; cascade:firstFaceTop=837.7,bottomTop=1081.0,faceUpStep=48.90,geomCount=6,finalCount=6,bottomRank=Eight,leadingRank=King,rankCount=6,diff=0,applied=false,boundary=[not-face-down@faceDownCount=0:teal=0.000,white=0.667,red=0.333,black=0.000],exposedIndex=4,distanceFromBottom=1; deck-constraint:9D->9D~]
  slot tableau:3:5 8S conf=0.90 rank=rank-png-strong@0.90 {8:0.90 6:0.81 3:0.78 9:0.77} suit=suit-png@0.95 {S:0.95 C:0.88} post=[black-tiebreak:full=C0.88/S0.95,top=C0.79/S0.95,branch=wideMarginDirect->Spades; ink-ratio:red=0.0000,black=0.2200,inkRed=false; cascade:firstFaceTop=837.7,bottomTop=1081.0,faceUpStep=48.90,geomCount=6,finalCount=6,bottomRank=Eight,leadingRank=King,rankCount=6,diff=0,applied=false,boundary=[not-face-down@faceDownCount=0:teal=0.000,white=0.667,red=0.333,black=0.000]]
  slot tableau:4:1 5H conf=0.93 rank=rank-png-strong@0.93 {5:0.93 6:0.82 9:0.79 8:0.79} suit=suit-png@1.01 {H:0.97 D:0.82} post=[ink-ratio:red=0.2222,black=0.0000,inkRed=true,inkRegion=header; cascade:firstFaceTop=882.1,bottomTop=983.4,faceUpStep=48.90,geomCount=3,finalCount=3,bottomRank=Three,leadingRank=Five,rankCount=3,diff=0,applied=false,boundary=[not-face-down@faceDownCount=1:teal=0.000,white=0.685,red=0.259,black=0.000],exposedIndex=0,distanceFromBottom=2]
  slot tableau:4:2 4S conf=0.94 rank=rank-png-strong@0.94 {4:0.94 A:0.87 9:0.74 J:0.74} suit=suit-png@0.97 {S:0.97 C:0.90} post=[black-tiebreak:full=C0.90/S0.97,top=C0.80/S0.98,branch=wideMarginDirect->Spades; ink-ratio:red=0.0000,black=0.1944,inkRed=false,inkRegion=header; cascade:firstFaceTop=882.1,bottomTop=983.4,faceUpStep=48.90,geomCount=3,finalCount=3,bottomRank=Three,leadingRank=Five,rankCount=3,diff=0,applied=false,boundary=[not-face-down@faceDownCount=1:teal=0.000,white=0.685,red=0.259,black=0.000],exposedIndex=1,distanceFromBottom=1]
  slot tableau:4:3 3H conf=0.83 rank=rank-png-strong@0.83 {3:0.83 J:0.77 8:0.76 2:0.73} suit=suit-png@0.99 {H:0.95 D:0.81} post=[ink-ratio:red=0.1911,black=0.0000,inkRed=true; cascade:firstFaceTop=882.1,bottomTop=983.4,faceUpStep=48.90,geomCount=3,finalCount=3,bottomRank=Three,leadingRank=Five,rankCount=3,diff=0,applied=false,boundary=[not-face-down@faceDownCount=1:teal=0.000,white=0.685,red=0.259,black=0.000]]
  slot tableau:5:4 9C~ conf=0.87 rank=rank-png-strong@0.87 {9:0.87 A:0.86 8:0.83 Q:0.82} suit=suit-png@0.93 {C:0.93 S:0.88} post=[black-tiebreak:full=C0.93/S0.88,top=C0.93/S0.82,shape=Spades@1.12;branch=topLeaderDirect->Clubs; ink-ratio:red=0.0000,black=0.1852,inkRed=false,inkRegion=header; cascade:firstFaceTop=1015.1,bottomTop=1276.0,faceUpStep=48.90,geomCount=6,finalCount=6,bottomRank=Four,leadingRank=Nine,rankCount=6,diff=0,applied=false,boundary=[not-face-down@faceDownCount=4:teal=0.315,white=0.593,red=0.000,black=0.056],exposedIndex=0,distanceFromBottom=5; deck-constraint:9C->9C~]
  slot tableau:5:5 8D~ conf=0.87 rank=rank-png-strong@0.87 {8:0.87 A:0.86 9:0.83 4:0.82} suit=suit-png@0.87 {D:0.87 H:0.76} post=[ink-ratio:red=0.1759,black=0.0370,inkRed=true,inkRegion=header; cascade:firstFaceTop=1015.1,bottomTop=1276.0,faceUpStep=48.90,geomCount=6,finalCount=6,bottomRank=Four,leadingRank=Nine,rankCount=6,diff=0,applied=false,boundary=[not-face-down@faceDownCount=4:teal=0.315,white=0.593,red=0.000,black=0.056],exposedIndex=1,distanceFromBottom=4; deck-constraint:8D->8D~]
  slot tableau:5:7 6D~ conf=0.87 rank=rank-png-strong@0.87 {6:0.87 A:0.83 4:0.81 8:0.81} suit=suit-png@0.87 {D:0.87 H:0.76} post=[ink-ratio:red=0.1852,black=0.0185,inkRed=true,inkRegion=header; cascade:firstFaceTop=1015.1,bottomTop=1276.0,faceUpStep=48.90,geomCount=6,finalCount=6,bottomRank=Four,leadingRank=Nine,rankCount=6,diff=0,applied=false,boundary=[not-face-down@faceDownCount=4:teal=0.315,white=0.593,red=0.000,black=0.056],exposedIndex=3,distanceFromBottom=2; deck-constraint:6D->6D~]
  slot tableau:5:8 5C~ conf=0.84 rank=rank-png-strong@0.84 {5:0.84 6:0.83 8:0.80 9:0.80} suit=suit-png@0.79 {C:0.79 D:0.79 H:0.72 S:0.67} post=[ink-ratio:red=0.0278,black=0.1759,inkRed=null,inkRegion=header; cascade:firstFaceTop=1015.1,bottomTop=1276.0,faceUpStep=48.90,geomCount=6,finalCount=6,bottomRank=Four,leadingRank=Nine,rankCount=6,diff=0,applied=false,boundary=[not-face-down@faceDownCount=4:teal=0.315,white=0.593,red=0.000,black=0.056],exposedIndex=4,distanceFromBottom=1; deck-constraint:5C->5C~]
  slot tableau:5:9 4H conf=0.89 rank=rank-png-strong@0.89 {4:0.89 A:0.74 J:0.71 8:0.66} suit=suit-png@0.99 {H:0.95 D:0.79} post=[ink-ratio:red=0.1875,black=0.0000,inkRed=true; cascade:firstFaceTop=1015.1,bottomTop=1276.0,faceUpStep=48.90,geomCount=6,finalCount=6,bottomRank=Four,leadingRank=Nine,rankCount=6,diff=0,applied=false,boundary=[not-face-down@faceDownCount=4:teal=0.315,white=0.593,red=0.000,black=0.056]]
  slot tableau:6:3 8C conf=0.93 rank=rank-png-strong@0.93 {8:0.93 9:0.84 6:0.83 A:0.83} suit=suit-png@0.91 {C:0.90 S:0.85} post=[black-tiebreak:full=C0.90/S0.85,top=C0.91/S0.83,shape=Spades@0.60;branch=topLeaderDirect->Clubs; ink-ratio:red=0.0000,black=0.2407,inkRed=false,inkRegion=header; cascade:firstFaceTop=970.7,bottomTop=1178.5,faceUpStep=48.90,geomCount=5,finalCount=5,bottomRank=Four,leadingRank=Eight,rankCount=5,diff=0,applied=false,boundary=[not-face-down@faceDownCount=3:teal=0.000,white=0.519,red=0.000,black=0.130],exposedIndex=0,distanceFromBottom=4]
  slot tableau:6:4 7D~ conf=0.95 rank=rank-png-strong@0.95 {7:0.95 2:0.86 3:0.77 J:0.76} suit=suit-png@0.98 {D:0.94 H:0.83} post=[ocr=miss:empty; ink-ratio:red=0.1759,black=0.0556,inkRed=true,inkRegion=header; cascade:firstFaceTop=970.7,bottomTop=1178.5,faceUpStep=48.90,geomCount=5,finalCount=5,bottomRank=Four,leadingRank=Eight,rankCount=5,diff=0,applied=false,boundary=[not-face-down@faceDownCount=3:teal=0.000,white=0.519,red=0.000,black=0.130],exposedIndex=1,distanceFromBottom=3; deck-constraint:7D->7D~]
  slot tableau:6:5 6C~ conf=0.92 rank=rank-png-strong@0.92 {6:0.92 A:0.83 8:0.83 5:0.83} suit=suit-png@0.92 {C:0.90 S:0.86} post=[black-tiebreak:full=C0.90/S0.86,top=C0.92/S0.84,shape=Spades@0.60;branch=topLeaderDirect->Clubs; ink-ratio:red=0.0000,black=0.2500,inkRed=false,inkRegion=header; cascade:firstFaceTop=970.7,bottomTop=1178.5,faceUpStep=48.90,geomCount=5,finalCount=5,bottomRank=Four,leadingRank=Eight,rankCount=5,diff=0,applied=false,boundary=[not-face-down@faceDownCount=3:teal=0.000,white=0.519,red=0.000,black=0.130],exposedIndex=2,distanceFromBottom=2; deck-constraint:6C->6C~]
  slot tableau:6:6 5D conf=0.94 rank=rank-png-strong@0.94 {5:0.94 6:0.83 K:0.81 9:0.80} suit=suit-png@0.96 {D:0.92 H:0.84} post=[ink-ratio:red=0.1574,black=0.0556,inkRed=true,inkRegion=header; cascade:firstFaceTop=970.7,bottomTop=1178.5,faceUpStep=48.90,geomCount=5,finalCount=5,bottomRank=Four,leadingRank=Eight,rankCount=5,diff=0,applied=false,boundary=[not-face-down@faceDownCount=3:teal=0.000,white=0.519,red=0.000,black=0.130],exposedIndex=3,distanceFromBottom=1]
  slot tableau:6:7 4C conf=0.91 rank=rank-png-strong@0.91 {4:0.91 A:0.73 J:0.72 8:0.66} suit=suit-png@0.86 {C:0.90 S:0.89} post=[black-tiebreak:full=C0.90/S0.89,top=C0.86/S0.82,shape=Clubs@0.36;branch=lowTopMargin-shapeLeader->Clubs; ink-ratio:red=0.0000,black=0.2222,inkRed=false; cascade:firstFaceTop=970.7,bottomTop=1178.5,faceUpStep=48.90,geomCount=5,finalCount=5,bottomRank=Four,leadingRank=Eight,rankCount=5,diff=0,applied=false,boundary=[not-face-down@faceDownCount=3:teal=0.000,white=0.519,red=0.000,black=0.130]]
  slot waste 4D conf=0.69 rank=rank-opencv@0.69 {5:0.48 Q:0.47 3:0.45 8:0.44} suit=suit-png@0.99 {D:0.95 H:0.82} post=[waste-fusion:legacy=Four_Diamonds,tight=Four_Diamonds; whole@757,503,896,713:ocr='4'@0.62; waste-ocr-rank:Four; ink-ratio:red=0.1481,black=0.0000,inkRed=true]
18:02:34.892 HOLD prev=Waste -> Foundation 1 vanished from ranked (raw=Recycle waste to stock streak=1/2)
18:02:35.208 OUTCOME=ARROW status=Best: Recycle waste to stock score=-2.0 (recycle) 314ms conf=0.81 known=28
  frame=1080x2340 elapsed=314ms conf=0.81 knownFaceUp=28
  timing: queueDelay=18ms detect=314ms select=2ms total=334ms
  move=Recycle waste to stock score=-2.0 rationale=recycle
  runner-up:
    1. Foundation 3 -> Tableau 6 score=-57.0 (pull-from-foundation)
    2. Foundation 2 -> Tableau 5 score=-57.0 (pull-from-foundation)
    3. Tableau 5 -> Tableau 7 score=-207.0 (defer-no-reveal-stack,lookahead+10.0,reversible)
  from=(991,608) to=(826,608)
  signature=Two_Hearts|Four_Diamonds;Two_Clubs;Three_Spades;-|King_Hearts,Queen_Clubs,Jack_Hearts;;King_Clubs;King_Diamonds,Queen_Spades,Jack_Diamonds,Ten_Spades,Nine_Diamonds,Eight_Spades;D,Five_Hearts,Four_Spades,Three_Hearts;D,D,D,D,Nine_Clubs,Eight_Diamonds,Seven_Clubs,Six_Diamonds,Five_Spades,Four_Hearts;D,D,D,Eight_Clubs,Seven_Diamonds,Six_Clubs,Five_Diamonds,Four_Clubs
  diag: boardConfidence=0.85
  diag: profile=solitaire_smash_s25
  diag: stock=empty-color
  diag: foundation0=match-Four-Diamonds@0.90:FD
  diag: foundation1=match-Two-Clubs@0.83:TC
  diag: foundation2=match-Three-Spades@0.79:TS
  diag: foundation3=empty-color:null
  diag: tableau0.faceScan=rowHeight=5.74,lastWhiteBottom=1130.3,whiteRows=50,minimumRows=7,breakY=1164.7
  diag: tableau0.region=937.5-1130.3
  diag: tableau0=King_Diamonds,Queen_Clubs,Jack_Diamonds
  diag: tableau1.faceScan=rowHeight=5.74,lastWhiteBottom=1027.0,whiteRows=1,minimumRows=7,breakY=1061.5
  diag: tableau1=
  diag: tableau2.faceScan=rowHeight=5.74,lastWhiteBottom=1032.8,whiteRows=34,minimumRows=7,breakY=1067.2
  diag: tableau2.region=840.0-1032.8
  diag: tableau2=King_Clubs
  diag: tableau3.faceScan=rowHeight=5.74,lastWhiteBottom=1273.7,whiteRows=73,minimumRows=7,breakY=1308.1
  diag: tableau3.region=1081.0-1273.7
  diag: tableau3=King_Diamonds,Queen_Clubs,Jack_Diamonds,Ten_Clubs,Nine_Diamonds,Eight_Clubs
  diag: tableau4.faceScan=rowHeight=5.74,lastWhiteBottom=1176.2,whiteRows=51,minimumRows=7,breakY=1210.6
  diag: tableau4.region=983.4-1176.2
  diag: tableau4=D,Five_Diamonds,Four_Clubs,Three_Diamonds
  diag: tableau5.faceScan=rowHeight=5.74,lastWhiteBottom=1468.8,whiteRows=78,minimumRows=7,breakY=1503.2
  diag: tableau5.region=1276.0-1468.8
  diag: tableau5=D,D,D,D,Nine_Clubs,Eight_Diamonds,Seven_Clubs,Six_Diamonds,Five_Clubs,Four_Diamonds
  diag: tableau6.faceScan=rowHeight=5.74,lastWhiteBottom=1371.2,whiteRows=70,minimumRows=7,breakY=1405.7
  diag: tableau6.region=1178.5-1371.2
  diag: tableau6=D,D,D,Eight_Clubs,Seven_Diamonds,Six_Clubs,Five_Diamonds,Four_Clubs
  diag: wasteOcr:relevant=true,ms=1,overlapped=false
  diag: waste=fused-Two-Hearts:TH
  diag: waste-regions=exact:757-895:match-Two-Hearts@0.62,legacy:750-907:match-Two-Hearts@0.76
  diag: waste-rank-scores={Ace=0.45088017, Two=0.39446366, Three=0.38706017, Four=0.40894148, Five=0.4257703, Six=0.37886873, Seven=0.33313218, Eight=0.37717122, Nine=0.3993644, Ten=0.43274853, Jack=0.40771705, Queen=0.49776286, King=0.46153846}
  diag: waste-suit-scores={Hearts=0.9632986, Diamonds=0.87304157}
  diag: whole@756,503,895,713:ocr=miss:empty;corner@756,503,817,566:ocr=miss:empty;whole@749,503,907,713:ocr=miss:empty;corner@749,503,819,566:ocr=miss:empty;whole@707,503,845,713:ocr='5'@0.62
  diag: livePlayScreen=true
  diag: gameFooter=true
  diag: lobbyScreen=false
  diag: knownFaceUp=28
  diag: timing:total=294ms,tableau=337ms[c0=153,c1=2,c2=8,c3=73,c4=9,c5=67,c6=26],scrub=0ms,deckConstraint=1ms,recognize:hits=31,misses=0,missTime=0ms,missReason:newKey=0,fingerprint=0,bounds=0
  recognition:
  slot foundation:0 4D conf=0.90 rank=rank-png-strong@0.90 {4:0.90 A:0.72 J:0.68 8:0.63} suit=suit-png@0.96 {D:0.92 H:0.82} post=[ink-ratio:red=0.1584,black=0.0000,inkRed=true]
  slot foundation:1 2C conf=0.83 rank=rank-png-strong@0.83 {2:0.83 7:0.77 J:0.72 3:0.72} suit=suit-png@0.81 {C:0.81 S:0.74} post=[black-tiebreak:full=C0.81/S0.74,top=C0.58/S0.52,branch=wideMarginDirect->Clubs; ink-ratio:red=0.0000,black=0.1811,inkRed=false]
  slot foundation:2 3S conf=0.79 rank=rank-png-strong@0.79 {3:0.79 J:0.76 8:0.72 4:0.71} suit=suit-png@0.48 {C:0.81 S:0.78} post=[black-tiebreak:full=C0.81/S0.78,top=C0.53/S0.48,shape=Spades@1.08;branch=topClub-strongSpadeShapeOverride->Spades; ink-ratio:red=0.0000,black=0.1605,inkRed=false; black-tiebreak2:full=C0.81/S0.78,top=C0.53/S0.48,shape=Spades@1.08;branch=topClub-strongSpadeShapeOverride->Spades]
  slot tableau:0 KH conf=0.89 rank=rank-png-strong@0.89 {K:0.89 6:0.82 8:0.80 5:0.79} suit=suit-png@0.99 {H:0.95 D:0.81} post=[ink-ratio:red=0.2685,black=0.0000,inkRed=true,inkRegion=header; cascade:firstFaceTop=837.7,bottomTop=937.5,faceUpStep=48.90,geomCount=3,finalCount=3,bottomRank=Jack,leadingRank=King,rankCount=3,diff=0,applied=false,boundary=[not-face-down@faceDownCount=0:teal=0.000,white=0.519,red=0.352,black=0.000],exposedIndex=0,distanceFromBottom=2]
  slot tableau:0:1 QC conf=0.86 rank=rank-png-strong@0.86 {Q:0.86 9:0.75 8:0.72 10:0.71} suit=suit-opencv@0.52 {S:0.91 C:0.89} post=[ocr=miss:empty; ink-ratio:red=0.0000,black=0.3426,inkRed=false,inkRegion=header; post-black-suit:Spades->Clubs; black-tiebreak2:full=C0.66/S0.66,top=C0.74/S0.69,shape=none;branch=topLeaderDirect->Clubs; cascade:firstFaceTop=837.7,bottomTop=937.5,faceUpStep=48.90,geomCount=3,finalCount=3,bottomRank=Jack,leadingRank=King,rankCount=3,diff=0,applied=false,boundary=[not-face-down@faceDownCount=0:teal=0.000,white=0.519,red=0.352,black=0.000],exposedIndex=1,distanceFromBottom=1; deck-constraint:QC~->QC]
  slot tableau:0:2 JH conf=0.83 rank=rank-png-strong@0.83 {J:0.83 4:0.71 7:0.70 3:0.68} suit=suit-png@0.98 {H:0.94 D:0.80} post=[ink-ratio:red=0.1689,black=0.0400,inkRed=true; cascade:firstFaceTop=837.7,bottomTop=937.5,faceUpStep=48.90,geomCount=3,finalCount=3,bottomRank=Jack,leadingRank=King,rankCount=3,diff=0,applied=false,boundary=[not-face-down@faceDownCount=0:teal=0.000,white=0.519,red=0.352,black=0.000]]
  slot tableau:2 KC conf=0.93 rank=rank-png-strong@0.93 {K:0.93 2:0.78 8:0.78 10:0.78} suit=suit-png@0.82 {S:0.90 C:0.88} post=[black-tiebreak:full=C0.88/S0.90,top=C0.82/S0.86,shape=Clubs@0.36;branch=topSpade-clubShapeVetoWins->Clubs; ink-ratio:red=0.0000,black=0.2361,inkRed=false; cascade:firstFaceTop=837.7,bottomTop=840.0,faceUpStep=48.90,geomCount=1,finalCount=1,bottomRank=King,leadingRank=King,rankCount=1,diff=0,applied=false,boundary=[ran-out-of-room]]
  slot tableau:3 KD conf=0.87 rank=rank-png-strong@0.87 {K:0.87 6:0.81 8:0.81 5:0.78} suit=suit-png@0.98 {D:0.94 H:0.84} post=[ink-ratio:red=0.2685,black=0.0000,inkRed=true,inkRegion=header; cascade:firstFaceTop=837.7,bottomTop=1081.0,faceUpStep=48.90,geomCount=6,finalCount=6,bottomRank=Eight,leadingRank=King,rankCount=6,diff=0,applied=false,boundary=[not-face-down@faceDownCount=0:teal=0.000,white=0.667,red=0.333,black=0.000],exposedIndex=0,distanceFromBottom=5]
  slot tableau:3:1 QS conf=0.91 rank=rank-png-strong@0.91 {Q:0.91 9:0.80 8:0.75 6:0.74} suit=suit-png@0.93 {S:0.93 C:0.87} post=[black-tiebreak:full=C0.87/S0.93,top=C0.81/S0.91,branch=wideMarginDirect->Spades; ink-ratio:red=0.0000,black=0.2778,inkRed=false,inkRegion=header; cascade:firstFaceTop=837.7,bottomTop=1081.0,faceUpStep=48.90,geomCount=6,finalCount=6,bottomRank=Eight,leadingRank=King,rankCount=6,diff=0,applied=false,boundary=[not-face-down@faceDownCount=0:teal=0.000,white=0.667,red=0.333,black=0.000],exposedIndex=1,distanceFromBottom=4]
  slot tableau:3:2 JD conf=0.88 rank=rank-png-strong@0.88 {J:0.88 4:0.82 7:0.73 A:0.72} suit=suit-png@0.97 {D:0.93 H:0.85} post=[ocr=miss:empty; ink-ratio:red=0.1759,black=0.0000,inkRed=true,inkRegion=header; cascade:firstFaceTop=837.7,bottomTop=1081.0,faceUpStep=48.90,geomCount=6,finalCount=6,bottomRank=Eight,leadingRank=King,rankCount=6,diff=0,applied=false,boundary=[not-face-down@faceDownCount=0:teal=0.000,white=0.667,red=0.333,black=0.000],exposedIndex=2,distanceFromBottom=3]
  slot tableau:3:3 10S~ conf=0.87 rank=rank-png-strong@0.87 {10:0.87 Q:0.74 8:0.71 9:0.70} suit=suit-png@0.89 {S:0.94 C:0.89} post=[black-tiebreak:full=C0.89/S0.94,top=C0.79/S0.89,shape=none;branch=topLeaderDirect->Spades; ink-ratio:red=0.0000,black=0.2870,inkRed=false,inkRegion=header; cascade:firstFaceTop=837.7,bottomTop=1081.0,faceUpStep=48.90,geomCount=6,finalCount=6,bottomRank=Eight,leadingRank=King,rankCount=6,diff=0,applied=false,boundary=[not-face-down@faceDownCount=0:teal=0.000,white=0.667,red=0.333,black=0.000],exposedIndex=3,distanceFromBottom=2; deck-constraint:10S->10S~]
  slot tableau:3:4 9D~ conf=0.81 rank=rank-png-strong@0.81 {9:0.81 8:0.80 2:0.78 K:0.78} suit=suit-png@0.96 {D:0.92 H:0.87} post=[ink-ratio:red=0.2222,black=0.0000,inkRed=true,inkRegion=header; cascade:firstFaceTop=837.7,bottomTop=1081.0,faceUpStep=48.90,geomCount=6,finalCount=6,bottomRank=Eight,leadingRank=King,rankCount=6,diff=0,applied=false,boundary=[not-face-down@faceDownCount=0:teal=0.000,white=0.667,red=0.333,black=0.000],exposedIndex=4,distanceFromBottom=1; deck-constraint:9D->9D~]
  slot tableau:3:5 8S conf=0.90 rank=rank-png-strong@0.90 {8:0.90 6:0.81 3:0.78 9:0.77} suit=suit-png@0.95 {S:0.95 C:0.88} post=[black-tiebreak:full=C0.88/S0.95,top=C0.79/S0.95,branch=wideMarginDirect->Spades; ink-ratio:red=0.0000,black=0.2200,inkRed=false; cascade:firstFaceTop=837.7,bottomTop=1081.0,faceUpStep=48.90,geomCount=6,finalCount=6,bottomRank=Eight,leadingRank=King,rankCount=6,diff=0,applied=false,boundary=[not-face-down@faceDownCount=0:teal=0.000,white=0.667,red=0.333,black=0.000]]
  slot tableau:4:1 5H conf=0.93 rank=rank-png-strong@0.93 {5:0.93 6:0.82 9:0.79 8:0.79} suit=suit-png@1.01 {H:0.97 D:0.82} post=[ink-ratio:red=0.2222,black=0.0000,inkRed=true,inkRegion=header; cascade:firstFaceTop=882.1,bottomTop=983.4,faceUpStep=48.90,geomCount=3,finalCount=3,bottomRank=Three,leadingRank=Five,rankCount=3,diff=0,applied=false,boundary=[not-face-down@faceDownCount=1:teal=0.000,white=0.685,red=0.259,black=0.000],exposedIndex=0,distanceFromBottom=2]
  slot tableau:4:2 4S conf=0.94 rank=rank-png-strong@0.94 {4:0.94 A:0.87 9:0.74 J:0.74} suit=suit-png@0.97 {S:0.97 C:0.90} post=[black-tiebreak:full=C0.90/S0.97,top=C0.80/S0.98,branch=wideMarginDirect->Spades; ink-ratio:red=0.0000,black=0.1944,inkRed=false,inkRegion=header; cascade:firstFaceTop=882.1,bottomTop=983.4,faceUpStep=48.90,geomCount=3,finalCount=3,bottomRank=Three,leadingRank=Five,rankCount=3,diff=0,applied=false,boundary=[not-face-down@faceDownCount=1:teal=0.000,white=0.685,red=0.259,black=0.000],exposedIndex=1,distanceFromBottom=1]
  slot tableau:4:3 3H~ conf=0.83 rank=rank-png-strong@0.83 {3:0.83 J:0.77 8:0.76 2:0.73} suit=suit-png@0.99 {H:0.95 D:0.81} post=[ink-ratio:red=0.1911,black=0.0000,inkRed=true; cascade:firstFaceTop=882.1,bottomTop=983.4,faceUpStep=48.90,geomCount=3,finalCount=3,bottomRank=Three,leadingRank=Five,rankCount=3,diff=0,applied=false,boundary=[not-face-down@faceDownCount=1:teal=0.000,white=0.685,red=0.259,black=0.000]; deck-constraint:3H->3H~]
  slot tableau:5:4 9C~ conf=0.87 rank=rank-png-strong@0.87 {9:0.87 A:0.86 8:0.83 Q:0.82} suit=suit-png@0.93 {C:0.93 S:0.88} post=[black-tiebreak:full=C0.93/S0.88,top=C0.93/S0.82,shape=Spades@1.12;branch=topLeaderDirect->Clubs; ink-ratio:red=0.0000,black=0.1852,inkRed=false,inkRegion=header; cascade:firstFaceTop=1015.1,bottomTop=1276.0,faceUpStep=48.90,geomCount=6,finalCount=6,bottomRank=Four,leadingRank=Nine,rankCount=6,diff=0,applied=false,boundary=[not-face-down@faceDownCount=4:teal=0.315,white=0.593,red=0.000,black=0.056],exposedIndex=0,distanceFromBottom=5; deck-constraint:9C->9C~]
  slot tableau:5:5 8D~ conf=0.87 rank=rank-png-strong@0.87 {8:0.87 A:0.86 9:0.83 4:0.82} suit=suit-png@0.87 {D:0.87 H:0.76} post=[ink-ratio:red=0.1759,black=0.0370,inkRed=true,inkRegion=header; cascade:firstFaceTop=1015.1,bottomTop=1276.0,faceUpStep=48.90,geomCount=6,finalCount=6,bottomRank=Four,leadingRank=Nine,rankCount=6,diff=0,applied=false,boundary=[not-face-down@faceDownCount=4:teal=0.315,white=0.593,red=0.000,black=0.056],exposedIndex=1,distanceFromBottom=4; deck-constraint:8D->8D~]
  slot tableau:5:7 6D~ conf=0.87 rank=rank-png-strong@0.87 {6:0.87 A:0.83 4:0.81 8:0.81} suit=suit-png@0.87 {D:0.87 H:0.76} post=[ink-ratio:red=0.1852,black=0.0185,inkRed=true,inkRegion=header; cascade:firstFaceTop=1015.1,bottomTop=1276.0,faceUpStep=48.90,geomCount=6,finalCount=6,bottomRank=Four,leadingRank=Nine,rankCount=6,diff=0,applied=false,boundary=[not-face-down@faceDownCount=4:teal=0.315,white=0.593,red=0.000,black=0.056],exposedIndex=3,distanceFromBottom=2; deck-constraint:6D->6D~]
  slot tableau:5:8 5C~ conf=0.84 rank=rank-png-strong@0.84 {5:0.84 6:0.83 8:0.80 9:0.80} suit=suit-png@0.79 {C:0.79 D:0.79 H:0.72 S:0.67} post=[ink-ratio:red=0.0278,black=0.1759,inkRed=null,inkRegion=header; cascade:firstFaceTop=1015.1,bottomTop=1276.0,faceUpStep=48.90,geomCount=6,finalCount=6,bottomRank=Four,leadingRank=Nine,rankCount=6,diff=0,applied=false,boundary=[not-face-down@faceDownCount=4:teal=0.315,white=0.593,red=0.000,black=0.056],exposedIndex=4,distanceFromBottom=1; deck-constraint:5C->5C~]
  slot tableau:5:9 4H conf=0.89 rank=rank-png-strong@0.89 {4:0.89 A:0.74 J:0.71 8:0.66} suit=suit-png@0.99 {H:0.95 D:0.79} post=[ink-ratio:red=0.1875,black=0.0000,inkRed=true; cascade:firstFaceTop=1015.1,bottomTop=1276.0,faceUpStep=48.90,geomCount=6,finalCount=6,bottomRank=Four,leadingRank=Nine,rankCount=6,diff=0,applied=false,boundary=[not-face-down@faceDownCount=4:teal=0.315,white=0.593,red=0.000,black=0.056]]
  slot tableau:6:3 8C conf=0.93 rank=rank-png-strong@0.93 {8:0.93 9:0.84 6:0.83 A:0.83} suit=suit-png@0.91 {C:0.90 S:0.85} post=[black-tiebreak:full=C0.90/S0.85,top=C0.91/S0.83,shape=Spades@0.60;branch=topLeaderDirect->Clubs; ink-ratio:red=0.0000,black=0.2407,inkRed=false,inkRegion=header; cascade:firstFaceTop=970.7,bottomTop=1178.5,faceUpStep=48.90,geomCount=5,finalCount=5,bottomRank=Four,leadingRank=Eight,rankCount=5,diff=0,applied=false,boundary=[not-face-down@faceDownCount=3:teal=0.000,white=0.519,red=0.000,black=0.130],exposedIndex=0,distanceFromBottom=4]
  slot tableau:6:4 7D~ conf=0.95 rank=rank-png-strong@0.95 {7:0.95 2:0.86 3:0.77 J:0.76} suit=suit-png@0.98 {D:0.94 H:0.83} post=[ocr=miss:empty; ink-ratio:red=0.1759,black=0.0556,inkRed=true,inkRegion=header; cascade:firstFaceTop=970.7,bottomTop=1178.5,faceUpStep=48.90,geomCount=5,finalCount=5,bottomRank=Four,leadingRank=Eight,rankCount=5,diff=0,applied=false,boundary=[not-face-down@faceDownCount=3:teal=0.000,white=0.519,red=0.000,black=0.130],exposedIndex=1,distanceFromBottom=3; deck-constraint:7D->7D~]
  slot tableau:6:5 6C~ conf=0.92 rank=rank-png-strong@0.92 {6:0.92 A:0.83 8:0.83 5:0.83} suit=suit-png@0.92 {C:0.90 S:0.86} post=[black-tiebreak:full=C0.90/S0.86,top=C0.92/S0.84,shape=Spades@0.60;branch=topLeaderDirect->Clubs; ink-ratio:red=0.0000,black=0.2500,inkRed=false,inkRegion=header; cascade:firstFaceTop=970.7,bottomTop=1178.5,faceUpStep=48.90,geomCount=5,finalCount=5,bottomRank=Four,leadingRank=Eight,rankCount=5,diff=0,applied=false,boundary=[not-face-down@faceDownCount=3:teal=0.000,white=0.519,red=0.000,black=0.130],exposedIndex=2,distanceFromBottom=2; deck-constraint:6C->6C~]
  slot tableau:6:6 5D conf=0.94 rank=rank-png-strong@0.94 {5:0.94 6:0.83 K:0.81 9:0.80} suit=suit-png@0.96 {D:0.92 H:0.84} post=[ink-ratio:red=0.1574,black=0.0556,inkRed=true,inkRegion=header; cascade:firstFaceTop=970.7,bottomTop=1178.5,faceUpStep=48.90,geomCount=5,finalCount=5,bottomRank=Four,leadingRank=Eight,rankCount=5,diff=0,applied=false,boundary=[not-face-down@faceDownCount=3:teal=0.000,white=0.519,red=0.000,black=0.130],exposedIndex=3,distanceFromBottom=1]
  slot tableau:6:7 4C conf=0.91 rank=rank-png-strong@0.91 {4:0.91 A:0.73 J:0.72 8:0.66} suit=suit-png@0.86 {C:0.90 S:0.89} post=[black-tiebreak:full=C0.90/S0.89,top=C0.86/S0.82,shape=Clubs@0.36;branch=lowTopMargin-shapeLeader->Clubs; ink-ratio:red=0.0000,black=0.2222,inkRed=false; cascade:firstFaceTop=970.7,bottomTop=1178.5,faceUpStep=48.90,geomCount=5,finalCount=5,bottomRank=Four,leadingRank=Eight,rankCount=5,diff=0,applied=false,boundary=[not-face-down@faceDownCount=3:teal=0.000,white=0.519,red=0.000,black=0.130]]
  slot waste 2H conf=0.76 rank=rank-ocr@0.62 {Q:0.50 K:0.46 A:0.45 10:0.43} suit=suit-png@0.96 {H:0.96 D:0.87} post=[waste-fusion:legacy=Two_Hearts,tight=Two_Hearts; whole@756,503,895,713:ocr=miss:empty;corner@756,503,817,566:ocr=miss:empty;whole@749,503,907,713:ocr=miss:empty;corner@749,503,819,566:ocr=miss:empty;whole@707,503,845,713:ocr='5'@0.62; ink-ratio:red=0.2014,black=0.0000,inkRed=true; ocr='2'@0.62; ink-ratio:red=0.2140,black=0.0000,inkRed=true]
18:02:35.601 OUTCOME=ARROW status=Best: Recycle waste to stock score=-2.0 (recycle) 386ms conf=0.76 known=28
  frame=1080x2340 elapsed=386ms conf=0.76 knownFaceUp=28
  timing: queueDelay=32ms detect=386ms select=3ms total=421ms
  move=Recycle waste to stock score=-2.0 rationale=recycle
  runner-up:
    1. Foundation 3 -> Tableau 6 score=-57.0 (pull-from-foundation)
    2. Foundation 2 -> Tableau 5 score=-57.0 (pull-from-foundation)
    3. Tableau 4 -> Tableau 2 score=-217.0 (defer-no-reveal-stack,reversible)
  from=(991,608) to=(777,608)
  signature=Five_Spades|Four_Diamonds;Two_Clubs;Three_Spades;-|King_Hearts,Queen_Clubs,Jack_Hearts;;King_Clubs;King_Diamonds,Queen_Spades,Jack_Diamonds,Ten_Spades,Nine_Hearts,Eight_Spades;D,Five_Hearts,Four_Spades,Three_Hearts;D,D,D,D,Nine_Clubs,Eight_Hearts,Seven_Clubs,Six_Diamonds,Five_Clubs,Four_Hearts;D,D,D,Eight_Clubs,Seven_Diamonds,Six_Clubs,Nine_Diamonds,Eight_Spades
  diag: boardConfidence=0.85
  diag: profile=solitaire_smash_s25
  diag: stock=empty-color
  diag: foundation0=match-Four-Diamonds@0.90:FD
  diag: foundation1=match-Two-Clubs@0.83:TC
  diag: foundation2=match-Three-Spades@0.79:TS
  diag: foundation3=empty-color:null
  diag: tableau0.faceScan=rowHeight=5.74,lastWhiteBottom=1130.3,whiteRows=50,minimumRows=7,breakY=1164.7
  diag: tableau0.region=937.5-1130.3
  diag: tableau0=King_Diamonds,Queen_Clubs,Jack_Diamonds
  diag: tableau1.faceScan=rowHeight=5.74,lastWhiteBottom=1027.0,whiteRows=1,minimumRows=7,breakY=1061.5
  diag: tableau1=
  diag: tableau2.faceScan=rowHeight=5.74,lastWhiteBottom=1032.8,whiteRows=34,minimumRows=7,breakY=1067.2
  diag: tableau2.region=840.0-1032.8
  diag: tableau2=King_Clubs
  diag: tableau3.faceScan=rowHeight=5.74,lastWhiteBottom=1273.7,whiteRows=73,minimumRows=7,breakY=1308.1
  diag: tableau3.region=1081.0-1273.7
  diag: tableau3=King_Diamonds,Queen_Clubs,Jack_Diamonds,Ten_Clubs,Nine_Diamonds,Eight_Clubs
  diag: tableau4.faceScan=rowHeight=5.74,lastWhiteBottom=1176.2,whiteRows=51,minimumRows=7,breakY=1210.6
  diag: tableau4.region=983.4-1176.2
  diag: tableau4=D,Five_Diamonds,Four_Clubs,Three_Diamonds
  diag: tableau5.faceScan=rowHeight=5.74,lastWhiteBottom=1468.8,whiteRows=78,minimumRows=7,breakY=1503.2
  diag: tableau5.region=1276.0-1468.8
  diag: tableau5=D,D,D,D,Nine_Clubs,Eight_Diamonds,Seven_Clubs,Six_Diamonds,Five_Clubs,Four_Diamonds
  diag: tableau6.faceScan=rowHeight=5.74,lastWhiteBottom=1371.2,whiteRows=70,minimumRows=7,breakY=1405.7
  diag: tableau6.region=1178.5-1371.2
  diag: tableau6=D,D,D,Eight_Clubs,Seven_Diamonds,Six_Clubs,Nine_Diamonds,Eight_Clubs
  diag: wasteOcr:relevant=true,ms=67,overlapped=true
  diag: waste=fused-Five-Spades:FS
  diag: waste-regions=exact:708-846:match-Five-Spades@0.62,legacy:750-907:face-up-color-black-rank=null
  diag: waste-rank-scores={Ace=0.3479769, Two=0.36171463, Three=0.41594455, Four=0.4028314, Five=0.45381984, Six=0.37204182, Seven=0.37638375, Eight=0.38765183, Nine=0.41364375, Ten=0.43042073, Jack=0.4238845, Queen=0.41323274, King=0.377578}
  diag: waste-suit-scores={Clubs=0.8887805, Spades=0.915828}
  diag: whole@707,503,846,713:ocr='5'@0.62
  diag: waste-ocr-rank=Five
  diag: livePlayScreen=true
  diag: gameFooter=true
  diag: lobbyScreen=false
  diag: knownFaceUp=28
  diag: timing:total=384ms,tableau=823ms[c0=79,c1=7,c2=11,c3=34,c4=16,c5=376,c6=301],scrub=0ms,deckConstraint=3ms,recognize:hits=19,misses=12,missTime=828ms,missReason:newKey=0,fingerprint=12,bounds=0
  recognition:
  slot foundation:0 4D conf=0.90 rank=rank-png-strong@0.90 {4:0.90 A:0.72 J:0.68 8:0.63} suit=suit-png@0.96 {D:0.92 H:0.82} post=[ink-ratio:red=0.1584,black=0.0000,inkRed=true]
  slot foundation:1 2C conf=0.83 rank=rank-png-strong@0.83 {2:0.83 7:0.77 J:0.72 3:0.72} suit=suit-png@0.81 {C:0.81 S:0.74} post=[black-tiebreak:full=C0.81/S0.74,top=C0.58/S0.52,branch=wideMarginDirect->Clubs; ink-ratio:red=0.0000,black=0.1811,inkRed=false]
  slot foundation:2 3S conf=0.79 rank=rank-png-strong@0.79 {3:0.79 J:0.76 8:0.72 4:0.71} suit=suit-png@0.48 {C:0.81 S:0.78} post=[black-tiebreak:full=C0.81/S0.78,top=C0.53/S0.48,shape=Spades@1.08;branch=topClub-strongSpadeShapeOverride->Spades; ink-ratio:red=0.0000,black=0.1605,inkRed=false; black-tiebreak2:full=C0.81/S0.78,top=C0.53/S0.48,shape=Spades@1.08;branch=topClub-strongSpadeShapeOverride->Spades]
  slot tableau:0 KH conf=0.89 rank=rank-png-strong@0.89 {K:0.89 6:0.82 8:0.80 5:0.79} suit=suit-png@0.99 {H:0.95 D:0.81} post=[ink-ratio:red=0.2685,black=0.0000,inkRed=true,inkRegion=header; cascade:firstFaceTop=837.7,bottomTop=937.5,faceUpStep=48.90,geomCount=3,finalCount=3,bottomRank=Jack,leadingRank=King,rankCount=3,diff=0,applied=false,boundary=[not-face-down@faceDownCount=0:teal=0.000,white=0.519,red=0.352,black=0.000],exposedIndex=0,distanceFromBottom=2]
  slot tableau:0:1 QC conf=0.86 rank=rank-png-strong@0.86 {Q:0.86 9:0.75 8:0.72 10:0.71} suit=suit-opencv@0.52 {S:0.91 C:0.89} post=[ocr=miss:empty; ink-ratio:red=0.0000,black=0.3426,inkRed=false,inkRegion=header; post-black-suit:Spades->Clubs; black-tiebreak2:full=C0.66/S0.66,top=C0.74/S0.69,shape=none;branch=topLeaderDirect->Clubs; cascade:firstFaceTop=837.7,bottomTop=937.5,faceUpStep=48.90,geomCount=3,finalCount=3,bottomRank=Jack,leadingRank=King,rankCount=3,diff=0,applied=false,boundary=[not-face-down@faceDownCount=0:teal=0.000,white=0.519,red=0.352,black=0.000],exposedIndex=1,distanceFromBottom=1; deck-constraint:QC~->QC]
  slot tableau:0:2 JH conf=0.83 rank=rank-png-strong@0.83 {J:0.83 4:0.71 7:0.70 3:0.68} suit=suit-png@0.98 {H:0.94 D:0.80} post=[ink-ratio:red=0.1689,black=0.0400,inkRed=true; cascade:firstFaceTop=837.7,bottomTop=937.5,faceUpStep=48.90,geomCount=3,finalCount=3,bottomRank=Jack,leadingRank=King,rankCount=3,diff=0,applied=false,boundary=[not-face-down@faceDownCount=0:teal=0.000,white=0.519,red=0.352,black=0.000]]
  slot tableau:2 KC conf=0.93 rank=rank-png-strong@0.93 {K:0.93 2:0.78 8:0.78 10:0.78} suit=suit-png@0.82 {S:0.90 C:0.88} post=[black-tiebreak:full=C0.88/S0.90,top=C0.82/S0.86,shape=Clubs@0.36;branch=topSpade-clubShapeVetoWins->Clubs; ink-ratio:red=0.0000,black=0.2361,inkRed=false; cascade:firstFaceTop=837.7,bottomTop=840.0,faceUpStep=48.90,geomCount=1,finalCount=1,bottomRank=King,leadingRank=King,rankCount=1,diff=0,applied=false,boundary=[ran-out-of-room]]
  slot tableau:3 KD conf=0.87 rank=rank-png-strong@0.87 {K:0.87 6:0.81 8:0.81 5:0.78} suit=suit-png@0.98 {D:0.94 H:0.84} post=[ink-ratio:red=0.2685,black=0.0000,inkRed=true,inkRegion=header; cascade:firstFaceTop=837.7,bottomTop=1081.0,faceUpStep=48.90,geomCount=6,finalCount=6,bottomRank=Eight,leadingRank=King,rankCount=6,diff=0,applied=false,boundary=[not-face-down@faceDownCount=0:teal=0.000,white=0.667,red=0.333,black=0.000],exposedIndex=0,distanceFromBottom=5]
  slot tableau:3:1 QS conf=0.91 rank=rank-png-strong@0.91 {Q:0.91 9:0.80 8:0.75 6:0.74} suit=suit-png@0.93 {S:0.93 C:0.87} post=[black-tiebreak:full=C0.87/S0.93,top=C0.81/S0.91,branch=wideMarginDirect->Spades; ink-ratio:red=0.0000,black=0.2778,inkRed=false,inkRegion=header; cascade:firstFaceTop=837.7,bottomTop=1081.0,faceUpStep=48.90,geomCount=6,finalCount=6,bottomRank=Eight,leadingRank=King,rankCount=6,diff=0,applied=false,boundary=[not-face-down@faceDownCount=0:teal=0.000,white=0.667,red=0.333,black=0.000],exposedIndex=1,distanceFromBottom=4]
  slot tableau:3:2 JD conf=0.88 rank=rank-png-strong@0.88 {J:0.88 4:0.82 7:0.73 A:0.72} suit=suit-png@0.97 {D:0.93 H:0.85} post=[ocr=miss:empty; ink-ratio:red=0.1759,black=0.0000,inkRed=true,inkRegion=header; cascade:firstFaceTop=837.7,bottomTop=1081.0,faceUpStep=48.90,geomCount=6,finalCount=6,bottomRank=Eight,leadingRank=King,rankCount=6,diff=0,applied=false,boundary=[not-face-down@faceDownCount=0:teal=0.000,white=0.667,red=0.333,black=0.000],exposedIndex=2,distanceFromBottom=3]
  slot tableau:3:3 10S~ conf=0.87 rank=rank-png-strong@0.87 {10:0.87 Q:0.74 8:0.71 9:0.70} suit=suit-png@0.89 {S:0.94 C:0.89} post=[black-tiebreak:full=C0.89/S0.94,top=C0.79/S0.89,shape=none;branch=topLeaderDirect->Spades; ink-ratio:red=0.0000,black=0.2870,inkRed=false,inkRegion=header; cascade:firstFaceTop=837.7,bottomTop=1081.0,faceUpStep=48.90,geomCount=6,finalCount=6,bottomRank=Eight,leadingRank=King,rankCount=6,diff=0,applied=false,boundary=[not-face-down@faceDownCount=0:teal=0.000,white=0.667,red=0.333,black=0.000],exposedIndex=3,distanceFromBottom=2; deck-constraint:10S->10S~]
  slot tableau:3:4 9H conf=0.81 rank=rank-png-strong@0.81 {9:0.81 8:0.80 2:0.78 K:0.78} suit=suit-png@0.96 {D:0.92 H:0.87} post=[ink-ratio:red=0.2222,black=0.0000,inkRed=true,inkRegion=header; cascade:firstFaceTop=837.7,bottomTop=1081.0,faceUpStep=48.90,geomCount=6,finalCount=6,bottomRank=Eight,leadingRank=King,rankCount=6,diff=0,applied=false,boundary=[not-face-down@faceDownCount=0:teal=0.000,white=0.667,red=0.333,black=0.000],exposedIndex=4,distanceFromBottom=1; deck-constraint:9D->9H]
  slot tableau:3:5 8S conf=0.90 rank=rank-png-strong@0.90 {8:0.90 6:0.81 3:0.78 9:0.77} suit=suit-png@0.95 {S:0.95 C:0.88} post=[black-tiebreak:full=C0.88/S0.95,top=C0.79/S0.95,branch=wideMarginDirect->Spades; ink-ratio:red=0.0000,black=0.2200,inkRed=false; cascade:firstFaceTop=837.7,bottomTop=1081.0,faceUpStep=48.90,geomCount=6,finalCount=6,bottomRank=Eight,leadingRank=King,rankCount=6,diff=0,applied=false,boundary=[not-face-down@faceDownCount=0:teal=0.000,white=0.667,red=0.333,black=0.000]]
  slot tableau:4:1 5H~ conf=0.93 rank=rank-png-strong@0.93 {5:0.93 6:0.82 9:0.79 8:0.79} suit=suit-png@1.01 {H:0.97 D:0.82} post=[ink-ratio:red=0.2222,black=0.0000,inkRed=true,inkRegion=header; cascade:firstFaceTop=882.1,bottomTop=983.4,faceUpStep=48.90,geomCount=3,finalCount=3,bottomRank=Three,leadingRank=Five,rankCount=3,diff=0,applied=false,boundary=[not-face-down@faceDownCount=1:teal=0.000,white=0.685,red=0.259,black=0.000],exposedIndex=0,distanceFromBottom=2; deck-constraint:5H->5H~]
  slot tableau:4:2 4S~ conf=0.94 rank=rank-png-strong@0.94 {4:0.94 A:0.87 9:0.74 J:0.74} suit=suit-png@0.97 {S:0.97 C:0.90} post=[black-tiebreak:full=C0.90/S0.97,top=C0.80/S0.98,branch=wideMarginDirect->Spades; ink-ratio:red=0.0000,black=0.1944,inkRed=false,inkRegion=header; cascade:firstFaceTop=882.1,bottomTop=983.4,faceUpStep=48.90,geomCount=3,finalCount=3,bottomRank=Three,leadingRank=Five,rankCount=3,diff=0,applied=false,boundary=[not-face-down@faceDownCount=1:teal=0.000,white=0.685,red=0.259,black=0.000],exposedIndex=1,distanceFromBottom=1; deck-constraint:4S->4S~]
  slot tableau:4:3 3H~ conf=0.83 rank=rank-png-strong@0.83 {3:0.83 J:0.77 8:0.76 2:0.73} suit=suit-png@0.99 {H:0.95 D:0.81} post=[ink-ratio:red=0.1911,black=0.0000,inkRed=true; cascade:firstFaceTop=882.1,bottomTop=983.4,faceUpStep=48.90,geomCount=3,finalCount=3,bottomRank=Three,leadingRank=Five,rankCount=3,diff=0,applied=false,boundary=[not-face-down@faceDownCount=1:teal=0.000,white=0.685,red=0.259,black=0.000]; deck-constraint:3H->3H~]
  slot tableau:5:4 9C~ conf=0.87 rank=rank-png-strong@0.87 {9:0.87 A:0.86 8:0.83 Q:0.82} suit=suit-png@0.93 {C:0.91 S:0.87} post=[black-tiebreak:full=C0.91/S0.87,top=C0.93/S0.82,shape=Spades@1.12;branch=topLeaderDirect->Clubs; ink-ratio:red=0.0000,black=0.1852,inkRed=false,inkRegion=header; cascade:firstFaceTop=1015.1,bottomTop=1276.0,faceUpStep=48.90,geomCount=6,finalCount=6,bottomRank=Four,leadingRank=Nine,rankCount=6,diff=0,applied=false,boundary=[not-face-down@faceDownCount=4:teal=0.315,white=0.593,red=0.000,black=0.056],exposedIndex=0,distanceFromBottom=5; deck-constraint:9C->9C~]
  slot tableau:5:5 8H~ conf=0.87 rank=rank-png-strong@0.87 {8:0.87 A:0.86 9:0.83 4:0.82} suit=suit-ambiguous-red {D:0.24 H:0.18} post=[ink-ratio:red=0.1481,black=0.0370,inkRed=true,inkRegion=header; post-red-suit:Diamonds->Hearts; cascade:firstFaceTop=1015.1,bottomTop=1276.0,faceUpStep=48.90,geomCount=6,finalCount=6,bottomRank=Four,leadingRank=Nine,rankCount=6,diff=0,applied=false,boundary=[not-face-down@faceDownCount=4:teal=0.315,white=0.593,red=0.000,black=0.056],exposedIndex=1,distanceFromBottom=4; deck-constraint:8H->8H~]
  slot tableau:5:7 6D~ conf=0.87 rank=rank-png-strong@0.87 {6:0.87 A:0.83 4:0.81 8:0.81} suit=suit-ambiguous-red {D:0.26 H:0.19} post=[ink-ratio:red=0.0926,black=0.0093,inkRed=true,inkRegion=header; post-red-suit:cleared-ambiguous; cascade:firstFaceTop=1015.1,bottomTop=1276.0,faceUpStep=48.90,geomCount=6,finalCount=6,bottomRank=Four,leadingRank=Nine,rankCount=6,diff=0,applied=false,boundary=[not-face-down@faceDownCount=4:teal=0.315,white=0.593,red=0.000,black=0.056],exposedIndex=3,distanceFromBottom=2; deck-constraint:6D->6D~]
  slot tableau:5:8 5C conf=0.84 rank=rank-png-strong@0.84 {5:0.84 6:0.83 8:0.80 9:0.80} suit=suit-ambiguous-black {C:0.22 S:0.18} post=[ink-ratio:red=0.0185,black=0.0833,inkRed=false,inkRegion=header; black-tiebreak:branch=belowFloor->ambiguous; black-tiebreak2:branch=belowFloor->ambiguous; cascade:firstFaceTop=1015.1,bottomTop=1276.0,faceUpStep=48.90,geomCount=6,finalCount=6,bottomRank=Four,leadingRank=Nine,rankCount=6,diff=0,applied=false,boundary=[not-face-down@faceDownCount=4:teal=0.315,white=0.593,red=0.000,black=0.056],exposedIndex=4,distanceFromBottom=1; deck-constraint:5C~->5C]
  slot tableau:5:9 4H conf=0.89 rank=rank-png-strong@0.89 {4:0.89 A:0.74 J:0.71 8:0.66} suit=suit-png@0.99 {H:0.95 D:0.79} post=[ink-ratio:red=0.1875,black=0.0000,inkRed=true; cascade:firstFaceTop=1015.1,bottomTop=1276.0,faceUpStep=48.90,geomCount=6,finalCount=6,bottomRank=Four,leadingRank=Nine,rankCount=6,diff=0,applied=false,boundary=[not-face-down@faceDownCount=4:teal=0.315,white=0.593,red=0.000,black=0.056]]
  slot tableau:6:3 8C conf=0.93 rank=rank-png-strong@0.93 {8:0.93 9:0.84 6:0.83 A:0.83} suit=suit-png@0.91 {C:0.90 S:0.85} post=[black-tiebreak:full=C0.90/S0.85,top=C0.91/S0.83,shape=Spades@0.60;branch=topLeaderDirect->Clubs; ink-ratio:red=0.0000,black=0.2407,inkRed=false,inkRegion=header; cascade:firstFaceTop=970.7,bottomTop=1178.5,faceUpStep=48.90,geomCount=5,finalCount=5,bottomRank=Four,leadingRank=Eight,rankCount=5,diff=0,applied=false,boundary=[not-face-down@faceDownCount=3:teal=0.000,white=0.519,red=0.000,black=0.130],exposedIndex=0,distanceFromBottom=4]
  slot tableau:6:4 7D conf=0.95 rank=rank-png-strong@0.95 {7:0.95 2:0.86 3:0.77 J:0.76} suit=suit-png@0.96 {D:0.92 H:0.83} post=[ocr='7'@0.62; ink-ratio:red=0.1759,black=0.0556,inkRed=true,inkRegion=header; cascade:firstFaceTop=970.7,bottomTop=1178.5,faceUpStep=48.90,geomCount=5,finalCount=5,bottomRank=Four,leadingRank=Eight,rankCount=5,diff=0,applied=false,boundary=[not-face-down@faceDownCount=3:teal=0.000,white=0.519,red=0.000,black=0.130],exposedIndex=1,distanceFromBottom=3]
  slot tableau:6:5 6C~ conf=0.72 rank=rank-png-strong@0.81 {9:0.81 J:0.80 4:0.79 8:0.77} suit=suit-png@0.83 {D:0.79 H:0.75} post=[ink-ratio:red=0.1574,black=0.0926,inkRed=true,inkRegion=header; geom-override:direct=Nine_Diamonds,conf=0.81,to=Six_Clubs]
  slot tableau:6:6 9D conf=0.89 rank=rank-png-strong@0.89 {9:0.89 8:0.88 A:0.86 6:0.86} suit=suit-png@0.93 {D:0.89 H:0.89} post=[ink-ratio:red=0.2963,black=0.0000,inkRed=true,inkRegion=header; cascade:firstFaceTop=970.7,bottomTop=1178.5,faceUpStep=48.90,geomCount=5,finalCount=5,bottomRank=Four,leadingRank=Eight,rankCount=5,diff=0,applied=false,boundary=[not-face-down@faceDownCount=3:teal=0.000,white=0.519,red=0.000,black=0.130],exposedIndex=3,distanceFromBottom=1]
  slot tableau:6:7 8C~ conf=0.68 rank=rank-png-strong@0.68 {4:0.68 7:0.57 A:0.55 K:0.53} suit=suit-png@0.83 {C:0.88 S:0.88} post=[black-tiebreak:full=C0.88/S0.88,top=C0.83/S0.82,shape=Clubs@0.36;branch=lowTopMargin-shapeLeader->Clubs; ink-ratio:red=0.0733,black=0.1222,inkRed=false; cascade:firstFaceTop=970.7,bottomTop=1178.5,faceUpStep=48.90,geomCount=5,finalCount=5,bottomRank=Four,leadingRank=Eight,rankCount=5,diff=0,applied=false,boundary=[not-face-down@faceDownCount=3:teal=0.000,white=0.519,red=0.000,black=0.130]; bottom-repair:above=Nine_Diamonds,from=Four_Clubs,to=Eight_Clubs]
  slot waste 5S conf=0.62 rank=rank-ocr@0.62 {5:0.45 10:0.43 J:0.42 3:0.42} suit=suit-png@0.96 {S:0.92 C:0.89} post=[waste-fusion:legacy=null,tight=Five_Spades; whole@707,503,846,713:ocr='5'@0.62; waste-ocr-rank:Five; waste-black-suit:Spades; ocr=miss:empty; black-tiebreak:full=C0.82/S0.86,top=C0.72/S0.78,shape=Spades@1.30;branch=topLeaderDirect->Spades; ink-ratio:red=0.0440,black=0.1366,inkRed=false; ocr='5'@0.62; black-tiebreak:full=C0.89/S0.92,top=C0.79/S0.96,shape=Spades@1.30;branch=topLeaderDirect->Spades; ink-ratio:red=0.0329,black=0.1811,inkRed=false; waste-black-suit:Spades->Spades]
18:02:36.331 OUTCOME=ARROW status=Best: Recycle waste to stock score=-2.0 (recycle) 701ms conf=0.81 known=28
  frame=1080x2340 elapsed=701ms conf=0.81 knownFaceUp=28
  timing: queueDelay=146ms detect=701ms select=2ms total=849ms
  move=Recycle waste to stock score=-2.0 rationale=recycle
  runner-up:
    1. Foundation 3 -> Tableau 6 score=-57.0 (pull-from-foundation)
    2. Foundation 2 -> Tableau 5 score=-57.0 (pull-from-foundation)
    3. Tableau 5 -> Tableau 7 score=-207.0 (defer-no-reveal-stack,lookahead+10.0,reversible)
  from=(991,608) to=(826,608)
  signature=Two_Hearts|Four_Diamonds;Two_Clubs;Three_Spades;-|King_Hearts,Queen_Clubs,Jack_Hearts;;King_Clubs;King_Diamonds,Queen_Spades,Jack_Diamonds,Ten_Spades,Nine_Diamonds,Eight_Spades;D,Five_Hearts,Four_Spades,Three_Hearts;D,D,D,D,Nine_Clubs,Eight_Diamonds,Seven_Clubs,Six_Diamonds,Five_Clubs,Four_Hearts;D,D,D,Eight_Clubs,Seven_Diamonds,Six_Clubs,Five_Diamonds,Four_Clubs
  diag: boardConfidence=0.85
  diag: profile=solitaire_smash_s25
  diag: stock=empty-color
  diag: foundation0=match-Four-Diamonds@0.90:FD
  diag: foundation1=match-Two-Clubs@0.83:TC
  diag: foundation2=match-Three-Spades@0.79:TS
  diag: foundation3=empty-color:null
  diag: tableau0.faceScan=rowHeight=5.74,lastWhiteBottom=1130.3,whiteRows=50,minimumRows=7,breakY=1164.7
  diag: tableau0.region=937.5-1130.3
  diag: tableau0=King_Diamonds,Queen_Clubs,Jack_Diamonds
  diag: tableau1.faceScan=rowHeight=5.74,lastWhiteBottom=1027.0,whiteRows=1,minimumRows=7,breakY=1061.5
  diag: tableau1=
  diag: tableau2.faceScan=rowHeight=5.74,lastWhiteBottom=1032.8,whiteRows=34,minimumRows=7,breakY=1067.2
  diag: tableau2.region=840.0-1032.8
  diag: tableau2=King_Clubs
  diag: tableau3.faceScan=rowHeight=5.74,lastWhiteBottom=1273.7,whiteRows=73,minimumRows=7,breakY=1308.1
  diag: tableau3.region=1081.0-1273.7
  diag: tableau3=King_Diamonds,Queen_Clubs,Jack_Diamonds,Ten_Clubs,Nine_Diamonds,Eight_Clubs
  diag: tableau4.faceScan=rowHeight=5.74,lastWhiteBottom=1176.2,whiteRows=51,minimumRows=7,breakY=1210.6
  diag: tableau4.region=983.4-1176.2
  diag: tableau4=D,Five_Diamonds,Four_Clubs,Three_Diamonds
  diag: tableau5.faceScan=rowHeight=5.74,lastWhiteBottom=1468.8,whiteRows=78,minimumRows=7,breakY=1503.2
  diag: tableau5.region=1276.0-1468.8
  diag: tableau5=D,D,D,D,Nine_Clubs,Eight_Diamonds,Seven_Clubs,Six_Diamonds,Five_Clubs,Four_Diamonds
  diag: tableau6.faceScan=rowHeight=5.74,lastWhiteBottom=1371.2,whiteRows=70,minimumRows=7,breakY=1405.7
  diag: tableau6.region=1178.5-1371.2
  diag: tableau6=D,D,D,Eight_Clubs,Seven_Diamonds,Six_Clubs,Five_Diamonds,Four_Clubs
  diag: wasteOcr:relevant=true,ms=335,overlapped=true
  diag: waste=fused-Two-Hearts:TH
  diag: waste-regions=exact:757-895:match-Two-Hearts@0.62,legacy:750-907:match-Two-Hearts@0.76
  diag: waste-rank-scores={Ace=0.45088017, Two=0.39446366, Three=0.38706017, Four=0.40894148, Five=0.4257703, Six=0.37886873, Seven=0.33313218, Eight=0.37717122, Nine=0.3993644, Ten=0.43274853, Jack=0.40771705, Queen=0.49776286, King=0.46153846}
  diag: waste-suit-scores={Hearts=0.9632986, Diamonds=0.87304157}
  diag: whole@756,503,895,713:ocr=miss:empty;corner@756,503,817,566:ocr=miss:empty;whole@749,503,907,713:ocr=miss:empty;corner@749,503,819,566:ocr=miss:empty;whole@707,503,845,713:ocr='5'@0.62
  diag: livePlayScreen=true
  diag: gameFooter=true
  diag: lobbyScreen=false
  diag: knownFaceUp=28
  diag: timing:total=699ms,tableau=925ms[c0=147,c1=2,c2=10,c3=52,c4=7,c5=343,c6=363],scrub=0ms,deckConstraint=2ms,recognize:hits=15,misses=16,missTime=1459ms,missReason:newKey=0,fingerprint=16,bounds=0
  recognition:
  slot foundation:0 4D conf=0.90 rank=rank-png-strong@0.90 {4:0.90 A:0.72 J:0.68 8:0.63} suit=suit-png@0.96 {D:0.92 H:0.82} post=[ink-ratio:red=0.1584,black=0.0000,inkRed=true]
  slot foundation:1 2C conf=0.83 rank=rank-png-strong@0.83 {2:0.83 7:0.77 J:0.72 3:0.72} suit=suit-png@0.81 {C:0.81 S:0.74} post=[black-tiebreak:full=C0.81/S0.74,top=C0.58/S0.52,branch=wideMarginDirect->Clubs; ink-ratio:red=0.0000,black=0.1811,inkRed=false]
  slot foundation:2 3S conf=0.79 rank=rank-png-strong@0.79 {3:0.79 J:0.76 8:0.72 4:0.71} suit=suit-png@0.48 {C:0.81 S:0.78} post=[black-tiebreak:full=C0.81/S0.78,top=C0.53/S0.48,shape=Spades@1.08;branch=topClub-strongSpadeShapeOverride->Spades; ink-ratio:red=0.0000,black=0.1605,inkRed=false; black-tiebreak2:full=C0.81/S0.78,top=C0.53/S0.48,shape=Spades@1.08;branch=topClub-strongSpadeShapeOverride->Spades]
  slot tableau:0 KH conf=0.89 rank=rank-png-strong@0.89 {K:0.89 6:0.82 8:0.80 5:0.79} suit=suit-png@0.99 {H:0.95 D:0.81} post=[ink-ratio:red=0.2685,black=0.0000,inkRed=true,inkRegion=header; cascade:firstFaceTop=837.7,bottomTop=937.5,faceUpStep=48.90,geomCount=3,finalCount=3,bottomRank=Jack,leadingRank=King,rankCount=3,diff=0,applied=false,boundary=[not-face-down@faceDownCount=0:teal=0.000,white=0.519,red=0.352,black=0.000],exposedIndex=0,distanceFromBottom=2]
  slot tableau:0:1 QC conf=0.86 rank=rank-png-strong@0.86 {Q:0.86 9:0.75 8:0.72 10:0.71} suit=suit-opencv@0.52 {S:0.91 C:0.89} post=[ocr=miss:empty; ink-ratio:red=0.0000,black=0.3426,inkRed=false,inkRegion=header; post-black-suit:Spades->Clubs; black-tiebreak2:full=C0.66/S0.66,top=C0.74/S0.69,shape=none;branch=topLeaderDirect->Clubs; cascade:firstFaceTop=837.7,bottomTop=937.5,faceUpStep=48.90,geomCount=3,finalCount=3,bottomRank=Jack,leadingRank=King,rankCount=3,diff=0,applied=false,boundary=[not-face-down@faceDownCount=0:teal=0.000,white=0.519,red=0.352,black=0.000],exposedIndex=1,distanceFromBottom=1; deck-constraint:QC~->QC]
  slot tableau:0:2 JH conf=0.83 rank=rank-png-strong@0.83 {J:0.83 4:0.71 7:0.70 3:0.68} suit=suit-png@0.98 {H:0.94 D:0.80} post=[ink-ratio:red=0.1689,black=0.0400,inkRed=true; cascade:firstFaceTop=837.7,bottomTop=937.5,faceUpStep=48.90,geomCount=3,finalCount=3,bottomRank=Jack,leadingRank=King,rankCount=3,diff=0,applied=false,boundary=[not-face-down@faceDownCount=0:teal=0.000,white=0.519,red=0.352,black=0.000]]
  slot tableau:2 KC conf=0.93 rank=rank-png-strong@0.93 {K:0.93 2:0.78 8:0.78 10:0.78} suit=suit-png@0.82 {S:0.90 C:0.88} post=[black-tiebreak:full=C0.88/S0.90,top=C0.82/S0.86,shape=Clubs@0.36;branch=topSpade-clubShapeVetoWins->Clubs; ink-ratio:red=0.0000,black=0.2361,inkRed=false; cascade:firstFaceTop=837.7,bottomTop=840.0,faceUpStep=48.90,geomCount=1,finalCount=1,bottomRank=King,leadingRank=King,rankCount=1,diff=0,applied=false,boundary=[ran-out-of-room]]
  slot tableau:3 KD conf=0.87 rank=rank-png-strong@0.87 {K:0.87 6:0.81 8:0.81 5:0.78} suit=suit-png@0.98 {D:0.94 H:0.84} post=[ink-ratio:red=0.2685,black=0.0000,inkRed=true,inkRegion=header; cascade:firstFaceTop=837.7,bottomTop=1081.0,faceUpStep=48.90,geomCount=6,finalCount=6,bottomRank=Eight,leadingRank=King,rankCount=6,diff=0,applied=false,boundary=[not-face-down@faceDownCount=0:teal=0.000,white=0.667,red=0.333,black=0.000],exposedIndex=0,distanceFromBottom=5]
  slot tableau:3:1 QS conf=0.91 rank=rank-png-strong@0.91 {Q:0.91 9:0.80 8:0.75 6:0.74} suit=suit-png@0.93 {S:0.93 C:0.87} post=[black-tiebreak:full=C0.87/S0.93,top=C0.81/S0.91,branch=wideMarginDirect->Spades; ink-ratio:red=0.0000,black=0.2778,inkRed=false,inkRegion=header; cascade:firstFaceTop=837.7,bottomTop=1081.0,faceUpStep=48.90,geomCount=6,finalCount=6,bottomRank=Eight,leadingRank=King,rankCount=6,diff=0,applied=false,boundary=[not-face-down@faceDownCount=0:teal=0.000,white=0.667,red=0.333,black=0.000],exposedIndex=1,distanceFromBottom=4]
  slot tableau:3:2 JD conf=0.88 rank=rank-png-strong@0.88 {J:0.88 4:0.82 7:0.73 A:0.72} suit=suit-png@0.97 {D:0.93 H:0.85} post=[ocr=miss:empty; ink-ratio:red=0.1759,black=0.0000,inkRed=true,inkRegion=header; cascade:firstFaceTop=837.7,bottomTop=1081.0,faceUpStep=48.90,geomCount=6,finalCount=6,bottomRank=Eight,leadingRank=King,rankCount=6,diff=0,applied=false,boundary=[not-face-down@faceDownCount=0:teal=0.000,white=0.667,red=0.333,black=0.000],exposedIndex=2,distanceFromBottom=3]
  slot tableau:3:3 10S~ conf=0.87 rank=rank-png-strong@0.87 {10:0.87 Q:0.74 8:0.71 9:0.70} suit=suit-png@0.89 {S:0.94 C:0.89} post=[black-tiebreak:full=C0.89/S0.94,top=C0.79/S0.89,shape=none;branch=topLeaderDirect->Spades; ink-ratio:red=0.0000,black=0.2870,inkRed=false,inkRegion=header; cascade:firstFaceTop=837.7,bottomTop=1081.0,faceUpStep=48.90,geomCount=6,finalCount=6,bottomRank=Eight,leadingRank=King,rankCount=6,diff=0,applied=false,boundary=[not-face-down@faceDownCount=0:teal=0.000,white=0.667,red=0.333,black=0.000],exposedIndex=3,distanceFromBottom=2; deck-constraint:10S->10S~]
  slot tableau:3:4 9D~ conf=0.81 rank=rank-png-strong@0.81 {9:0.81 8:0.80 2:0.78 K:0.78} suit=suit-png@0.96 {D:0.92 H:0.87} post=[ink-ratio:red=0.2222,black=0.0000,inkRed=true,inkRegion=header; cascade:firstFaceTop=837.7,bottomTop=1081.0,faceUpStep=48.90,geomCount=6,finalCount=6,bottomRank=Eight,leadingRank=King,rankCount=6,diff=0,applied=false,boundary=[not-face-down@faceDownCount=0:teal=0.000,white=0.667,red=0.333,black=0.000],exposedIndex=4,distanceFromBottom=1; deck-constraint:9D->9D~]
  slot tableau:3:5 8S conf=0.90 rank=rank-png-strong@0.90 {8:0.90 6:0.81 3:0.78 9:0.77} suit=suit-png@0.95 {S:0.95 C:0.88} post=[black-tiebreak:full=C0.88/S0.95,top=C0.79/S0.95,branch=wideMarginDirect->Spades; ink-ratio:red=0.0000,black=0.2200,inkRed=false; cascade:firstFaceTop=837.7,bottomTop=1081.0,faceUpStep=48.90,geomCount=6,finalCount=6,bottomRank=Eight,leadingRank=King,rankCount=6,diff=0,applied=false,boundary=[not-face-down@faceDownCount=0:teal=0.000,white=0.667,red=0.333,black=0.000]]
  slot tableau:4:1 5H conf=0.93 rank=rank-png-strong@0.93 {5:0.93 6:0.82 9:0.79 8:0.79} suit=suit-png@1.01 {H:0.97 D:0.82} post=[ink-ratio:red=0.2222,black=0.0000,inkRed=true,inkRegion=header; cascade:firstFaceTop=882.1,bottomTop=983.4,faceUpStep=48.90,geomCount=3,finalCount=3,bottomRank=Three,leadingRank=Five,rankCount=3,diff=0,applied=false,boundary=[not-face-down@faceDownCount=1:teal=0.000,white=0.685,red=0.259,black=0.000],exposedIndex=0,distanceFromBottom=2]
  slot tableau:4:2 4S conf=0.94 rank=rank-png-strong@0.94 {4:0.94 A:0.87 9:0.74 J:0.74} suit=suit-png@0.97 {S:0.97 C:0.90} post=[black-tiebreak:full=C0.90/S0.97,top=C0.80/S0.98,branch=wideMarginDirect->Spades; ink-ratio:red=0.0000,black=0.1944,inkRed=false,inkRegion=header; cascade:firstFaceTop=882.1,bottomTop=983.4,faceUpStep=48.90,geomCount=3,finalCount=3,bottomRank=Three,leadingRank=Five,rankCount=3,diff=0,applied=false,boundary=[not-face-down@faceDownCount=1:teal=0.000,white=0.685,red=0.259,black=0.000],exposedIndex=1,distanceFromBottom=1]
  slot tableau:4:3 3H~ conf=0.83 rank=rank-png-strong@0.83 {3:0.83 J:0.77 8:0.76 2:0.73} suit=suit-png@0.99 {H:0.95 D:0.81} post=[ink-ratio:red=0.1911,black=0.0000,inkRed=true; cascade:firstFaceTop=882.1,bottomTop=983.4,faceUpStep=48.90,geomCount=3,finalCount=3,bottomRank=Three,leadingRank=Five,rankCount=3,diff=0,applied=false,boundary=[not-face-down@faceDownCount=1:teal=0.000,white=0.685,red=0.259,black=0.000]; deck-constraint:3H->3H~]
  slot tableau:5:4 9C~ conf=0.87 rank=rank-png-strong@0.87 {9:0.87 A:0.86 8:0.83 Q:0.82} suit=suit-png@0.93 {C:0.93 S:0.88} post=[black-tiebreak:full=C0.93/S0.88,top=C0.93/S0.82,shape=Spades@1.12;branch=topLeaderDirect->Clubs; ink-ratio:red=0.0000,black=0.1852,inkRed=false,inkRegion=header; cascade:firstFaceTop=1015.1,bottomTop=1276.0,faceUpStep=48.90,geomCount=6,finalCount=6,bottomRank=Four,leadingRank=Nine,rankCount=6,diff=0,applied=false,boundary=[not-face-down@faceDownCount=4:teal=0.315,white=0.593,red=0.000,black=0.056],exposedIndex=0,distanceFromBottom=5; deck-constraint:9C->9C~]
  slot tableau:5:5 8D~ conf=0.87 rank=rank-png-strong@0.87 {8:0.87 A:0.86 9:0.83 4:0.82} suit=suit-png@0.87 {D:0.87 H:0.76} post=[ink-ratio:red=0.1759,black=0.0370,inkRed=true,inkRegion=header; cascade:firstFaceTop=1015.1,bottomTop=1276.0,faceUpStep=48.90,geomCount=6,finalCount=6,bottomRank=Four,leadingRank=Nine,rankCount=6,diff=0,applied=false,boundary=[not-face-down@faceDownCount=4:teal=0.315,white=0.593,red=0.000,black=0.056],exposedIndex=1,distanceFromBottom=4; deck-constraint:8D->8D~]
  slot tableau:5:7 6D~ conf=0.87 rank=rank-png-strong@0.87 {6:0.87 A:0.83 4:0.81 8:0.81} suit=suit-png@0.87 {D:0.87 H:0.76} post=[ink-ratio:red=0.1852,black=0.0185,inkRed=true,inkRegion=header; cascade:firstFaceTop=1015.1,bottomTop=1276.0,faceUpStep=48.90,geomCount=6,finalCount=6,bottomRank=Four,leadingRank=Nine,rankCount=6,diff=0,applied=false,boundary=[not-face-down@faceDownCount=4:teal=0.315,white=0.593,red=0.000,black=0.056],exposedIndex=3,distanceFromBottom=2; deck-constraint:6D->6D~]
  slot tableau:5:8 5C~ conf=0.84 rank=rank-png-strong@0.84 {5:0.84 6:0.83 8:0.80 9:0.80} suit=suit-png@0.79 {C:0.79 D:0.79 H:0.72 S:0.67} post=[ink-ratio:red=0.0278,black=0.1759,inkRed=null,inkRegion=header; cascade:firstFaceTop=1015.1,bottomTop=1276.0,faceUpStep=48.90,geomCount=6,finalCount=6,bottomRank=Four,leadingRank=Nine,rankCount=6,diff=0,applied=false,boundary=[not-face-down@faceDownCount=4:teal=0.315,white=0.593,red=0.000,black=0.056],exposedIndex=4,distanceFromBottom=1; deck-constraint:5C->5C~]
  slot tableau:5:9 4H conf=0.89 rank=rank-png-strong@0.89 {4:0.89 A:0.74 J:0.71 8:0.66} suit=suit-png@0.99 {H:0.95 D:0.79} post=[ink-ratio:red=0.1875,black=0.0000,inkRed=true; cascade:firstFaceTop=1015.1,bottomTop=1276.0,faceUpStep=48.90,geomCount=6,finalCount=6,bottomRank=Four,leadingRank=Nine,rankCount=6,diff=0,applied=false,boundary=[not-face-down@faceDownCount=4:teal=0.315,white=0.593,red=0.000,black=0.056]]
  slot tableau:6:3 8C conf=0.93 rank=rank-png-strong@0.93 {8:0.93 9:0.84 6:0.83 A:0.83} suit=suit-png@0.91 {C:0.90 S:0.85} post=[black-tiebreak:full=C0.90/S0.85,top=C0.91/S0.83,shape=Spades@0.60;branch=topLeaderDirect->Clubs; ink-ratio:red=0.0000,black=0.2407,inkRed=false,inkRegion=header; cascade:firstFaceTop=970.7,bottomTop=1178.5,faceUpStep=48.90,geomCount=5,finalCount=5,bottomRank=Four,leadingRank=Eight,rankCount=5,diff=0,applied=false,boundary=[not-face-down@faceDownCount=3:teal=0.000,white=0.519,red=0.000,black=0.130],exposedIndex=0,distanceFromBottom=4]
  slot tableau:6:4 7D~ conf=0.95 rank=rank-png-strong@0.95 {7:0.95 2:0.86 3:0.77 J:0.76} suit=suit-png@0.98 {D:0.94 H:0.83} post=[ocr=miss:empty; ink-ratio:red=0.1759,black=0.0556,inkRed=true,inkRegion=header; cascade:firstFaceTop=970.7,bottomTop=1178.5,faceUpStep=48.90,geomCount=5,finalCount=5,bottomRank=Four,leadingRank=Eight,rankCount=5,diff=0,applied=false,boundary=[not-face-down@faceDownCount=3:teal=0.000,white=0.519,red=0.000,black=0.130],exposedIndex=1,distanceFromBottom=3; deck-constraint:7D->7D~]
  slot tableau:6:5 6C~ conf=0.92 rank=rank-png-strong@0.92 {6:0.92 A:0.83 8:0.83 5:0.83} suit=suit-png@0.92 {C:0.90 S:0.86} post=[black-tiebreak:full=C0.90/S0.86,top=C0.92/S0.84,shape=Spades@0.60;branch=topLeaderDirect->Clubs; ink-ratio:red=0.0000,black=0.2500,inkRed=false,inkRegion=header; cascade:firstFaceTop=970.7,bottomTop=1178.5,faceUpStep=48.90,geomCount=5,finalCount=5,bottomRank=Four,leadingRank=Eight,rankCount=5,diff=0,applied=false,boundary=[not-face-down@faceDownCount=3:teal=0.000,white=0.519,red=0.000,black=0.130],exposedIndex=2,distanceFromBottom=2; deck-constraint:6C->6C~]
  slot tableau:6:6 5D conf=0.94 rank=rank-png-strong@0.94 {5:0.94 6:0.83 K:0.81 9:0.80} suit=suit-png@0.96 {D:0.92 H:0.84} post=[ink-ratio:red=0.1574,black=0.0556,inkRed=true,inkRegion=header; cascade:firstFaceTop=970.7,bottomTop=1178.5,faceUpStep=48.90,geomCount=5,finalCount=5,bottomRank=Four,leadingRank=Eight,rankCount=5,diff=0,applied=false,boundary=[not-face-down@faceDownCount=3:teal=0.000,white=0.519,red=0.000,black=0.130],exposedIndex=3,distanceFromBottom=1]
  slot tableau:6:7 4C conf=0.91 rank=rank-png-strong@0.91 {4:0.91 A:0.73 J:0.72 8:0.66} suit=suit-png@0.86 {C:0.90 S:0.89} post=[black-tiebreak:full=C0.90/S0.89,top=C0.86/S0.82,shape=Clubs@0.36;branch=lowTopMargin-shapeLeader->Clubs; ink-ratio:red=0.0000,black=0.2222,inkRed=false; cascade:firstFaceTop=970.7,bottomTop=1178.5,faceUpStep=48.90,geomCount=5,finalCount=5,bottomRank=Four,leadingRank=Eight,rankCount=5,diff=0,applied=false,boundary=[not-face-down@faceDownCount=3:teal=0.000,white=0.519,red=0.000,black=0.130]]
  slot waste 2H conf=0.76 rank=rank-ocr@0.62 {Q:0.50 K:0.46 A:0.45 10:0.43} suit=suit-png@0.96 {H:0.96 D:0.87} post=[waste-fusion:legacy=Two_Hearts,tight=Two_Hearts; whole@756,503,895,713:ocr=miss:empty;corner@756,503,817,566:ocr=miss:empty;whole@749,503,907,713:ocr=miss:empty;corner@749,503,819,566:ocr=miss:empty;whole@707,503,845,713:ocr='5'@0.62; ink-ratio:red=0.1574,black=0.0000,inkRed=true; ocr='2'@0.62; ink-ratio:red=0.1934,black=0.0000,inkRed=true]
18:02:38.059 OUTCOME=ARROW status=Best: Draw from stock score=8.0 (draw) 258ms conf=0.84 known=27
  frame=1080x2340 elapsed=258ms conf=0.84 knownFaceUp=27
  timing: queueDelay=5ms detect=258ms select=1ms total=264ms
  move=Draw from stock score=8.0 rationale=draw
  runner-up:
    1. Foundation 3 -> Tableau 6 score=-57.0 (pull-from-foundation)
    2. Foundation 2 -> Tableau 5 score=-57.0 (pull-from-foundation)
    3. Tableau 5 -> Tableau 7 score=-207.0 (defer-no-reveal-stack,lookahead+10.0,reversible)
  from=(991,608) to=(828,608)
  signature=|Four_Diamonds;Two_Clubs;Three_Spades;-|King_Hearts,Queen_Clubs,Jack_Hearts;;King_Clubs;King_Diamonds,Queen_Spades,Jack_Diamonds,Ten_Spades,Nine_Diamonds,Eight_Spades;D,Five_Hearts,Four_Spades,Three_Hearts;D,D,D,D,Nine_Clubs,Eight_Diamonds,Seven_Clubs,Six_Diamonds,Five_Clubs,Four_Hearts;D,D,D,Eight_Clubs,Seven_Diamonds,Six_Clubs,Five_Diamonds,Four_Clubs
  diag: boardConfidence=0.85
  diag: profile=solitaire_smash_s25
  diag: stock=face-down-stock
  diag: foundation0=match-Four-Diamonds@0.90:FD
  diag: foundation1=match-Two-Clubs@0.83:TC
  diag: foundation2=match-Three-Spades@0.79:TS
  diag: foundation3=empty-color:null
  diag: tableau0.faceScan=rowHeight=5.74,lastWhiteBottom=1130.3,whiteRows=50,minimumRows=7,breakY=1164.7
  diag: tableau0.region=937.5-1130.3
  diag: tableau0=King_Diamonds,Queen_Clubs,Jack_Diamonds
  diag: tableau1.faceScan=rowHeight=5.74,lastWhiteBottom=1027.0,whiteRows=1,minimumRows=7,breakY=1061.5
  diag: tableau1=
  diag: tableau2.faceScan=rowHeight=5.74,lastWhiteBottom=1032.8,whiteRows=34,minimumRows=7,breakY=1067.2
  diag: tableau2.region=840.0-1032.8
  diag: tableau2=King_Clubs
  diag: tableau3.faceScan=rowHeight=5.74,lastWhiteBottom=1273.7,whiteRows=73,minimumRows=7,breakY=1308.1
  diag: tableau3.region=1081.0-1273.7
  diag: tableau3=King_Diamonds,Queen_Clubs,Jack_Diamonds,Ten_Clubs,Nine_Diamonds,Eight_Clubs
  diag: tableau4.faceScan=rowHeight=5.74,lastWhiteBottom=1176.2,whiteRows=51,minimumRows=7,breakY=1210.6
  diag: tableau4.region=983.4-1176.2
  diag: tableau4=D,Five_Diamonds,Four_Clubs,Three_Diamonds
  diag: tableau5.faceScan=rowHeight=5.74,lastWhiteBottom=1468.8,whiteRows=78,minimumRows=7,breakY=1503.2
  diag: tableau5.region=1276.0-1468.8
  diag: tableau5=D,D,D,D,Nine_Clubs,Eight_Diamonds,Seven_Clubs,Six_Diamonds,Five_Clubs,Four_Diamonds
  diag: tableau6.faceScan=rowHeight=5.74,lastWhiteBottom=1371.2,whiteRows=70,minimumRows=7,breakY=1405.7
  diag: tableau6.region=1178.5-1371.2
  diag: tableau6=D,D,D,Eight_Clubs,Seven_Diamonds,Six_Clubs,Five_Diamonds,Four_Clubs
  diag: wasteOcr:relevant=false,ms=0,overlapped=false
  diag: waste=empty-color:null
  diag: waste-regions=exact:700-847:empty-color,legacy:750-907:empty-color
  diag: waste-rank-scores={Ace=0.0, Two=0.0, Three=0.0, Four=0.0, Five=0.0, Six=0.0, Seven=0.0, Eight=0.0, Nine=0.0, Ten=0.0, Jack=0.0, Queen=0.0, King=0.0}
  diag: waste-suit-scores={Hearts=0.0, Diamonds=0.0, Clubs=0.0, Spades=0.0}
  diag: livePlayScreen=true
  diag: gameFooter=true
  diag: lobbyScreen=false
  diag: knownFaceUp=27
  diag: timing:total=241ms,tableau=383ms[c0=139,c1=2,c2=31,c3=64,c4=16,c5=71,c6=61],scrub=0ms,deckConstraint=1ms,recognize:hits=29,misses=2,missTime=2ms,missReason:newKey=0,fingerprint=2,bounds=0
  recognition:
  slot foundation:0 4D conf=0.90 rank=rank-png-strong@0.90 {4:0.90 A:0.72 J:0.68 8:0.63} suit=suit-png@0.96 {D:0.92 H:0.82} post=[ink-ratio:red=0.1584,black=0.0000,inkRed=true]
  slot foundation:1 2C conf=0.83 rank=rank-png-strong@0.83 {2:0.83 7:0.77 J:0.72 3:0.72} suit=suit-png@0.81 {C:0.81 S:0.74} post=[black-tiebreak:full=C0.81/S0.74,top=C0.58/S0.52,branch=wideMarginDirect->Clubs; ink-ratio:red=0.0000,black=0.1811,inkRed=false]
  slot foundation:2 3S conf=0.79 rank=rank-png-strong@0.79 {3:0.79 J:0.76 8:0.72 4:0.71} suit=suit-png@0.48 {C:0.81 S:0.78} post=[black-tiebreak:full=C0.81/S0.78,top=C0.53/S0.48,shape=Spades@1.08;branch=topClub-strongSpadeShapeOverride->Spades; ink-ratio:red=0.0000,black=0.1605,inkRed=false; black-tiebreak2:full=C0.81/S0.78,top=C0.53/S0.48,shape=Spades@1.08;branch=topClub-strongSpadeShapeOverride->Spades]
  slot tableau:0 KH conf=0.89 rank=rank-png-strong@0.89 {K:0.89 6:0.82 8:0.80 5:0.79} suit=suit-png@0.99 {H:0.95 D:0.81} post=[ink-ratio:red=0.2685,black=0.0000,inkRed=true,inkRegion=header; cascade:firstFaceTop=837.7,bottomTop=937.5,faceUpStep=48.90,geomCount=3,finalCount=3,bottomRank=Jack,leadingRank=King,rankCount=3,diff=0,applied=false,boundary=[not-face-down@faceDownCount=0:teal=0.000,white=0.519,red=0.352,black=0.000],exposedIndex=0,distanceFromBottom=2]
  slot tableau:0:1 QC conf=0.86 rank=rank-png-strong@0.86 {Q:0.86 9:0.75 8:0.72 10:0.71} suit=suit-opencv@0.52 {S:0.91 C:0.89} post=[ocr=miss:empty; ink-ratio:red=0.0000,black=0.3426,inkRed=false,inkRegion=header; post-black-suit:Spades->Clubs; black-tiebreak2:full=C0.66/S0.66,top=C0.74/S0.69,shape=none;branch=topLeaderDirect->Clubs; cascade:firstFaceTop=837.7,bottomTop=937.5,faceUpStep=48.90,geomCount=3,finalCount=3,bottomRank=Jack,leadingRank=King,rankCount=3,diff=0,applied=false,boundary=[not-face-down@faceDownCount=0:teal=0.000,white=0.519,red=0.352,black=0.000],exposedIndex=1,distanceFromBottom=1; deck-constraint:QC~->QC]
  slot tableau:0:2 JH conf=0.83 rank=rank-png-strong@0.83 {J:0.83 4:0.71 7:0.70 3:0.68} suit=suit-png@0.98 {H:0.94 D:0.80} post=[ink-ratio:red=0.1689,black=0.0400,inkRed=true; cascade:firstFaceTop=837.7,bottomTop=937.5,faceUpStep=48.90,geomCount=3,finalCount=3,bottomRank=Jack,leadingRank=King,rankCount=3,diff=0,applied=false,boundary=[not-face-down@faceDownCount=0:teal=0.000,white=0.519,red=0.352,black=0.000]]
  slot tableau:2 KC conf=0.93 rank=rank-png-strong@0.93 {K:0.93 2:0.78 8:0.78 10:0.78} suit=suit-png@0.82 {S:0.90 C:0.88} post=[black-tiebreak:full=C0.88/S0.90,top=C0.82/S0.86,shape=Clubs@0.36;branch=topSpade-clubShapeVetoWins->Clubs; ink-ratio:red=0.0000,black=0.2361,inkRed=false; cascade:firstFaceTop=837.7,bottomTop=840.0,faceUpStep=48.90,geomCount=1,finalCount=1,bottomRank=King,leadingRank=King,rankCount=1,diff=0,applied=false,boundary=[ran-out-of-room]]
  slot tableau:3 KD conf=0.87 rank=rank-png-strong@0.87 {K:0.87 6:0.81 8:0.81 5:0.78} suit=suit-png@0.98 {D:0.94 H:0.84} post=[ink-ratio:red=0.2685,black=0.0000,inkRed=true,inkRegion=header; cascade:firstFaceTop=837.7,bottomTop=1081.0,faceUpStep=48.90,geomCount=6,finalCount=6,bottomRank=Eight,leadingRank=King,rankCount=6,diff=0,applied=false,boundary=[not-face-down@faceDownCount=0:teal=0.000,white=0.667,red=0.333,black=0.000],exposedIndex=0,distanceFromBottom=5]
  slot tableau:3:1 QS conf=0.91 rank=rank-png-strong@0.91 {Q:0.91 9:0.80 8:0.75 6:0.74} suit=suit-png@0.93 {S:0.93 C:0.87} post=[black-tiebreak:full=C0.87/S0.93,top=C0.81/S0.91,branch=wideMarginDirect->Spades; ink-ratio:red=0.0000,black=0.2778,inkRed=false,inkRegion=header; cascade:firstFaceTop=837.7,bottomTop=1081.0,faceUpStep=48.90,geomCount=6,finalCount=6,bottomRank=Eight,leadingRank=King,rankCount=6,diff=0,applied=false,boundary=[not-face-down@faceDownCount=0:teal=0.000,white=0.667,red=0.333,black=0.000],exposedIndex=1,distanceFromBottom=4]
  slot tableau:3:2 JD conf=0.88 rank=rank-png-strong@0.88 {J:0.88 4:0.82 7:0.73 A:0.72} suit=suit-png@0.97 {D:0.93 H:0.85} post=[ocr=miss:empty; ink-ratio:red=0.1759,black=0.0000,inkRed=true,inkRegion=header; cascade:firstFaceTop=837.7,bottomTop=1081.0,faceUpStep=48.90,geomCount=6,finalCount=6,bottomRank=Eight,leadingRank=King,rankCount=6,diff=0,applied=false,boundary=[not-face-down@faceDownCount=0:teal=0.000,white=0.667,red=0.333,black=0.000],exposedIndex=2,distanceFromBottom=3]
  slot tableau:3:3 10S~ conf=0.87 rank=rank-png-strong@0.87 {10:0.87 Q:0.74 8:0.71 9:0.70} suit=suit-png@0.89 {S:0.94 C:0.89} post=[black-tiebreak:full=C0.89/S0.94,top=C0.79/S0.89,shape=none;branch=topLeaderDirect->Spades; ink-ratio:red=0.0000,black=0.2870,inkRed=false,inkRegion=header; cascade:firstFaceTop=837.7,bottomTop=1081.0,faceUpStep=48.90,geomCount=6,finalCount=6,bottomRank=Eight,leadingRank=King,rankCount=6,diff=0,applied=false,boundary=[not-face-down@faceDownCount=0:teal=0.000,white=0.667,red=0.333,black=0.000],exposedIndex=3,distanceFromBottom=2; deck-constraint:10S->10S~]
  slot tableau:3:4 9D~ conf=0.81 rank=rank-png-strong@0.81 {9:0.81 8:0.80 2:0.78 K:0.78} suit=suit-png@0.96 {D:0.92 H:0.87} post=[ink-ratio:red=0.2222,black=0.0000,inkRed=true,inkRegion=header; cascade:firstFaceTop=837.7,bottomTop=1081.0,faceUpStep=48.90,geomCount=6,finalCount=6,bottomRank=Eight,leadingRank=King,rankCount=6,diff=0,applied=false,boundary=[not-face-down@faceDownCount=0:teal=0.000,white=0.667,red=0.333,black=0.000],exposedIndex=4,distanceFromBottom=1; deck-constraint:9D->9D~]
  slot tableau:3:5 8S conf=0.90 rank=rank-png-strong@0.90 {8:0.90 6:0.81 3:0.78 9:0.77} suit=suit-png@0.95 {S:0.95 C:0.88} post=[black-tiebreak:full=C0.88/S0.95,top=C0.79/S0.95,branch=wideMarginDirect->Spades; ink-ratio:red=0.0000,black=0.2200,inkRed=false; cascade:firstFaceTop=837.7,bottomTop=1081.0,faceUpStep=48.90,geomCount=6,finalCount=6,bottomRank=Eight,leadingRank=King,rankCount=6,diff=0,applied=false,boundary=[not-face-down@faceDownCount=0:teal=0.000,white=0.667,red=0.333,black=0.000]]
  slot tableau:4:1 5H conf=0.93 rank=rank-png-strong@0.93 {5:0.93 6:0.82 9:0.79 8:0.79} suit=suit-png@1.01 {H:0.97 D:0.82} post=[ink-ratio:red=0.2222,black=0.0000,inkRed=true,inkRegion=header; cascade:firstFaceTop=882.1,bottomTop=983.4,faceUpStep=48.90,geomCount=3,finalCount=3,bottomRank=Three,leadingRank=Five,rankCount=3,diff=0,applied=false,boundary=[not-face-down@faceDownCount=1:teal=0.000,white=0.685,red=0.259,black=0.000],exposedIndex=0,distanceFromBottom=2]
  slot tableau:4:2 4S conf=0.94 rank=rank-png-strong@0.94 {4:0.94 A:0.87 9:0.74 J:0.74} suit=suit-png@0.97 {S:0.97 C:0.90} post=[black-tiebreak:full=C0.90/S0.97,top=C0.80/S0.98,branch=wideMarginDirect->Spades; ink-ratio:red=0.0000,black=0.1944,inkRed=false,inkRegion=header; cascade:firstFaceTop=882.1,bottomTop=983.4,faceUpStep=48.90,geomCount=3,finalCount=3,bottomRank=Three,leadingRank=Five,rankCount=3,diff=0,applied=false,boundary=[not-face-down@faceDownCount=1:teal=0.000,white=0.685,red=0.259,black=0.000],exposedIndex=1,distanceFromBottom=1]
  slot tableau:4:3 3H~ conf=0.83 rank=rank-png-strong@0.83 {3:0.83 J:0.77 8:0.76 2:0.73} suit=suit-png@0.99 {H:0.95 D:0.81} post=[ink-ratio:red=0.1911,black=0.0000,inkRed=true; cascade:firstFaceTop=882.1,bottomTop=983.4,faceUpStep=48.90,geomCount=3,finalCount=3,bottomRank=Three,leadingRank=Five,rankCount=3,diff=0,applied=false,boundary=[not-face-down@faceDownCount=1:teal=0.000,white=0.685,red=0.259,black=0.000]; deck-constraint:3H->3H~]
  slot tableau:5:4 9C~ conf=0.87 rank=rank-png-strong@0.87 {9:0.87 A:0.86 8:0.83 Q:0.82} suit=suit-png@0.93 {C:0.93 S:0.88} post=[black-tiebreak:full=C0.93/S0.88,top=C0.93/S0.82,shape=Spades@1.12;branch=topLeaderDirect->Clubs; ink-ratio:red=0.0000,black=0.1852,inkRed=false,inkRegion=header; cascade:firstFaceTop=1015.1,bottomTop=1276.0,faceUpStep=48.90,geomCount=6,finalCount=6,bottomRank=Four,leadingRank=Nine,rankCount=6,diff=0,applied=false,boundary=[not-face-down@faceDownCount=4:teal=0.315,white=0.593,red=0.000,black=0.056],exposedIndex=0,distanceFromBottom=5; deck-constraint:9C->9C~]
  slot tableau:5:5 8D~ conf=0.87 rank=rank-png-strong@0.87 {8:0.87 A:0.86 9:0.83 4:0.82} suit=suit-png@0.87 {D:0.87 H:0.76} post=[ink-ratio:red=0.1759,black=0.0370,inkRed=true,inkRegion=header; cascade:firstFaceTop=1015.1,bottomTop=1276.0,faceUpStep=48.90,geomCount=6,finalCount=6,bottomRank=Four,leadingRank=Nine,rankCount=6,diff=0,applied=false,boundary=[not-face-down@faceDownCount=4:teal=0.315,white=0.593,red=0.000,black=0.056],exposedIndex=1,distanceFromBottom=4; deck-constraint:8D->8D~]
  slot tableau:5:7 6D~ conf=0.87 rank=rank-png-strong@0.87 {6:0.87 A:0.83 4:0.81 8:0.81} suit=suit-png@0.87 {D:0.87 H:0.76} post=[ink-ratio:red=0.1852,black=0.0185,inkRed=true,inkRegion=header; cascade:firstFaceTop=1015.1,bottomTop=1276.0,faceUpStep=48.90,geomCount=6,finalCount=6,bottomRank=Four,leadingRank=Nine,rankCount=6,diff=0,applied=false,boundary=[not-face-down@faceDownCount=4:teal=0.315,white=0.593,red=0.000,black=0.056],exposedIndex=3,distanceFromBottom=2; deck-constraint:6D->6D~]
  slot tableau:5:8 5C~ conf=0.84 rank=rank-png-strong@0.84 {5:0.84 6:0.83 8:0.80 9:0.80} suit=suit-png@0.79 {C:0.79 D:0.79 H:0.72 S:0.67} post=[ink-ratio:red=0.0278,black=0.1759,inkRed=null,inkRegion=header; cascade:firstFaceTop=1015.1,bottomTop=1276.0,faceUpStep=48.90,geomCount=6,finalCount=6,bottomRank=Four,leadingRank=Nine,rankCount=6,diff=0,applied=false,boundary=[not-face-down@faceDownCount=4:teal=0.315,white=0.593,red=0.000,black=0.056],exposedIndex=4,distanceFromBottom=1; deck-constraint:5C->5C~]
  slot tableau:5:9 4H conf=0.89 rank=rank-png-strong@0.89 {4:0.89 A:0.74 J:0.71 8:0.66} suit=suit-png@0.99 {H:0.95 D:0.79} post=[ink-ratio:red=0.1875,black=0.0000,inkRed=true; cascade:firstFaceTop=1015.1,bottomTop=1276.0,faceUpStep=48.90,geomCount=6,finalCount=6,bottomRank=Four,leadingRank=Nine,rankCount=6,diff=0,applied=false,boundary=[not-face-down@faceDownCount=4:teal=0.315,white=0.593,red=0.000,black=0.056]]
  slot tableau:6:3 8C conf=0.93 rank=rank-png-strong@0.93 {8:0.93 9:0.84 6:0.83 A:0.83} suit=suit-png@0.91 {C:0.90 S:0.85} post=[black-tiebreak:full=C0.90/S0.85,top=C0.91/S0.83,shape=Spades@0.60;branch=topLeaderDirect->Clubs; ink-ratio:red=0.0000,black=0.2407,inkRed=false,inkRegion=header; cascade:firstFaceTop=970.7,bottomTop=1178.5,faceUpStep=48.90,geomCount=5,finalCount=5,bottomRank=Four,leadingRank=Eight,rankCount=5,diff=0,applied=false,boundary=[not-face-down@faceDownCount=3:teal=0.000,white=0.519,red=0.000,black=0.130],exposedIndex=0,distanceFromBottom=4]
  slot tableau:6:4 7D~ conf=0.95 rank=rank-png-strong@0.95 {7:0.95 2:0.86 3:0.77 J:0.76} suit=suit-png@0.98 {D:0.94 H:0.83} post=[ocr=miss:empty; ink-ratio:red=0.1759,black=0.0556,inkRed=true,inkRegion=header; cascade:firstFaceTop=970.7,bottomTop=1178.5,faceUpStep=48.90,geomCount=5,finalCount=5,bottomRank=Four,leadingRank=Eight,rankCount=5,diff=0,applied=false,boundary=[not-face-down@faceDownCount=3:teal=0.000,white=0.519,red=0.000,black=0.130],exposedIndex=1,distanceFromBottom=3; deck-constraint:7D->7D~]
  slot tableau:6:5 6C~ conf=0.92 rank=rank-png-strong@0.92 {6:0.92 A:0.83 8:0.83 5:0.83} suit=suit-png@0.92 {C:0.90 S:0.86} post=[black-tiebreak:full=C0.90/S0.86,top=C0.92/S0.84,shape=Spades@0.60;branch=topLeaderDirect->Clubs; ink-ratio:red=0.0000,black=0.2500,inkRed=false,inkRegion=header; cascade:firstFaceTop=970.7,bottomTop=1178.5,faceUpStep=48.90,geomCount=5,finalCount=5,bottomRank=Four,leadingRank=Eight,rankCount=5,diff=0,applied=false,boundary=[not-face-down@faceDownCount=3:teal=0.000,white=0.519,red=0.000,black=0.130],exposedIndex=2,distanceFromBottom=2; deck-constraint:6C->6C~]
  slot tableau:6:6 5D conf=0.94 rank=rank-png-strong@0.94 {5:0.94 6:0.83 K:0.81 9:0.80} suit=suit-png@0.96 {D:0.92 H:0.84} post=[ink-ratio:red=0.1574,black=0.0556,inkRed=true,inkRegion=header; cascade:firstFaceTop=970.7,bottomTop=1178.5,faceUpStep=48.90,geomCount=5,finalCount=5,bottomRank=Four,leadingRank=Eight,rankCount=5,diff=0,applied=false,boundary=[not-face-down@faceDownCount=3:teal=0.000,white=0.519,red=0.000,black=0.130],exposedIndex=3,distanceFromBottom=1]
  slot tableau:6:7 4C conf=0.91 rank=rank-png-strong@0.91 {4:0.91 A:0.73 J:0.72 8:0.66} suit=suit-png@0.86 {C:0.90 S:0.89} post=[black-tiebreak:full=C0.90/S0.89,top=C0.86/S0.82,shape=Clubs@0.36;branch=lowTopMargin-shapeLeader->Clubs; ink-ratio:red=0.0000,black=0.2222,inkRed=false; cascade:firstFaceTop=970.7,bottomTop=1178.5,faceUpStep=48.90,geomCount=5,finalCount=5,bottomRank=Four,leadingRank=Eight,rankCount=5,diff=0,applied=false,boundary=[not-face-down@faceDownCount=3:teal=0.000,white=0.519,red=0.000,black=0.130]]
18:02:38.891 OUTCOME=ARROW status=Best: Draw from stock score=8.0 (draw) 640ms conf=0.77 known=28
  frame=1080x2340 elapsed=640ms conf=0.77 knownFaceUp=28
  timing: queueDelay=5ms detect=640ms select=5ms total=650ms
  move=Draw from stock score=8.0 rationale=draw
  runner-up:
    1. Foundation 3 -> Tableau 6 score=-57.0 (pull-from-foundation)
    2. Foundation 2 -> Tableau 5 score=-57.0 (pull-from-foundation)
    3. Tableau 5 -> Tableau 7 score=-207.0 (defer-no-reveal-stack,lookahead+10.0,reversible)
  from=(991,608) to=(832,608)
  signature=Ten_Hearts|Four_Diamonds;Two_Clubs;Three_Spades;-|King_Hearts,Queen_Clubs,Jack_Hearts;;King_Clubs;King_Diamonds,Queen_Spades,Jack_Diamonds,Ten_Spades,Nine_Diamonds,Eight_Spades;D,Five_Hearts,Four_Spades,Three_Hearts;D,D,D,D,Nine_Clubs,Eight_Diamonds,Seven_Clubs,Six_Diamonds,Five_Clubs,Four_Hearts;D,D,D,Eight_Clubs,Seven_Diamonds,Six_Clubs,Five_Diamonds,Four_Clubs
  diag: boardConfidence=0.85
  diag: profile=solitaire_smash_s25
  diag: stock=face-down-stock
  diag: foundation0=match-Four-Diamonds@0.90:FD
  diag: foundation1=match-Two-Clubs@0.83:TC
  diag: foundation2=match-Three-Spades@0.79:TS
  diag: foundation3=empty-color:null
  diag: tableau0.faceScan=rowHeight=5.74,lastWhiteBottom=1130.3,whiteRows=50,minimumRows=7,breakY=1164.7
  diag: tableau0.region=937.5-1130.3
  diag: tableau0=King_Diamonds,Queen_Clubs,Jack_Diamonds
  diag: tableau1.faceScan=rowHeight=5.74,lastWhiteBottom=1027.0,whiteRows=1,minimumRows=7,breakY=1061.5
  diag: tableau1=
  diag: tableau2.faceScan=rowHeight=5.74,lastWhiteBottom=1032.8,whiteRows=34,minimumRows=7,breakY=1067.2
  diag: tableau2.region=840.0-1032.8
  diag: tableau2=King_Clubs
  diag: tableau3.faceScan=rowHeight=5.74,lastWhiteBottom=1273.7,whiteRows=73,minimumRows=7,breakY=1308.1
  diag: tableau3.region=1081.0-1273.7
  diag: tableau3=King_Diamonds,Queen_Clubs,Jack_Diamonds,Ten_Clubs,Nine_Diamonds,Eight_Clubs
  diag: tableau4.faceScan=rowHeight=5.74,lastWhiteBottom=1176.2,whiteRows=51,minimumRows=7,breakY=1210.6
  diag: tableau4.region=983.4-1176.2
  diag: tableau4=D,Five_Diamonds,Four_Clubs,Three_Diamonds
  diag: tableau5.faceScan=rowHeight=5.74,lastWhiteBottom=1468.8,whiteRows=78,minimumRows=7,breakY=1503.2
  diag: tableau5.region=1276.0-1468.8
  diag: tableau5=D,D,D,D,Nine_Clubs,Eight_Diamonds,Seven_Clubs,Six_Diamonds,Five_Clubs,Four_Diamonds
  diag: tableau6.faceScan=rowHeight=5.74,lastWhiteBottom=1371.2,whiteRows=70,minimumRows=7,breakY=1405.7
  diag: tableau6.region=1178.5-1371.2
  diag: tableau6=D,D,D,Eight_Clubs,Seven_Diamonds,Six_Clubs,Five_Diamonds,Four_Clubs
  diag: wasteOcr:relevant=true,ms=240,overlapped=true
  diag: waste=fused-Ten-Hearts:TH
  diag: waste-regions=exact:763-901:face-up-color-red-rank=null,legacy:750-907:match-Ten-Hearts@0.61
  diag: waste-rank-scores={Ace=0.44878563, Two=0.575725, Three=0.45652175, Four=0.4635143, Five=0.35023522, Six=0.46153846, Seven=0.54677874, Eight=0.49262536, Nine=0.47357926, Ten=0.5424739, Jack=0.5738758, Queen=0.43889478, King=0.5141463}
  diag: waste-suit-scores={Hearts=0.96724296, Diamonds=0.8690546, Clubs=0.76207197, Spades=0.85595685}
  diag: whole@762,503,901,713:ocr=miss:empty;corner@762,503,823,566:ocr=miss:empty;whole@749,503,907,713:ocr=miss:empty;corner@749,503,819,566:ocr=miss:empty;whole@707,503,845,713:ocr='A'@0.62
  diag: livePlayScreen=true
  diag: gameFooter=true
  diag: lobbyScreen=false
  diag: knownFaceUp=28
  diag: timing:total=633ms,tableau=274ms[c0=99,c1=7,c2=26,c3=41,c4=34,c5=39,c6=28],scrub=0ms,deckConstraint=1ms,recognize:hits=29,misses=2,missTime=132ms,missReason:newKey=0,fingerprint=2,bounds=0
  recognition:
  slot foundation:0 4D conf=0.90 rank=rank-png-strong@0.90 {4:0.90 A:0.72 J:0.68 8:0.63} suit=suit-png@0.96 {D:0.92 H:0.82} post=[ink-ratio:red=0.1584,black=0.0000,inkRed=true]
  slot foundation:1 2C conf=0.83 rank=rank-png-strong@0.83 {2:0.83 7:0.77 J:0.72 3:0.72} suit=suit-png@0.81 {C:0.81 S:0.74} post=[black-tiebreak:full=C0.81/S0.74,top=C0.58/S0.52,branch=wideMarginDirect->Clubs; ink-ratio:red=0.0000,black=0.1811,inkRed=false]
  slot foundation:2 3S conf=0.79 rank=rank-png-strong@0.79 {3:0.79 J:0.76 8:0.72 4:0.71} suit=suit-png@0.48 {C:0.81 S:0.78} post=[black-tiebreak:full=C0.81/S0.78,top=C0.53/S0.48,shape=Spades@1.08;branch=topClub-strongSpadeShapeOverride->Spades; ink-ratio:red=0.0000,black=0.1605,inkRed=false; black-tiebreak2:full=C0.81/S0.78,top=C0.53/S0.48,shape=Spades@1.08;branch=topClub-strongSpadeShapeOverride->Spades]
  slot tableau:0 KH conf=0.89 rank=rank-png-strong@0.89 {K:0.89 6:0.82 8:0.80 5:0.79} suit=suit-png@0.99 {H:0.95 D:0.81} post=[ink-ratio:red=0.2685,black=0.0000,inkRed=true,inkRegion=header; cascade:firstFaceTop=837.7,bottomTop=937.5,faceUpStep=48.90,geomCount=3,finalCount=3,bottomRank=Jack,leadingRank=King,rankCount=3,diff=0,applied=false,boundary=[not-face-down@faceDownCount=0:teal=0.000,white=0.519,red=0.352,black=0.000],exposedIndex=0,distanceFromBottom=2]
  slot tableau:0:1 QC conf=0.86 rank=rank-png-strong@0.86 {Q:0.86 9:0.75 8:0.72 10:0.71} suit=suit-opencv@0.52 {S:0.91 C:0.89} post=[ocr=miss:empty; ink-ratio:red=0.0000,black=0.3426,inkRed=false,inkRegion=header; post-black-suit:Spades->Clubs; black-tiebreak2:full=C0.66/S0.66,top=C0.74/S0.69,shape=none;branch=topLeaderDirect->Clubs; cascade:firstFaceTop=837.7,bottomTop=937.5,faceUpStep=48.90,geomCount=3,finalCount=3,bottomRank=Jack,leadingRank=King,rankCount=3,diff=0,applied=false,boundary=[not-face-down@faceDownCount=0:teal=0.000,white=0.519,red=0.352,black=0.000],exposedIndex=1,distanceFromBottom=1; deck-constraint:QC~->QC]
  slot tableau:0:2 JH conf=0.83 rank=rank-png-strong@0.83 {J:0.83 4:0.71 7:0.70 3:0.68} suit=suit-png@0.98 {H:0.94 D:0.80} post=[ink-ratio:red=0.1689,black=0.0400,inkRed=true; cascade:firstFaceTop=837.7,bottomTop=937.5,faceUpStep=48.90,geomCount=3,finalCount=3,bottomRank=Jack,leadingRank=King,rankCount=3,diff=0,applied=false,boundary=[not-face-down@faceDownCount=0:teal=0.000,white=0.519,red=0.352,black=0.000]]
  slot tableau:2 KC conf=0.93 rank=rank-png-strong@0.93 {K:0.93 2:0.78 8:0.78 10:0.78} suit=suit-png@0.82 {S:0.90 C:0.88} post=[black-tiebreak:full=C0.88/S0.90,top=C0.82/S0.86,shape=Clubs@0.36;branch=topSpade-clubShapeVetoWins->Clubs; ink-ratio:red=0.0000,black=0.2361,inkRed=false; cascade:firstFaceTop=837.7,bottomTop=840.0,faceUpStep=48.90,geomCount=1,finalCount=1,bottomRank=King,leadingRank=King,rankCount=1,diff=0,applied=false,boundary=[ran-out-of-room]]
  slot tableau:3 KD conf=0.87 rank=rank-png-strong@0.87 {K:0.87 6:0.81 8:0.81 5:0.78} suit=suit-png@0.98 {D:0.94 H:0.84} post=[ink-ratio:red=0.2685,black=0.0000,inkRed=true,inkRegion=header; cascade:firstFaceTop=837.7,bottomTop=1081.0,faceUpStep=48.90,geomCount=6,finalCount=6,bottomRank=Eight,leadingRank=King,rankCount=6,diff=0,applied=false,boundary=[not-face-down@faceDownCount=0:teal=0.000,white=0.667,red=0.333,black=0.000],exposedIndex=0,distanceFromBottom=5]
  slot tableau:3:1 QS conf=0.91 rank=rank-png-strong@0.91 {Q:0.91 9:0.80 8:0.75 6:0.74} suit=suit-png@0.93 {S:0.93 C:0.87} post=[black-tiebreak:full=C0.87/S0.93,top=C0.81/S0.91,branch=wideMarginDirect->Spades; ink-ratio:red=0.0000,black=0.2778,inkRed=false,inkRegion=header; cascade:firstFaceTop=837.7,bottomTop=1081.0,faceUpStep=48.90,geomCount=6,finalCount=6,bottomRank=Eight,leadingRank=King,rankCount=6,diff=0,applied=false,boundary=[not-face-down@faceDownCount=0:teal=0.000,white=0.667,red=0.333,black=0.000],exposedIndex=1,distanceFromBottom=4]
  slot tableau:3:2 JD conf=0.88 rank=rank-png-strong@0.88 {J:0.88 4:0.82 7:0.73 A:0.72} suit=suit-png@0.97 {D:0.93 H:0.85} post=[ocr=miss:empty; ink-ratio:red=0.1759,black=0.0000,inkRed=true,inkRegion=header; cascade:firstFaceTop=837.7,bottomTop=1081.0,faceUpStep=48.90,geomCount=6,finalCount=6,bottomRank=Eight,leadingRank=King,rankCount=6,diff=0,applied=false,boundary=[not-face-down@faceDownCount=0:teal=0.000,white=0.667,red=0.333,black=0.000],exposedIndex=2,distanceFromBottom=3]
  slot tableau:3:3 10S~ conf=0.87 rank=rank-png-strong@0.87 {10:0.87 Q:0.74 8:0.71 9:0.70} suit=suit-png@0.89 {S:0.94 C:0.89} post=[black-tiebreak:full=C0.89/S0.94,top=C0.79/S0.89,shape=none;branch=topLeaderDirect->Spades; ink-ratio:red=0.0000,black=0.2870,inkRed=false,inkRegion=header; cascade:firstFaceTop=837.7,bottomTop=1081.0,faceUpStep=48.90,geomCount=6,finalCount=6,bottomRank=Eight,leadingRank=King,rankCount=6,diff=0,applied=false,boundary=[not-face-down@faceDownCount=0:teal=0.000,white=0.667,red=0.333,black=0.000],exposedIndex=3,distanceFromBottom=2; deck-constraint:10S->10S~]
  slot tableau:3:4 9D~ conf=0.81 rank=rank-png-strong@0.81 {9:0.81 8:0.80 2:0.78 K:0.78} suit=suit-png@0.96 {D:0.92 H:0.87} post=[ink-ratio:red=0.2222,black=0.0000,inkRed=true,inkRegion=header; cascade:firstFaceTop=837.7,bottomTop=1081.0,faceUpStep=48.90,geomCount=6,finalCount=6,bottomRank=Eight,leadingRank=King,rankCount=6,diff=0,applied=false,boundary=[not-face-down@faceDownCount=0:teal=0.000,white=0.667,red=0.333,black=0.000],exposedIndex=4,distanceFromBottom=1; deck-constraint:9D->9D~]
  slot tableau:3:5 8S conf=0.90 rank=rank-png-strong@0.90 {8:0.90 6:0.81 3:0.78 9:0.77} suit=suit-png@0.95 {S:0.95 C:0.88} post=[black-tiebreak:full=C0.88/S0.95,top=C0.79/S0.95,branch=wideMarginDirect->Spades; ink-ratio:red=0.0000,black=0.2200,inkRed=false; cascade:firstFaceTop=837.7,bottomTop=1081.0,faceUpStep=48.90,geomCount=6,finalCount=6,bottomRank=Eight,leadingRank=King,rankCount=6,diff=0,applied=false,boundary=[not-face-down@faceDownCount=0:teal=0.000,white=0.667,red=0.333,black=0.000]]
  slot tableau:4:1 5H conf=0.93 rank=rank-png-strong@0.93 {5:0.93 6:0.82 9:0.79 8:0.79} suit=suit-png@1.01 {H:0.97 D:0.82} post=[ink-ratio:red=0.2222,black=0.0000,inkRed=true,inkRegion=header; cascade:firstFaceTop=882.1,bottomTop=983.4,faceUpStep=48.90,geomCount=3,finalCount=3,bottomRank=Three,leadingRank=Five,rankCount=3,diff=0,applied=false,boundary=[not-face-down@faceDownCount=1:teal=0.000,white=0.685,red=0.259,black=0.000],exposedIndex=0,distanceFromBottom=2]
  slot tableau:4:2 4S conf=0.94 rank=rank-png-strong@0.94 {4:0.94 A:0.87 9:0.74 J:0.74} suit=suit-png@0.97 {S:0.97 C:0.90} post=[black-tiebreak:full=C0.90/S0.97,top=C0.80/S0.98,branch=wideMarginDirect->Spades; ink-ratio:red=0.0000,black=0.1944,inkRed=false,inkRegion=header; cascade:firstFaceTop=882.1,bottomTop=983.4,faceUpStep=48.90,geomCount=3,finalCount=3,bottomRank=Three,leadingRank=Five,rankCount=3,diff=0,applied=false,boundary=[not-face-down@faceDownCount=1:teal=0.000,white=0.685,red=0.259,black=0.000],exposedIndex=1,distanceFromBottom=1]
  slot tableau:4:3 3H~ conf=0.83 rank=rank-png-strong@0.83 {3:0.83 J:0.77 8:0.76 2:0.73} suit=suit-png@0.99 {H:0.95 D:0.81} post=[ink-ratio:red=0.1911,black=0.0000,inkRed=true; cascade:firstFaceTop=882.1,bottomTop=983.4,faceUpStep=48.90,geomCount=3,finalCount=3,bottomRank=Three,leadingRank=Five,rankCount=3,diff=0,applied=false,boundary=[not-face-down@faceDownCount=1:teal=0.000,white=0.685,red=0.259,black=0.000]; deck-constraint:3H->3H~]
  slot tableau:5:4 9C~ conf=0.87 rank=rank-png-strong@0.87 {9:0.87 A:0.86 8:0.83 Q:0.82} suit=suit-png@0.93 {C:0.93 S:0.88} post=[black-tiebreak:full=C0.93/S0.88,top=C0.93/S0.82,shape=Spades@1.12;branch=topLeaderDirect->Clubs; ink-ratio:red=0.0000,black=0.1852,inkRed=false,inkRegion=header; cascade:firstFaceTop=1015.1,bottomTop=1276.0,faceUpStep=48.90,geomCount=6,finalCount=6,bottomRank=Four,leadingRank=Nine,rankCount=6,diff=0,applied=false,boundary=[not-face-down@faceDownCount=4:teal=0.315,white=0.593,red=0.000,black=0.056],exposedIndex=0,distanceFromBottom=5; deck-constraint:9C->9C~]
  slot tableau:5:5 8D~ conf=0.87 rank=rank-png-strong@0.87 {8:0.87 A:0.86 9:0.83 4:0.82} suit=suit-png@0.87 {D:0.87 H:0.76} post=[ink-ratio:red=0.1759,black=0.0370,inkRed=true,inkRegion=header; cascade:firstFaceTop=1015.1,bottomTop=1276.0,faceUpStep=48.90,geomCount=6,finalCount=6,bottomRank=Four,leadingRank=Nine,rankCount=6,diff=0,applied=false,boundary=[not-face-down@faceDownCount=4:teal=0.315,white=0.593,red=0.000,black=0.056],exposedIndex=1,distanceFromBottom=4; deck-constraint:8D->8D~]
  slot tableau:5:7 6D~ conf=0.87 rank=rank-png-strong@0.87 {6:0.87 A:0.83 4:0.81 8:0.81} suit=suit-png@0.87 {D:0.87 H:0.76} post=[ink-ratio:red=0.1852,black=0.0185,inkRed=true,inkRegion=header; cascade:firstFaceTop=1015.1,bottomTop=1276.0,faceUpStep=48.90,geomCount=6,finalCount=6,bottomRank=Four,leadingRank=Nine,rankCount=6,diff=0,applied=false,boundary=[not-face-down@faceDownCount=4:teal=0.315,white=0.593,red=0.000,black=0.056],exposedIndex=3,distanceFromBottom=2; deck-constraint:6D->6D~]
  slot tableau:5:8 5C~ conf=0.84 rank=rank-png-strong@0.84 {5:0.84 6:0.83 8:0.80 9:0.80} suit=suit-png@0.79 {C:0.79 D:0.79 H:0.72 S:0.67} post=[ink-ratio:red=0.0278,black=0.1759,inkRed=null,inkRegion=header; cascade:firstFaceTop=1015.1,bottomTop=1276.0,faceUpStep=48.90,geomCount=6,finalCount=6,bottomRank=Four,leadingRank=Nine,rankCount=6,diff=0,applied=false,boundary=[not-face-down@faceDownCount=4:teal=0.315,white=0.593,red=0.000,black=0.056],exposedIndex=4,distanceFromBottom=1; deck-constraint:5C->5C~]
  slot tableau:5:9 4H conf=0.89 rank=rank-png-strong@0.89 {4:0.89 A:0.74 J:0.71 8:0.66} suit=suit-png@0.99 {H:0.95 D:0.79} post=[ink-ratio:red=0.1875,black=0.0000,inkRed=true; cascade:firstFaceTop=1015.1,bottomTop=1276.0,faceUpStep=48.90,geomCount=6,finalCount=6,bottomRank=Four,leadingRank=Nine,rankCount=6,diff=0,applied=false,boundary=[not-face-down@faceDownCount=4:teal=0.315,white=0.593,red=0.000,black=0.056]]
  slot tableau:6:3 8C conf=0.93 rank=rank-png-strong@0.93 {8:0.93 9:0.84 6:0.83 A:0.83} suit=suit-png@0.91 {C:0.90 S:0.85} post=[black-tiebreak:full=C0.90/S0.85,top=C0.91/S0.83,shape=Spades@0.60;branch=topLeaderDirect->Clubs; ink-ratio:red=0.0000,black=0.2407,inkRed=false,inkRegion=header; cascade:firstFaceTop=970.7,bottomTop=1178.5,faceUpStep=48.90,geomCount=5,finalCount=5,bottomRank=Four,leadingRank=Eight,rankCount=5,diff=0,applied=false,boundary=[not-face-down@faceDownCount=3:teal=0.000,white=0.519,red=0.000,black=0.130],exposedIndex=0,distanceFromBottom=4]
  slot tableau:6:4 7D~ conf=0.95 rank=rank-png-strong@0.95 {7:0.95 2:0.86 3:0.77 J:0.76} suit=suit-png@0.98 {D:0.94 H:0.83} post=[ocr=miss:empty; ink-ratio:red=0.1759,black=0.0556,inkRed=true,inkRegion=header; cascade:firstFaceTop=970.7,bottomTop=1178.5,faceUpStep=48.90,geomCount=5,finalCount=5,bottomRank=Four,leadingRank=Eight,rankCount=5,diff=0,applied=false,boundary=[not-face-down@faceDownCount=3:teal=0.000,white=0.519,red=0.000,black=0.130],exposedIndex=1,distanceFromBottom=3; deck-constraint:7D->7D~]
  slot tableau:6:5 6C~ conf=0.92 rank=rank-png-strong@0.92 {6:0.92 A:0.83 8:0.83 5:0.83} suit=suit-png@0.92 {C:0.90 S:0.86} post=[black-tiebreak:full=C0.90/S0.86,top=C0.92/S0.84,shape=Spades@0.60;branch=topLeaderDirect->Clubs; ink-ratio:red=0.0000,black=0.2500,inkRed=false,inkRegion=header; cascade:firstFaceTop=970.7,bottomTop=1178.5,faceUpStep=48.90,geomCount=5,finalCount=5,bottomRank=Four,leadingRank=Eight,rankCount=5,diff=0,applied=false,boundary=[not-face-down@faceDownCount=3:teal=0.000,white=0.519,red=0.000,black=0.130],exposedIndex=2,distanceFromBottom=2; deck-constraint:6C->6C~]
  slot tableau:6:6 5D conf=0.94 rank=rank-png-strong@0.94 {5:0.94 6:0.83 K:0.81 9:0.80} suit=suit-png@0.96 {D:0.92 H:0.84} post=[ink-ratio:red=0.1574,black=0.0556,inkRed=true,inkRegion=header; cascade:firstFaceTop=970.7,bottomTop=1178.5,faceUpStep=48.90,geomCount=5,finalCount=5,bottomRank=Four,leadingRank=Eight,rankCount=5,diff=0,applied=false,boundary=[not-face-down@faceDownCount=3:teal=0.000,white=0.519,red=0.000,black=0.130],exposedIndex=3,distanceFromBottom=1]
  slot tableau:6:7 4C conf=0.91 rank=rank-png-strong@0.91 {4:0.91 A:0.73 J:0.72 8:0.66} suit=suit-png@0.86 {C:0.90 S:0.89} post=[black-tiebreak:full=C0.90/S0.89,top=C0.86/S0.82,shape=Clubs@0.36;branch=lowTopMargin-shapeLeader->Clubs; ink-ratio:red=0.0000,black=0.2222,inkRed=false; cascade:firstFaceTop=970.7,bottomTop=1178.5,faceUpStep=48.90,geomCount=5,finalCount=5,bottomRank=Four,leadingRank=Eight,rankCount=5,diff=0,applied=false,boundary=[not-face-down@faceDownCount=3:teal=0.000,white=0.519,red=0.000,black=0.130]]
  slot waste 10H conf=0.61 rank=rank-png@0.61 {2:0.58 J:0.57 7:0.55 10:0.54} suit=suit-png@0.97 {H:0.97 D:0.87} post=[waste-fusion:legacy=Ten_Hearts,tight=null; whole@762,503,901,713:ocr=miss:empty;corner@762,503,823,566:ocr=miss:empty;whole@749,503,907,713:ocr=miss:empty;corner@749,503,819,566:ocr=miss:empty;whole@707,503,845,713:ocr='A'@0.62; ocr=miss:empty; ink-ratio:red=0.1829,black=0.0000,inkRed=true; ink-ratio:red=0.2037,black=0.0000,inkRed=true]
18:02:39.489 OUTCOME=ARROW status=Best: Draw from stock score=8.0 (draw) 589ms conf=0.80 known=28
  frame=1080x2340 elapsed=589ms conf=0.80 knownFaceUp=28
  timing: queueDelay=13ms detect=589ms select=5ms total=607ms
  move=Draw from stock score=8.0 rationale=draw
  runner-up:
    1. Foundation 3 -> Tableau 6 score=-57.0 (pull-from-foundation)
    2. Foundation 2 -> Tableau 5 score=-57.0 (pull-from-foundation)
    3. Tableau 5 -> Tableau 7 score=-207.0 (defer-no-reveal-stack,lookahead+10.0,reversible)
  from=(991,608) to=(826,608)
  signature=Jack_Clubs|Four_Diamonds;Two_Clubs;Three_Spades;-|King_Hearts,Queen_Clubs,Jack_Hearts;;King_Clubs;King_Diamonds,Queen_Spades,Jack_Diamonds,Ten_Spades,Nine_Diamonds,Eight_Spades;D,Five_Hearts,Four_Spades,Three_Hearts;D,D,D,D,Nine_Clubs,Eight_Diamonds,Seven_Clubs,Six_Diamonds,Five_Clubs,Four_Hearts;D,D,D,Eight_Clubs,Seven_Diamonds,Six_Clubs,Five_Diamonds,Four_Clubs
  diag: boardConfidence=0.85
  diag: profile=solitaire_smash_s25
  diag: stock=face-down-stock
  diag: foundation0=match-Four-Diamonds@0.90:FD
  diag: foundation1=match-Two-Clubs@0.83:TC
  diag: foundation2=match-Three-Spades@0.79:TS
  diag: foundation3=empty-color:null
  diag: tableau0.faceScan=rowHeight=5.74,lastWhiteBottom=1130.3,whiteRows=50,minimumRows=7,breakY=1164.7
  diag: tableau0.region=937.5-1130.3
  diag: tableau0=King_Diamonds,Queen_Clubs,Jack_Diamonds
  diag: tableau1.faceScan=rowHeight=5.74,lastWhiteBottom=1027.0,whiteRows=1,minimumRows=7,breakY=1061.5
  diag: tableau1=
  diag: tableau2.faceScan=rowHeight=5.74,lastWhiteBottom=1032.8,whiteRows=34,minimumRows=7,breakY=1067.2
  diag: tableau2.region=840.0-1032.8
  diag: tableau2=King_Clubs
  diag: tableau3.faceScan=rowHeight=5.74,lastWhiteBottom=1273.7,whiteRows=73,minimumRows=7,breakY=1308.1
  diag: tableau3.region=1081.0-1273.7
  diag: tableau3=King_Diamonds,Queen_Clubs,Jack_Diamonds,Ten_Clubs,Nine_Diamonds,Eight_Clubs
  diag: tableau4.faceScan=rowHeight=5.74,lastWhiteBottom=1176.2,whiteRows=51,minimumRows=7,breakY=1210.6
  diag: tableau4.region=983.4-1176.2
  diag: tableau4=D,Five_Diamonds,Four_Clubs,Three_Diamonds
  diag: tableau5.faceScan=rowHeight=5.74,lastWhiteBottom=1468.8,whiteRows=78,minimumRows=7,breakY=1503.2
  diag: tableau5.region=1276.0-1468.8
  diag: tableau5=D,D,D,D,Nine_Clubs,Eight_Diamonds,Seven_Clubs,Six_Diamonds,Five_Clubs,Four_Diamonds
  diag: tableau6.faceScan=rowHeight=5.74,lastWhiteBottom=1371.2,whiteRows=70,minimumRows=7,breakY=1405.7
  diag: tableau6.region=1178.5-1371.2
  diag: tableau6=D,D,D,Eight_Clubs,Seven_Diamonds,Six_Clubs,Five_Diamonds,Four_Clubs
  diag: wasteOcr:relevant=true,ms=85,overlapped=true
  diag: waste=fused-Jack-Clubs:JC
  diag: waste-regions=exact:757-895:match-Four-Clubs@0.56,legacy:750-907:match-Jack-Clubs@0.76
  diag: waste-rank-scores={Ace=0.38053098, Two=0.28167203, Three=0.37271005, Four=0.36214605, Five=0.40846825, Six=0.38226482, Seven=0.15696888, Eight=0.38154194, Nine=0.35785756, Ten=0.34920636, Jack=0.375, Queen=0.42412698, King=0.34129694}
  diag: waste-suit-scores={Clubs=0.79936475, Spades=0.7149271}
  diag: waste-disagreement=tight:Four_Clubs,legacy:Jack_Clubs
  diag: whole@756,503,895,713:ocr=miss:empty;corner@756,503,817,566:ocr='J'@0.62
  diag: waste-ocr-rank=Jack
  diag: livePlayScreen=true
  diag: gameFooter=true
  diag: lobbyScreen=false
  diag: knownFaceUp=28
  diag: timing:total=570ms,tableau=419ms[c0=173,c1=2,c2=10,c3=79,c4=48,c5=86,c6=21],scrub=0ms,deckConstraint=2ms,recognize:hits=29,misses=2,missTime=222ms,missReason:newKey=0,fingerprint=2,bounds=0
  recognition:
  slot foundation:0 4D conf=0.90 rank=rank-png-strong@0.90 {4:0.90 A:0.72 J:0.68 8:0.63} suit=suit-png@0.96 {D:0.92 H:0.82} post=[ink-ratio:red=0.1584,black=0.0000,inkRed=true]
  slot foundation:1 2C conf=0.83 rank=rank-png-strong@0.83 {2:0.83 7:0.77 J:0.72 3:0.72} suit=suit-png@0.81 {C:0.81 S:0.74} post=[black-tiebreak:full=C0.81/S0.74,top=C0.58/S0.52,branch=wideMarginDirect->Clubs; ink-ratio:red=0.0000,black=0.1811,inkRed=false]
  slot foundation:2 3S conf=0.79 rank=rank-png-strong@0.79 {3:0.79 J:0.76 8:0.72 4:0.71} suit=suit-png@0.48 {C:0.81 S:0.78} post=[black-tiebreak:full=C0.81/S0.78,top=C0.53/S0.48,shape=Spades@1.08;branch=topClub-strongSpadeShapeOverride->Spades; ink-ratio:red=0.0000,black=0.1605,inkRed=false; black-tiebreak2:full=C0.81/S0.78,top=C0.53/S0.48,shape=Spades@1.08;branch=topClub-strongSpadeShapeOverride->Spades]
  slot tableau:0 KH conf=0.89 rank=rank-png-strong@0.89 {K:0.89 6:0.82 8:0.80 5:0.79} suit=suit-png@0.99 {H:0.95 D:0.81} post=[ink-ratio:red=0.2685,black=0.0000,inkRed=true,inkRegion=header; cascade:firstFaceTop=837.7,bottomTop=937.5,faceUpStep=48.90,geomCount=3,finalCount=3,bottomRank=Jack,leadingRank=King,rankCount=3,diff=0,applied=false,boundary=[not-face-down@faceDownCount=0:teal=0.000,white=0.519,red=0.352,black=0.000],exposedIndex=0,distanceFromBottom=2]
  slot tableau:0:1 QC conf=0.86 rank=rank-png-strong@0.86 {Q:0.86 9:0.75 8:0.72 10:0.71} suit=suit-opencv@0.52 {S:0.91 C:0.89} post=[ocr=miss:empty; ink-ratio:red=0.0000,black=0.3426,inkRed=false,inkRegion=header; post-black-suit:Spades->Clubs; black-tiebreak2:full=C0.66/S0.66,top=C0.74/S0.69,shape=none;branch=topLeaderDirect->Clubs; cascade:firstFaceTop=837.7,bottomTop=937.5,faceUpStep=48.90,geomCount=3,finalCount=3,bottomRank=Jack,leadingRank=King,rankCount=3,diff=0,applied=false,boundary=[not-face-down@faceDownCount=0:teal=0.000,white=0.519,red=0.352,black=0.000],exposedIndex=1,distanceFromBottom=1; deck-constraint:QC~->QC]
  slot tableau:0:2 JH conf=0.83 rank=rank-png-strong@0.83 {J:0.83 4:0.71 7:0.70 3:0.68} suit=suit-png@0.98 {H:0.94 D:0.80} post=[ink-ratio:red=0.1689,black=0.0400,inkRed=true; cascade:firstFaceTop=837.7,bottomTop=937.5,faceUpStep=48.90,geomCount=3,finalCount=3,bottomRank=Jack,leadingRank=King,rankCount=3,diff=0,applied=false,boundary=[not-face-down@faceDownCount=0:teal=0.000,white=0.519,red=0.352,black=0.000]]
  slot tableau:2 KC conf=0.93 rank=rank-png-strong@0.93 {K:0.93 2:0.78 8:0.78 10:0.78} suit=suit-png@0.82 {S:0.90 C:0.88} post=[black-tiebreak:full=C0.88/S0.90,top=C0.82/S0.86,shape=Clubs@0.36;branch=topSpade-clubShapeVetoWins->Clubs; ink-ratio:red=0.0000,black=0.2361,inkRed=false; cascade:firstFaceTop=837.7,bottomTop=840.0,faceUpStep=48.90,geomCount=1,finalCount=1,bottomRank=King,leadingRank=King,rankCount=1,diff=0,applied=false,boundary=[ran-out-of-room]]
  slot tableau:3 KD conf=0.87 rank=rank-png-strong@0.87 {K:0.87 6:0.81 8:0.81 5:0.78} suit=suit-png@0.98 {D:0.94 H:0.84} post=[ink-ratio:red=0.2685,black=0.0000,inkRed=true,inkRegion=header; cascade:firstFaceTop=837.7,bottomTop=1081.0,faceUpStep=48.90,geomCount=6,finalCount=6,bottomRank=Eight,leadingRank=King,rankCount=6,diff=0,applied=false,boundary=[not-face-down@faceDownCount=0:teal=0.000,white=0.667,red=0.333,black=0.000],exposedIndex=0,distanceFromBottom=5]
  slot tableau:3:1 QS conf=0.91 rank=rank-png-strong@0.91 {Q:0.91 9:0.80 8:0.75 6:0.74} suit=suit-png@0.93 {S:0.93 C:0.87} post=[black-tiebreak:full=C0.87/S0.93,top=C0.81/S0.91,branch=wideMarginDirect->Spades; ink-ratio:red=0.0000,black=0.2778,inkRed=false,inkRegion=header; cascade:firstFaceTop=837.7,bottomTop=1081.0,faceUpStep=48.90,geomCount=6,finalCount=6,bottomRank=Eight,leadingRank=King,rankCount=6,diff=0,applied=false,boundary=[not-face-down@faceDownCount=0:teal=0.000,white=0.667,red=0.333,black=0.000],exposedIndex=1,distanceFromBottom=4]
  slot tableau:3:2 JD conf=0.88 rank=rank-png-strong@0.88 {J:0.88 4:0.82 7:0.73 A:0.72} suit=suit-png@0.97 {D:0.93 H:0.85} post=[ocr=miss:empty; ink-ratio:red=0.1759,black=0.0000,inkRed=true,inkRegion=header; cascade:firstFaceTop=837.7,bottomTop=1081.0,faceUpStep=48.90,geomCount=6,finalCount=6,bottomRank=Eight,leadingRank=King,rankCount=6,diff=0,applied=false,boundary=[not-face-down@faceDownCount=0:teal=0.000,white=0.667,red=0.333,black=0.000],exposedIndex=2,distanceFromBottom=3]
  slot tableau:3:3 10S~ conf=0.87 rank=rank-png-strong@0.87 {10:0.87 Q:0.74 8:0.71 9:0.70} suit=suit-png@0.89 {S:0.94 C:0.89} post=[black-tiebreak:full=C0.89/S0.94,top=C0.79/S0.89,shape=none;branch=topLeaderDirect->Spades; ink-ratio:red=0.0000,black=0.2870,inkRed=false,inkRegion=header; cascade:firstFaceTop=837.7,bottomTop=1081.0,faceUpStep=48.90,geomCount=6,finalCount=6,bottomRank=Eight,leadingRank=King,rankCount=6,diff=0,applied=false,boundary=[not-face-down@faceDownCount=0:teal=0.000,white=0.667,red=0.333,black=0.000],exposedIndex=3,distanceFromBottom=2; deck-constraint:10S->10S~]
  slot tableau:3:4 9D~ conf=0.81 rank=rank-png-strong@0.81 {9:0.81 8:0.80 2:0.78 K:0.78} suit=suit-png@0.96 {D:0.92 H:0.87} post=[ink-ratio:red=0.2222,black=0.0000,inkRed=true,inkRegion=header; cascade:firstFaceTop=837.7,bottomTop=1081.0,faceUpStep=48.90,geomCount=6,finalCount=6,bottomRank=Eight,leadingRank=King,rankCount=6,diff=0,applied=false,boundary=[not-face-down@faceDownCount=0:teal=0.000,white=0.667,red=0.333,black=0.000],exposedIndex=4,distanceFromBottom=1; deck-constraint:9D->9D~]
  slot tableau:3:5 8S conf=0.90 rank=rank-png-strong@0.90 {8:0.90 6:0.81 3:0.78 9:0.77} suit=suit-png@0.95 {S:0.95 C:0.88} post=[black-tiebreak:full=C0.88/S0.95,top=C0.79/S0.95,branch=wideMarginDirect->Spades; ink-ratio:red=0.0000,black=0.2200,inkRed=false; cascade:firstFaceTop=837.7,bottomTop=1081.0,faceUpStep=48.90,geomCount=6,finalCount=6,bottomRank=Eight,leadingRank=King,rankCount=6,diff=0,applied=false,boundary=[not-face-down@faceDownCount=0:teal=0.000,white=0.667,red=0.333,black=0.000]]
  slot tableau:4:1 5H conf=0.93 rank=rank-png-strong@0.93 {5:0.93 6:0.82 9:0.79 8:0.79} suit=suit-png@1.01 {H:0.97 D:0.82} post=[ink-ratio:red=0.2222,black=0.0000,inkRed=true,inkRegion=header; cascade:firstFaceTop=882.1,bottomTop=983.4,faceUpStep=48.90,geomCount=3,finalCount=3,bottomRank=Three,leadingRank=Five,rankCount=3,diff=0,applied=false,boundary=[not-face-down@faceDownCount=1:teal=0.000,white=0.685,red=0.259,black=0.000],exposedIndex=0,distanceFromBottom=2]
  slot tableau:4:2 4S conf=0.94 rank=rank-png-strong@0.94 {4:0.94 A:0.87 9:0.74 J:0.74} suit=suit-png@0.97 {S:0.97 C:0.90} post=[black-tiebreak:full=C0.90/S0.97,top=C0.80/S0.98,branch=wideMarginDirect->Spades; ink-ratio:red=0.0000,black=0.1944,inkRed=false,inkRegion=header; cascade:firstFaceTop=882.1,bottomTop=983.4,faceUpStep=48.90,geomCount=3,finalCount=3,bottomRank=Three,leadingRank=Five,rankCount=3,diff=0,applied=false,boundary=[not-face-down@faceDownCount=1:teal=0.000,white=0.685,red=0.259,black=0.000],exposedIndex=1,distanceFromBottom=1]
  slot tableau:4:3 3H~ conf=0.83 rank=rank-png-strong@0.83 {3:0.83 J:0.77 8:0.76 2:0.73} suit=suit-png@0.99 {H:0.95 D:0.81} post=[ink-ratio:red=0.1911,black=0.0000,inkRed=true; cascade:firstFaceTop=882.1,bottomTop=983.4,faceUpStep=48.90,geomCount=3,finalCount=3,bottomRank=Three,leadingRank=Five,rankCount=3,diff=0,applied=false,boundary=[not-face-down@faceDownCount=1:teal=0.000,white=0.685,red=0.259,black=0.000]; deck-constraint:3H->3H~]
  slot tableau:5:4 9C~ conf=0.87 rank=rank-png-strong@0.87 {9:0.87 A:0.86 8:0.83 Q:0.82} suit=suit-png@0.93 {C:0.93 S:0.88} post=[black-tiebreak:full=C0.93/S0.88,top=C0.93/S0.82,shape=Spades@1.12;branch=topLeaderDirect->Clubs; ink-ratio:red=0.0000,black=0.1852,inkRed=false,inkRegion=header; cascade:firstFaceTop=1015.1,bottomTop=1276.0,faceUpStep=48.90,geomCount=6,finalCount=6,bottomRank=Four,leadingRank=Nine,rankCount=6,diff=0,applied=false,boundary=[not-face-down@faceDownCount=4:teal=0.315,white=0.593,red=0.000,black=0.056],exposedIndex=0,distanceFromBottom=5; deck-constraint:9C->9C~]
  slot tableau:5:5 8D~ conf=0.87 rank=rank-png-strong@0.87 {8:0.87 A:0.86 9:0.83 4:0.82} suit=suit-png@0.87 {D:0.87 H:0.76} post=[ink-ratio:red=0.1759,black=0.0370,inkRed=true,inkRegion=header; cascade:firstFaceTop=1015.1,bottomTop=1276.0,faceUpStep=48.90,geomCount=6,finalCount=6,bottomRank=Four,leadingRank=Nine,rankCount=6,diff=0,applied=false,boundary=[not-face-down@faceDownCount=4:teal=0.315,white=0.593,red=0.000,black=0.056],exposedIndex=1,distanceFromBottom=4; deck-constraint:8D->8D~]
  slot tableau:5:7 6D~ conf=0.87 rank=rank-png-strong@0.87 {6:0.87 A:0.83 4:0.81 8:0.81} suit=suit-png@0.87 {D:0.87 H:0.76} post=[ink-ratio:red=0.1852,black=0.0185,inkRed=true,inkRegion=header; cascade:firstFaceTop=1015.1,bottomTop=1276.0,faceUpStep=48.90,geomCount=6,finalCount=6,bottomRank=Four,leadingRank=Nine,rankCount=6,diff=0,applied=false,boundary=[not-face-down@faceDownCount=4:teal=0.315,white=0.593,red=0.000,black=0.056],exposedIndex=3,distanceFromBottom=2; deck-constraint:6D->6D~]
  slot tableau:5:8 5C~ conf=0.84 rank=rank-png-strong@0.84 {5:0.84 6:0.83 8:0.80 9:0.80} suit=suit-png@0.79 {C:0.79 D:0.79 H:0.72 S:0.67} post=[ink-ratio:red=0.0278,black=0.1759,inkRed=null,inkRegion=header; cascade:firstFaceTop=1015.1,bottomTop=1276.0,faceUpStep=48.90,geomCount=6,finalCount=6,bottomRank=Four,leadingRank=Nine,rankCount=6,diff=0,applied=false,boundary=[not-face-down@faceDownCount=4:teal=0.315,white=0.593,red=0.000,black=0.056],exposedIndex=4,distanceFromBottom=1; deck-constraint:5C->5C~]
  slot tableau:5:9 4H conf=0.89 rank=rank-png-strong@0.89 {4:0.89 A:0.74 J:0.71 8:0.66} suit=suit-png@0.99 {H:0.95 D:0.79} post=[ink-ratio:red=0.1875,black=0.0000,inkRed=true; cascade:firstFaceTop=1015.1,bottomTop=1276.0,faceUpStep=48.90,geomCount=6,finalCount=6,bottomRank=Four,leadingRank=Nine,rankCount=6,diff=0,applied=false,boundary=[not-face-down@faceDownCount=4:teal=0.315,white=0.593,red=0.000,black=0.056]]
  slot tableau:6:3 8C conf=0.93 rank=rank-png-strong@0.93 {8:0.93 9:0.84 6:0.83 A:0.83} suit=suit-png@0.91 {C:0.90 S:0.85} post=[black-tiebreak:full=C0.90/S0.85,top=C0.91/S0.83,shape=Spades@0.60;branch=topLeaderDirect->Clubs; ink-ratio:red=0.0000,black=0.2407,inkRed=false,inkRegion=header; cascade:firstFaceTop=970.7,bottomTop=1178.5,faceUpStep=48.90,geomCount=5,finalCount=5,bottomRank=Four,leadingRank=Eight,rankCount=5,diff=0,applied=false,boundary=[not-face-down@faceDownCount=3:teal=0.000,white=0.519,red=0.000,black=0.130],exposedIndex=0,distanceFromBottom=4]
  slot tableau:6:4 7D~ conf=0.95 rank=rank-png-strong@0.95 {7:0.95 2:0.86 3:0.77 J:0.76} suit=suit-png@0.98 {D:0.94 H:0.83} post=[ocr=miss:empty; ink-ratio:red=0.1759,black=0.0556,inkRed=true,inkRegion=header; cascade:firstFaceTop=970.7,bottomTop=1178.5,faceUpStep=48.90,geomCount=5,finalCount=5,bottomRank=Four,leadingRank=Eight,rankCount=5,diff=0,applied=false,boundary=[not-face-down@faceDownCount=3:teal=0.000,white=0.519,red=0.000,black=0.130],exposedIndex=1,distanceFromBottom=3; deck-constraint:7D->7D~]
  slot tableau:6:5 6C~ conf=0.92 rank=rank-png-strong@0.92 {6:0.92 A:0.83 8:0.83 5:0.83} suit=suit-png@0.92 {C:0.90 S:0.86} post=[black-tiebreak:full=C0.90/S0.86,top=C0.92/S0.84,shape=Spades@0.60;branch=topLeaderDirect->Clubs; ink-ratio:red=0.0000,black=0.2500,inkRed=false,inkRegion=header; cascade:firstFaceTop=970.7,bottomTop=1178.5,faceUpStep=48.90,geomCount=5,finalCount=5,bottomRank=Four,leadingRank=Eight,rankCount=5,diff=0,applied=false,boundary=[not-face-down@faceDownCount=3:teal=0.000,white=0.519,red=0.000,black=0.130],exposedIndex=2,distanceFromBottom=2; deck-constraint:6C->6C~]
  slot tableau:6:6 5D conf=0.94 rank=rank-png-strong@0.94 {5:0.94 6:0.83 K:0.81 9:0.80} suit=suit-png@0.96 {D:0.92 H:0.84} post=[ink-ratio:red=0.1574,black=0.0556,inkRed=true,inkRegion=header; cascade:firstFaceTop=970.7,bottomTop=1178.5,faceUpStep=48.90,geomCount=5,finalCount=5,bottomRank=Four,leadingRank=Eight,rankCount=5,diff=0,applied=false,boundary=[not-face-down@faceDownCount=3:teal=0.000,white=0.519,red=0.000,black=0.130],exposedIndex=3,distanceFromBottom=1]
  slot tableau:6:7 4C conf=0.91 rank=rank-png-strong@0.91 {4:0.91 A:0.73 J:0.72 8:0.66} suit=suit-png@0.86 {C:0.90 S:0.89} post=[black-tiebreak:full=C0.90/S0.89,top=C0.86/S0.82,shape=Clubs@0.36;branch=lowTopMargin-shapeLeader->Clubs; ink-ratio:red=0.0000,black=0.2222,inkRed=false; cascade:firstFaceTop=970.7,bottomTop=1178.5,faceUpStep=48.90,geomCount=5,finalCount=5,bottomRank=Four,leadingRank=Eight,rankCount=5,diff=0,applied=false,boundary=[not-face-down@faceDownCount=3:teal=0.000,white=0.519,red=0.000,black=0.130]]
  slot waste JC conf=0.76 rank=rank-opencv@0.56 {Q:0.42 5:0.41 6:0.38 8:0.38} suit=suit-png@0.80 {C:0.80 S:0.71} post=[waste-fusion:legacy=Jack_Clubs,tight=Four_Clubs; whole@756,503,895,713:ocr=miss:empty;corner@756,503,817,566:ocr='J'@0.62; waste-ocr-rank:Jack; black-tiebreak:full=C0.80/S0.71,top=C0.66/S0.53,branch=wideMarginDirect->Clubs; ink-ratio:red=0.0000,black=0.1157,inkRed=false; ocr=miss:empty; ink-ratio:red=0.0000,black=0.1358,inkRed=false]
18:02:40.961 OUTCOME=ARROW status=Best: Draw from stock score=8.0 (draw) 611ms conf=0.88 known=28
  frame=1080x2340 elapsed=611ms conf=0.88 knownFaceUp=28
  timing: queueDelay=74ms detect=611ms select=1ms total=686ms
  move=Draw from stock score=8.0 rationale=draw
  runner-up:
    1. Foundation 3 -> Tableau 6 score=-57.0 (pull-from-foundation)
    2. Foundation 2 -> Tableau 5 score=-57.0 (pull-from-foundation)
    3. Tableau 5 -> Tableau 7 score=-207.0 (defer-no-reveal-stack,lookahead+10.0,reversible)
  from=(991,608) to=(826,608)
  signature=Ten_Hearts|Four_Diamonds;Two_Clubs;Three_Spades;-|King_Hearts,Queen_Clubs,Jack_Hearts;;King_Clubs;King_Diamonds,Queen_Spades,Jack_Diamonds,Ten_Spades,Nine_Diamonds,Eight_Spades;D,Five_Hearts,Four_Spades,Three_Hearts;D,D,D,D,Nine_Clubs,Eight_Diamonds,Seven_Clubs,Six_Diamonds,Five_Clubs,Four_Hearts;D,D,D,Eight_Clubs,Seven_Diamonds,Six_Clubs,Five_Diamonds,Four_Clubs
  diag: boardConfidence=0.85
  diag: profile=solitaire_smash_s25
  diag: stock=face-down-stock
  diag: foundation0=match-Four-Diamonds@0.90:FD
  diag: foundation1=match-Two-Clubs@0.83:TC
  diag: foundation2=match-Three-Spades@0.79:TS
  diag: foundation3=empty-color:null
  diag: tableau0.faceScan=rowHeight=5.74,lastWhiteBottom=1130.3,whiteRows=50,minimumRows=7,breakY=1164.7
  diag: tableau0.region=937.5-1130.3
  diag: tableau0=King_Diamonds,Queen_Clubs,Jack_Diamonds
  diag: tableau1.faceScan=rowHeight=5.74,lastWhiteBottom=1027.0,whiteRows=1,minimumRows=7,breakY=1061.5
  diag: tableau1=
  diag: tableau2.faceScan=rowHeight=5.74,lastWhiteBottom=1032.8,whiteRows=34,minimumRows=7,breakY=1067.2
  diag: tableau2.region=840.0-1032.8
  diag: tableau2=King_Clubs
  diag: tableau3.faceScan=rowHeight=5.74,lastWhiteBottom=1273.7,whiteRows=73,minimumRows=7,breakY=1308.1
  diag: tableau3.region=1081.0-1273.7
  diag: tableau3=King_Diamonds,Queen_Clubs,Jack_Diamonds,Ten_Clubs,Nine_Diamonds,Eight_Clubs
  diag: tableau4.faceScan=rowHeight=5.74,lastWhiteBottom=1176.2,whiteRows=51,minimumRows=7,breakY=1210.6
  diag: tableau4.region=983.4-1176.2
  diag: tableau4=D,Five_Diamonds,Four_Clubs,Three_Diamonds
  diag: tableau5.faceScan=rowHeight=5.74,lastWhiteBottom=1468.8,whiteRows=78,minimumRows=7,breakY=1503.2
  diag: tableau5.region=1276.0-1468.8
  diag: tableau5=D,D,D,D,Nine_Clubs,Eight_Diamonds,Seven_Clubs,Six_Diamonds,Five_Clubs,Four_Diamonds
  diag: tableau6.faceScan=rowHeight=5.74,lastWhiteBottom=1371.2,whiteRows=70,minimumRows=7,breakY=1405.7
  diag: tableau6.region=1178.5-1371.2
  diag: tableau6=D,D,D,Eight_Clubs,Seven_Diamonds,Six_Clubs,Five_Diamonds,Four_Clubs
  diag: wasteOcr:relevant=true,ms=97,overlapped=true
  diag: waste=fused-Ten-Hearts:TH
  diag: waste-regions=exact:757-895:face-up-color-red-rank=null,legacy:750-907:match-Ten-Hearts@0.95
  diag: waste-rank-scores={Ace=0.50678295, Two=0.535075, Three=0.5196698, Four=0.48671627, Five=0.54370797, Six=0.6097902, Seven=0.3930399, Eight=0.6012111, Nine=0.53057474, Ten=0.57326597, Jack=0.48502702, Queen=0.53047293, King=0.5416294}
  diag: waste-suit-scores={Hearts=0.9624604, Diamonds=0.874258, Clubs=0.76560456, Spades=0.8604459}
  diag: whole@756,503,895,713:ocr=miss:unparsed='OL';corner@756,503,817,566:ocr=miss:unparsed='OL';whole@749,503,907,713:ocr='10'@0.62
  diag: waste-ocr-rank=Ten
  diag: livePlayScreen=true
  diag: gameFooter=true
  diag: lobbyScreen=false
  diag: knownFaceUp=28
  diag: timing:total=609ms,tableau=187ms[c0=80,c1=6,c2=4,c3=29,c4=25,c5=30,c6=13],scrub=0ms,deckConstraint=1ms,recognize:hits=29,misses=2,missTime=379ms,missReason:newKey=0,fingerprint=2,bounds=0
  recognition:
  slot foundation:0 4D conf=0.90 rank=rank-png-strong@0.90 {4:0.90 A:0.72 J:0.68 8:0.63} suit=suit-png@0.96 {D:0.92 H:0.82} post=[ink-ratio:red=0.1584,black=0.0000,inkRed=true]
  slot foundation:1 2C conf=0.83 rank=rank-png-strong@0.83 {2:0.83 7:0.77 J:0.72 3:0.72} suit=suit-png@0.81 {C:0.81 S:0.74} post=[black-tiebreak:full=C0.81/S0.74,top=C0.58/S0.52,branch=wideMarginDirect->Clubs; ink-ratio:red=0.0000,black=0.1811,inkRed=false]
  slot foundation:2 3S conf=0.79 rank=rank-png-strong@0.79 {3:0.79 J:0.76 8:0.72 4:0.71} suit=suit-png@0.48 {C:0.81 S:0.78} post=[black-tiebreak:full=C0.81/S0.78,top=C0.53/S0.48,shape=Spades@1.08;branch=topClub-strongSpadeShapeOverride->Spades; ink-ratio:red=0.0000,black=0.1605,inkRed=false; black-tiebreak2:full=C0.81/S0.78,top=C0.53/S0.48,shape=Spades@1.08;branch=topClub-strongSpadeShapeOverride->Spades]
  slot tableau:0 KH conf=0.89 rank=rank-png-strong@0.89 {K:0.89 6:0.82 8:0.80 5:0.79} suit=suit-png@0.99 {H:0.95 D:0.81} post=[ink-ratio:red=0.2685,black=0.0000,inkRed=true,inkRegion=header; cascade:firstFaceTop=837.7,bottomTop=937.5,faceUpStep=48.90,geomCount=3,finalCount=3,bottomRank=Jack,leadingRank=King,rankCount=3,diff=0,applied=false,boundary=[not-face-down@faceDownCount=0:teal=0.000,white=0.519,red=0.352,black=0.000],exposedIndex=0,distanceFromBottom=2]
  slot tableau:0:1 QC conf=0.86 rank=rank-png-strong@0.86 {Q:0.86 9:0.75 8:0.72 10:0.71} suit=suit-opencv@0.52 {S:0.91 C:0.89} post=[ocr=miss:empty; ink-ratio:red=0.0000,black=0.3426,inkRed=false,inkRegion=header; post-black-suit:Spades->Clubs; black-tiebreak2:full=C0.66/S0.66,top=C0.74/S0.69,shape=none;branch=topLeaderDirect->Clubs; cascade:firstFaceTop=837.7,bottomTop=937.5,faceUpStep=48.90,geomCount=3,finalCount=3,bottomRank=Jack,leadingRank=King,rankCount=3,diff=0,applied=false,boundary=[not-face-down@faceDownCount=0:teal=0.000,white=0.519,red=0.352,black=0.000],exposedIndex=1,distanceFromBottom=1; deck-constraint:QC~->QC]
  slot tableau:0:2 JH conf=0.83 rank=rank-png-strong@0.83 {J:0.83 4:0.71 7:0.70 3:0.68} suit=suit-png@0.98 {H:0.94 D:0.80} post=[ink-ratio:red=0.1689,black=0.0400,inkRed=true; cascade:firstFaceTop=837.7,bottomTop=937.5,faceUpStep=48.90,geomCount=3,finalCount=3,bottomRank=Jack,leadingRank=King,rankCount=3,diff=0,applied=false,boundary=[not-face-down@faceDownCount=0:teal=0.000,white=0.519,red=0.352,black=0.000]]
  slot tableau:2 KC conf=0.93 rank=rank-png-strong@0.93 {K:0.93 2:0.78 8:0.78 10:0.78} suit=suit-png@0.82 {S:0.90 C:0.88} post=[black-tiebreak:full=C0.88/S0.90,top=C0.82/S0.86,shape=Clubs@0.36;branch=topSpade-clubShapeVetoWins->Clubs; ink-ratio:red=0.0000,black=0.2361,inkRed=false; cascade:firstFaceTop=837.7,bottomTop=840.0,faceUpStep=48.90,geomCount=1,finalCount=1,bottomRank=King,leadingRank=King,rankCount=1,diff=0,applied=false,boundary=[ran-out-of-room]]
  slot tableau:3 KD conf=0.87 rank=rank-png-strong@0.87 {K:0.87 6:0.81 8:0.81 5:0.78} suit=suit-png@0.98 {D:0.94 H:0.84} post=[ink-ratio:red=0.2685,black=0.0000,inkRed=true,inkRegion=header; cascade:firstFaceTop=837.7,bottomTop=1081.0,faceUpStep=48.90,geomCount=6,finalCount=6,bottomRank=Eight,leadingRank=King,rankCount=6,diff=0,applied=false,boundary=[not-face-down@faceDownCount=0:teal=0.000,white=0.667,red=0.333,black=0.000],exposedIndex=0,distanceFromBottom=5]
  slot tableau:3:1 QS conf=0.91 rank=rank-png-strong@0.91 {Q:0.91 9:0.80 8:0.75 6:0.74} suit=suit-png@0.93 {S:0.93 C:0.87} post=[black-tiebreak:full=C0.87/S0.93,top=C0.81/S0.91,branch=wideMarginDirect->Spades; ink-ratio:red=0.0000,black=0.2778,inkRed=false,inkRegion=header; cascade:firstFaceTop=837.7,bottomTop=1081.0,faceUpStep=48.90,geomCount=6,finalCount=6,bottomRank=Eight,leadingRank=King,rankCount=6,diff=0,applied=false,boundary=[not-face-down@faceDownCount=0:teal=0.000,white=0.667,red=0.333,black=0.000],exposedIndex=1,distanceFromBottom=4]
  slot tableau:3:2 JD conf=0.88 rank=rank-png-strong@0.88 {J:0.88 4:0.82 7:0.73 A:0.72} suit=suit-png@0.97 {D:0.93 H:0.85} post=[ocr=miss:empty; ink-ratio:red=0.1759,black=0.0000,inkRed=true,inkRegion=header; cascade:firstFaceTop=837.7,bottomTop=1081.0,faceUpStep=48.90,geomCount=6,finalCount=6,bottomRank=Eight,leadingRank=King,rankCount=6,diff=0,applied=false,boundary=[not-face-down@faceDownCount=0:teal=0.000,white=0.667,red=0.333,black=0.000],exposedIndex=2,distanceFromBottom=3]
  slot tableau:3:3 10S~ conf=0.87 rank=rank-png-strong@0.87 {10:0.87 Q:0.74 8:0.71 9:0.70} suit=suit-png@0.89 {S:0.94 C:0.89} post=[black-tiebreak:full=C0.89/S0.94,top=C0.79/S0.89,shape=none;branch=topLeaderDirect->Spades; ink-ratio:red=0.0000,black=0.2870,inkRed=false,inkRegion=header; cascade:firstFaceTop=837.7,bottomTop=1081.0,faceUpStep=48.90,geomCount=6,finalCount=6,bottomRank=Eight,leadingRank=King,rankCount=6,diff=0,applied=false,boundary=[not-face-down@faceDownCount=0:teal=0.000,white=0.667,red=0.333,black=0.000],exposedIndex=3,distanceFromBottom=2; deck-constraint:10S->10S~]
  slot tableau:3:4 9D~ conf=0.81 rank=rank-png-strong@0.81 {9:0.81 8:0.80 2:0.78 K:0.78} suit=suit-png@0.96 {D:0.92 H:0.87} post=[ink-ratio:red=0.2222,black=0.0000,inkRed=true,inkRegion=header; cascade:firstFaceTop=837.7,bottomTop=1081.0,faceUpStep=48.90,geomCount=6,finalCount=6,bottomRank=Eight,leadingRank=King,rankCount=6,diff=0,applied=false,boundary=[not-face-down@faceDownCount=0:teal=0.000,white=0.667,red=0.333,black=0.000],exposedIndex=4,distanceFromBottom=1; deck-constraint:9D->9D~]
  slot tableau:3:5 8S conf=0.90 rank=rank-png-strong@0.90 {8:0.90 6:0.81 3:0.78 9:0.77} suit=suit-png@0.95 {S:0.95 C:0.88} post=[black-tiebreak:full=C0.88/S0.95,top=C0.79/S0.95,branch=wideMarginDirect->Spades; ink-ratio:red=0.0000,black=0.2200,inkRed=false; cascade:firstFaceTop=837.7,bottomTop=1081.0,faceUpStep=48.90,geomCount=6,finalCount=6,bottomRank=Eight,leadingRank=King,rankCount=6,diff=0,applied=false,boundary=[not-face-down@faceDownCount=0:teal=0.000,white=0.667,red=0.333,black=0.000]]
  slot tableau:4:1 5H conf=0.93 rank=rank-png-strong@0.93 {5:0.93 6:0.82 9:0.79 8:0.79} suit=suit-png@1.01 {H:0.97 D:0.82} post=[ink-ratio:red=0.2222,black=0.0000,inkRed=true,inkRegion=header; cascade:firstFaceTop=882.1,bottomTop=983.4,faceUpStep=48.90,geomCount=3,finalCount=3,bottomRank=Three,leadingRank=Five,rankCount=3,diff=0,applied=false,boundary=[not-face-down@faceDownCount=1:teal=0.000,white=0.685,red=0.259,black=0.000],exposedIndex=0,distanceFromBottom=2]
  slot tableau:4:2 4S conf=0.94 rank=rank-png-strong@0.94 {4:0.94 A:0.87 9:0.74 J:0.74} suit=suit-png@0.97 {S:0.97 C:0.90} post=[black-tiebreak:full=C0.90/S0.97,top=C0.80/S0.98,branch=wideMarginDirect->Spades; ink-ratio:red=0.0000,black=0.1944,inkRed=false,inkRegion=header; cascade:firstFaceTop=882.1,bottomTop=983.4,faceUpStep=48.90,geomCount=3,finalCount=3,bottomRank=Three,leadingRank=Five,rankCount=3,diff=0,applied=false,boundary=[not-face-down@faceDownCount=1:teal=0.000,white=0.685,red=0.259,black=0.000],exposedIndex=1,distanceFromBottom=1]
  slot tableau:4:3 3H~ conf=0.83 rank=rank-png-strong@0.83 {3:0.83 J:0.77 8:0.76 2:0.73} suit=suit-png@0.99 {H:0.95 D:0.81} post=[ink-ratio:red=0.1911,black=0.0000,inkRed=true; cascade:firstFaceTop=882.1,bottomTop=983.4,faceUpStep=48.90,geomCount=3,finalCount=3,bottomRank=Three,leadingRank=Five,rankCount=3,diff=0,applied=false,boundary=[not-face-down@faceDownCount=1:teal=0.000,white=0.685,red=0.259,black=0.000]; deck-constraint:3H->3H~]
  slot tableau:5:4 9C~ conf=0.87 rank=rank-png-strong@0.87 {9:0.87 A:0.86 8:0.83 Q:0.82} suit=suit-png@0.93 {C:0.93 S:0.88} post=[black-tiebreak:full=C0.93/S0.88,top=C0.93/S0.82,shape=Spades@1.12;branch=topLeaderDirect->Clubs; ink-ratio:red=0.0000,black=0.1852,inkRed=false,inkRegion=header; cascade:firstFaceTop=1015.1,bottomTop=1276.0,faceUpStep=48.90,geomCount=6,finalCount=6,bottomRank=Four,leadingRank=Nine,rankCount=6,diff=0,applied=false,boundary=[not-face-down@faceDownCount=4:teal=0.315,white=0.593,red=0.000,black=0.056],exposedIndex=0,distanceFromBottom=5; deck-constraint:9C->9C~]
  slot tableau:5:5 8D~ conf=0.87 rank=rank-png-strong@0.87 {8:0.87 A:0.86 9:0.83 4:0.82} suit=suit-png@0.87 {D:0.87 H:0.76} post=[ink-ratio:red=0.1759,black=0.0370,inkRed=true,inkRegion=header; cascade:firstFaceTop=1015.1,bottomTop=1276.0,faceUpStep=48.90,geomCount=6,finalCount=6,bottomRank=Four,leadingRank=Nine,rankCount=6,diff=0,applied=false,boundary=[not-face-down@faceDownCount=4:teal=0.315,white=0.593,red=0.000,black=0.056],exposedIndex=1,distanceFromBottom=4; deck-constraint:8D->8D~]
  slot tableau:5:7 6D~ conf=0.87 rank=rank-png-strong@0.87 {6:0.87 A:0.83 4:0.81 8:0.81} suit=suit-png@0.87 {D:0.87 H:0.76} post=[ink-ratio:red=0.1852,black=0.0185,inkRed=true,inkRegion=header; cascade:firstFaceTop=1015.1,bottomTop=1276.0,faceUpStep=48.90,geomCount=6,finalCount=6,bottomRank=Four,leadingRank=Nine,rankCount=6,diff=0,applied=false,boundary=[not-face-down@faceDownCount=4:teal=0.315,white=0.593,red=0.000,black=0.056],exposedIndex=3,distanceFromBottom=2; deck-constraint:6D->6D~]
  slot tableau:5:8 5C~ conf=0.84 rank=rank-png-strong@0.84 {5:0.84 6:0.83 8:0.80 9:0.80} suit=suit-png@0.79 {C:0.79 D:0.79 H:0.72 S:0.67} post=[ink-ratio:red=0.0278,black=0.1759,inkRed=null,inkRegion=header; cascade:firstFaceTop=1015.1,bottomTop=1276.0,faceUpStep=48.90,geomCount=6,finalCount=6,bottomRank=Four,leadingRank=Nine,rankCount=6,diff=0,applied=false,boundary=[not-face-down@faceDownCount=4:teal=0.315,white=0.593,red=0.000,black=0.056],exposedIndex=4,distanceFromBottom=1; deck-constraint:5C->5C~]
  slot tableau:5:9 4H conf=0.89 rank=rank-png-strong@0.89 {4:0.89 A:0.74 J:0.71 8:0.66} suit=suit-png@0.99 {H:0.95 D:0.79} post=[ink-ratio:red=0.1875,black=0.0000,inkRed=true; cascade:firstFaceTop=1015.1,bottomTop=1276.0,faceUpStep=48.90,geomCount=6,finalCount=6,bottomRank=Four,leadingRank=Nine,rankCount=6,diff=0,applied=false,boundary=[not-face-down@faceDownCount=4:teal=0.315,white=0.593,red=0.000,black=0.056]]
  slot tableau:6:3 8C conf=0.93 rank=rank-png-strong@0.93 {8:0.93 9:0.84 6:0.83 A:0.83} suit=suit-png@0.91 {C:0.90 S:0.85} post=[black-tiebreak:full=C0.90/S0.85,top=C0.91/S0.83,shape=Spades@0.60;branch=topLeaderDirect->Clubs; ink-ratio:red=0.0000,black=0.2407,inkRed=false,inkRegion=header; cascade:firstFaceTop=970.7,bottomTop=1178.5,faceUpStep=48.90,geomCount=5,finalCount=5,bottomRank=Four,leadingRank=Eight,rankCount=5,diff=0,applied=false,boundary=[not-face-down@faceDownCount=3:teal=0.000,white=0.519,red=0.000,black=0.130],exposedIndex=0,distanceFromBottom=4]
  slot tableau:6:4 7D~ conf=0.95 rank=rank-png-strong@0.95 {7:0.95 2:0.86 3:0.77 J:0.76} suit=suit-png@0.98 {D:0.94 H:0.83} post=[ocr=miss:empty; ink-ratio:red=0.1759,black=0.0556,inkRed=true,inkRegion=header; cascade:firstFaceTop=970.7,bottomTop=1178.5,faceUpStep=48.90,geomCount=5,finalCount=5,bottomRank=Four,leadingRank=Eight,rankCount=5,diff=0,applied=false,boundary=[not-face-down@faceDownCount=3:teal=0.000,white=0.519,red=0.000,black=0.130],exposedIndex=1,distanceFromBottom=3; deck-constraint:7D->7D~]
  slot tableau:6:5 6C~ conf=0.92 rank=rank-png-strong@0.92 {6:0.92 A:0.83 8:0.83 5:0.83} suit=suit-png@0.92 {C:0.90 S:0.86} post=[black-tiebreak:full=C0.90/S0.86,top=C0.92/S0.84,shape=Spades@0.60;branch=topLeaderDirect->Clubs; ink-ratio:red=0.0000,black=0.2500,inkRed=false,inkRegion=header; cascade:firstFaceTop=970.7,bottomTop=1178.5,faceUpStep=48.90,geomCount=5,finalCount=5,bottomRank=Four,leadingRank=Eight,rankCount=5,diff=0,applied=false,boundary=[not-face-down@faceDownCount=3:teal=0.000,white=0.519,red=0.000,black=0.130],exposedIndex=2,distanceFromBottom=2; deck-constraint:6C->6C~]
  slot tableau:6:6 5D conf=0.94 rank=rank-png-strong@0.94 {5:0.94 6:0.83 K:0.81 9:0.80} suit=suit-png@0.96 {D:0.92 H:0.84} post=[ink-ratio:red=0.1574,black=0.0556,inkRed=true,inkRegion=header; cascade:firstFaceTop=970.7,bottomTop=1178.5,faceUpStep=48.90,geomCount=5,finalCount=5,bottomRank=Four,leadingRank=Eight,rankCount=5,diff=0,applied=false,boundary=[not-face-down@faceDownCount=3:teal=0.000,white=0.519,red=0.000,black=0.130],exposedIndex=3,distanceFromBottom=1]
  slot tableau:6:7 4C conf=0.91 rank=rank-png-strong@0.91 {4:0.91 A:0.73 J:0.72 8:0.66} suit=suit-png@0.86 {C:0.90 S:0.89} post=[black-tiebreak:full=C0.90/S0.89,top=C0.86/S0.82,shape=Clubs@0.36;branch=lowTopMargin-shapeLeader->Clubs; ink-ratio:red=0.0000,black=0.2222,inkRed=false; cascade:firstFaceTop=970.7,bottomTop=1178.5,faceUpStep=48.90,geomCount=5,finalCount=5,bottomRank=Four,leadingRank=Eight,rankCount=5,diff=0,applied=false,boundary=[not-face-down@faceDownCount=3:teal=0.000,white=0.519,red=0.000,black=0.130]]
  slot waste 10H conf=0.95 rank=rank-png-strong@0.95 {6:0.61 8:0.60 10:0.57 5:0.54} suit=suit-png@0.96 {H:0.96 D:0.87} post=[waste-fusion:legacy=Ten_Hearts,tight=null; whole@756,503,895,713:ocr=miss:unparsed='OL';corner@756,503,817,566:ocr=miss:unparsed='OL';whole@749,503,907,713:ocr='10'@0.62; waste-ocr-rank:Ten; ink-ratio:red=0.2685,black=0.0000,inkRed=true; ocr=miss:unparsed='OL'; ink-ratio:red=0.2984,black=0.0000,inkRed=true]
18:02:42.499 OUTCOME=ARROW status=Best: Draw from stock score=8.0 (draw) 396ms conf=0.75 known=27
  frame=1080x2340 elapsed=396ms conf=0.75 knownFaceUp=27
  timing: queueDelay=1ms detect=396ms select=1ms total=398ms
  move=Draw from stock score=8.0 rationale=draw
  runner-up:
    1. Foundation 3 -> Tableau 6 score=-57.0 (pull-from-foundation)
    2. Foundation 2 -> Tableau 5 score=-57.0 (pull-from-foundation)
    3. Tableau 5 -> Tableau 7 score=-207.0 (defer-no-reveal-stack,lookahead+10.0,reversible)
  from=(991,608) to=(828,608)
  signature=U_R|Four_Diamonds;Two_Clubs;Three_Spades;-|King_Hearts,Queen_Clubs,Jack_Hearts;;King_Clubs;King_Diamonds,Queen_Spades,Jack_Diamonds,Ten_Spades,Nine_Diamonds,Eight_Spades;D,Five_Hearts,Four_Spades,Three_Hearts;D,D,D,D,Nine_Clubs,Eight_Diamonds,Seven_Clubs,Six_Diamonds,Five_Clubs,Four_Hearts;D,D,D,Eight_Clubs,Seven_Diamonds,Six_Clubs,Five_Diamonds,Four_Clubs
  diag: boardConfidence=0.85
  diag: profile=solitaire_smash_s25
  diag: stock=face-down-stock
  diag: foundation0=match-Four-Diamonds@0.90:FD
  diag: foundation1=match-Two-Clubs@0.83:TC
  diag: foundation2=match-Three-Spades@0.79:TS
  diag: foundation3=empty-color:null
  diag: tableau0.faceScan=rowHeight=5.74,lastWhiteBottom=1130.3,whiteRows=50,minimumRows=7,breakY=1164.7
  diag: tableau0.region=937.5-1130.3
  diag: tableau0=King_Diamonds,Queen_Clubs,Jack_Diamonds
  diag: tableau1.faceScan=rowHeight=5.74,lastWhiteBottom=1027.0,whiteRows=1,minimumRows=7,breakY=1061.5
  diag: tableau1=
  diag: tableau2.faceScan=rowHeight=5.74,lastWhiteBottom=1032.8,whiteRows=34,minimumRows=7,breakY=1067.2
  diag: tableau2.region=840.0-1032.8
  diag: tableau2=King_Clubs
  diag: tableau3.faceScan=rowHeight=5.74,lastWhiteBottom=1273.7,whiteRows=73,minimumRows=7,breakY=1308.1
  diag: tableau3.region=1081.0-1273.7
  diag: tableau3=King_Diamonds,Queen_Clubs,Jack_Diamonds,Ten_Clubs,Nine_Diamonds,Eight_Clubs
  diag: tableau4.faceScan=rowHeight=5.74,lastWhiteBottom=1176.2,whiteRows=51,minimumRows=7,breakY=1210.6
  diag: tableau4.region=983.4-1176.2
  diag: tableau4=D,Five_Diamonds,Four_Clubs,Three_Diamonds
  diag: tableau5.faceScan=rowHeight=5.74,lastWhiteBottom=1468.8,whiteRows=78,minimumRows=7,breakY=1503.2
  diag: tableau5.region=1276.0-1468.8
  diag: tableau5=D,D,D,D,Nine_Clubs,Eight_Diamonds,Seven_Clubs,Six_Diamonds,Five_Clubs,Four_Diamonds
  diag: tableau6.faceScan=rowHeight=5.74,lastWhiteBottom=1371.2,whiteRows=70,minimumRows=7,breakY=1405.7
  diag: tableau6.region=1178.5-1371.2
  diag: tableau6=D,D,D,Eight_Clubs,Seven_Diamonds,Six_Clubs,Five_Diamonds,Four_Clubs
  diag: wasteOcr:relevant=false,ms=0,overlapped=false
  diag: waste=face-up-color-red:null
  diag: waste-regions=exact:752-890:face-up-color-red-rank=bitmap-Four@0.51,legacy:750-907:face-up-color-red
  diag: waste-rank-scores={Ace=0.41040805, Two=0.45411766, Three=0.35934663, Four=0.5056106, Five=0.2787172, Six=0.4353206, Seven=0.44599304, Eight=0.3850085, Nine=0.31637168, Ten=0.39445984, Jack=0.45611703, Queen=0.37410927, King=0.3898488}
  diag: waste-suit-scores={Hearts=0.77538186, Diamonds=0.71956223, Clubs=0.6907073, Spades=0.7418546}
  diag: livePlayScreen=true
  diag: gameFooter=true
  diag: lobbyScreen=false
  diag: knownFaceUp=27
  diag: timing:total=391ms,tableau=224ms[c0=92,c1=7,c2=10,c3=21,c4=22,c5=41,c6=30],scrub=0ms,deckConstraint=1ms,recognize:hits=29,misses=2,missTime=248ms,missReason:newKey=0,fingerprint=2,bounds=0
  recognition:
  slot foundation:0 4D conf=0.90 rank=rank-png-strong@0.90 {4:0.90 A:0.72 J:0.68 8:0.63} suit=suit-png@0.96 {D:0.92 H:0.82} post=[ink-ratio:red=0.1584,black=0.0000,inkRed=true]
  slot foundation:1 2C conf=0.83 rank=rank-png-strong@0.83 {2:0.83 7:0.77 J:0.72 3:0.72} suit=suit-png@0.81 {C:0.81 S:0.74} post=[black-tiebreak:full=C0.81/S0.74,top=C0.58/S0.52,branch=wideMarginDirect->Clubs; ink-ratio:red=0.0000,black=0.1811,inkRed=false]
  slot foundation:2 3S conf=0.79 rank=rank-png-strong@0.79 {3:0.79 J:0.76 8:0.72 4:0.71} suit=suit-png@0.48 {C:0.81 S:0.78} post=[black-tiebreak:full=C0.81/S0.78,top=C0.53/S0.48,shape=Spades@1.08;branch=topClub-strongSpadeShapeOverride->Spades; ink-ratio:red=0.0000,black=0.1605,inkRed=false; black-tiebreak2:full=C0.81/S0.78,top=C0.53/S0.48,shape=Spades@1.08;branch=topClub-strongSpadeShapeOverride->Spades]
  slot tableau:0 KH conf=0.89 rank=rank-png-strong@0.89 {K:0.89 6:0.82 8:0.80 5:0.79} suit=suit-png@0.99 {H:0.95 D:0.81} post=[ink-ratio:red=0.2685,black=0.0000,inkRed=true,inkRegion=header; cascade:firstFaceTop=837.7,bottomTop=937.5,faceUpStep=48.90,geomCount=3,finalCount=3,bottomRank=Jack,leadingRank=King,rankCount=3,diff=0,applied=false,boundary=[not-face-down@faceDownCount=0:teal=0.000,white=0.519,red=0.352,black=0.000],exposedIndex=0,distanceFromBottom=2]
  slot tableau:0:1 QC conf=0.86 rank=rank-png-strong@0.86 {Q:0.86 9:0.75 8:0.72 10:0.71} suit=suit-opencv@0.52 {S:0.91 C:0.89} post=[ocr=miss:empty; ink-ratio:red=0.0000,black=0.3426,inkRed=false,inkRegion=header; post-black-suit:Spades->Clubs; black-tiebreak2:full=C0.66/S0.66,top=C0.74/S0.69,shape=none;branch=topLeaderDirect->Clubs; cascade:firstFaceTop=837.7,bottomTop=937.5,faceUpStep=48.90,geomCount=3,finalCount=3,bottomRank=Jack,leadingRank=King,rankCount=3,diff=0,applied=false,boundary=[not-face-down@faceDownCount=0:teal=0.000,white=0.519,red=0.352,black=0.000],exposedIndex=1,distanceFromBottom=1; deck-constraint:QC~->QC]
  slot tableau:0:2 JH conf=0.83 rank=rank-png-strong@0.83 {J:0.83 4:0.71 7:0.70 3:0.68} suit=suit-png@0.98 {H:0.94 D:0.80} post=[ink-ratio:red=0.1689,black=0.0400,inkRed=true; cascade:firstFaceTop=837.7,bottomTop=937.5,faceUpStep=48.90,geomCount=3,finalCount=3,bottomRank=Jack,leadingRank=King,rankCount=3,diff=0,applied=false,boundary=[not-face-down@faceDownCount=0:teal=0.000,white=0.519,red=0.352,black=0.000]]
  slot tableau:2 KC conf=0.93 rank=rank-png-strong@0.93 {K:0.93 2:0.78 8:0.78 10:0.78} suit=suit-png@0.82 {S:0.90 C:0.88} post=[black-tiebreak:full=C0.88/S0.90,top=C0.82/S0.86,shape=Clubs@0.36;branch=topSpade-clubShapeVetoWins->Clubs; ink-ratio:red=0.0000,black=0.2361,inkRed=false; cascade:firstFaceTop=837.7,bottomTop=840.0,faceUpStep=48.90,geomCount=1,finalCount=1,bottomRank=King,leadingRank=King,rankCount=1,diff=0,applied=false,boundary=[ran-out-of-room]]
  slot tableau:3 KD conf=0.87 rank=rank-png-strong@0.87 {K:0.87 6:0.81 8:0.81 5:0.78} suit=suit-png@0.98 {D:0.94 H:0.84} post=[ink-ratio:red=0.2685,black=0.0000,inkRed=true,inkRegion=header; cascade:firstFaceTop=837.7,bottomTop=1081.0,faceUpStep=48.90,geomCount=6,finalCount=6,bottomRank=Eight,leadingRank=King,rankCount=6,diff=0,applied=false,boundary=[not-face-down@faceDownCount=0:teal=0.000,white=0.667,red=0.333,black=0.000],exposedIndex=0,distanceFromBottom=5]
  slot tableau:3:1 QS conf=0.91 rank=rank-png-strong@0.91 {Q:0.91 9:0.80 8:0.75 6:0.74} suit=suit-png@0.93 {S:0.93 C:0.87} post=[black-tiebreak:full=C0.87/S0.93,top=C0.81/S0.91,branch=wideMarginDirect->Spades; ink-ratio:red=0.0000,black=0.2778,inkRed=false,inkRegion=header; cascade:firstFaceTop=837.7,bottomTop=1081.0,faceUpStep=48.90,geomCount=6,finalCount=6,bottomRank=Eight,leadingRank=King,rankCount=6,diff=0,applied=false,boundary=[not-face-down@faceDownCount=0:teal=0.000,white=0.667,red=0.333,black=0.000],exposedIndex=1,distanceFromBottom=4]
  slot tableau:3:2 JD conf=0.88 rank=rank-png-strong@0.88 {J:0.88 4:0.82 7:0.73 A:0.72} suit=suit-png@0.97 {D:0.93 H:0.85} post=[ocr=miss:empty; ink-ratio:red=0.1759,black=0.0000,inkRed=true,inkRegion=header; cascade:firstFaceTop=837.7,bottomTop=1081.0,faceUpStep=48.90,geomCount=6,finalCount=6,bottomRank=Eight,leadingRank=King,rankCount=6,diff=0,applied=false,boundary=[not-face-down@faceDownCount=0:teal=0.000,white=0.667,red=0.333,black=0.000],exposedIndex=2,distanceFromBottom=3]
  slot tableau:3:3 10S~ conf=0.87 rank=rank-png-strong@0.87 {10:0.87 Q:0.74 8:0.71 9:0.70} suit=suit-png@0.89 {S:0.94 C:0.89} post=[black-tiebreak:full=C0.89/S0.94,top=C0.79/S0.89,shape=none;branch=topLeaderDirect->Spades; ink-ratio:red=0.0000,black=0.2870,inkRed=false,inkRegion=header; cascade:firstFaceTop=837.7,bottomTop=1081.0,faceUpStep=48.90,geomCount=6,finalCount=6,bottomRank=Eight,leadingRank=King,rankCount=6,diff=0,applied=false,boundary=[not-face-down@faceDownCount=0:teal=0.000,white=0.667,red=0.333,black=0.000],exposedIndex=3,distanceFromBottom=2; deck-constraint:10S->10S~]
  slot tableau:3:4 9D~ conf=0.81 rank=rank-png-strong@0.81 {9:0.81 8:0.80 2:0.78 K:0.78} suit=suit-png@0.96 {D:0.92 H:0.87} post=[ink-ratio:red=0.2222,black=0.0000,inkRed=true,inkRegion=header; cascade:firstFaceTop=837.7,bottomTop=1081.0,faceUpStep=48.90,geomCount=6,finalCount=6,bottomRank=Eight,leadingRank=King,rankCount=6,diff=0,applied=false,boundary=[not-face-down@faceDownCount=0:teal=0.000,white=0.667,red=0.333,black=0.000],exposedIndex=4,distanceFromBottom=1; deck-constraint:9D->9D~]
  slot tableau:3:5 8S conf=0.90 rank=rank-png-strong@0.90 {8:0.90 6:0.81 3:0.78 9:0.77} suit=suit-png@0.95 {S:0.95 C:0.88} post=[black-tiebreak:full=C0.88/S0.95,top=C0.79/S0.95,branch=wideMarginDirect->Spades; ink-ratio:red=0.0000,black=0.2200,inkRed=false; cascade:firstFaceTop=837.7,bottomTop=1081.0,faceUpStep=48.90,geomCount=6,finalCount=6,bottomRank=Eight,leadingRank=King,rankCount=6,diff=0,applied=false,boundary=[not-face-down@faceDownCount=0:teal=0.000,white=0.667,red=0.333,black=0.000]]
  slot tableau:4:1 5H conf=0.93 rank=rank-png-strong@0.93 {5:0.93 6:0.82 9:0.79 8:0.79} suit=suit-png@1.01 {H:0.97 D:0.82} post=[ink-ratio:red=0.2222,black=0.0000,inkRed=true,inkRegion=header; cascade:firstFaceTop=882.1,bottomTop=983.4,faceUpStep=48.90,geomCount=3,finalCount=3,bottomRank=Three,leadingRank=Five,rankCount=3,diff=0,applied=false,boundary=[not-face-down@faceDownCount=1:teal=0.000,white=0.685,red=0.259,black=0.000],exposedIndex=0,distanceFromBottom=2]
  slot tableau:4:2 4S conf=0.94 rank=rank-png-strong@0.94 {4:0.94 A:0.87 9:0.74 J:0.74} suit=suit-png@0.97 {S:0.97 C:0.90} post=[black-tiebreak:full=C0.90/S0.97,top=C0.80/S0.98,branch=wideMarginDirect->Spades; ink-ratio:red=0.0000,black=0.1944,inkRed=false,inkRegion=header; cascade:firstFaceTop=882.1,bottomTop=983.4,faceUpStep=48.90,geomCount=3,finalCount=3,bottomRank=Three,leadingRank=Five,rankCount=3,diff=0,applied=false,boundary=[not-face-down@faceDownCount=1:teal=0.000,white=0.685,red=0.259,black=0.000],exposedIndex=1,distanceFromBottom=1]
  slot tableau:4:3 3H~ conf=0.83 rank=rank-png-strong@0.83 {3:0.83 J:0.77 8:0.76 2:0.73} suit=suit-png@0.99 {H:0.95 D:0.81} post=[ink-ratio:red=0.1911,black=0.0000,inkRed=true; cascade:firstFaceTop=882.1,bottomTop=983.4,faceUpStep=48.90,geomCount=3,finalCount=3,bottomRank=Three,leadingRank=Five,rankCount=3,diff=0,applied=false,boundary=[not-face-down@faceDownCount=1:teal=0.000,white=0.685,red=0.259,black=0.000]; deck-constraint:3H->3H~]
  slot tableau:5:4 9C~ conf=0.87 rank=rank-png-strong@0.87 {9:0.87 A:0.86 8:0.83 Q:0.82} suit=suit-png@0.93 {C:0.93 S:0.88} post=[black-tiebreak:full=C0.93/S0.88,top=C0.93/S0.82,shape=Spades@1.12;branch=topLeaderDirect->Clubs; ink-ratio:red=0.0000,black=0.1852,inkRed=false,inkRegion=header; cascade:firstFaceTop=1015.1,bottomTop=1276.0,faceUpStep=48.90,geomCount=6,finalCount=6,bottomRank=Four,leadingRank=Nine,rankCount=6,diff=0,applied=false,boundary=[not-face-down@faceDownCount=4:teal=0.315,white=0.593,red=0.000,black=0.056],exposedIndex=0,distanceFromBottom=5; deck-constraint:9C->9C~]
  slot tableau:5:5 8D~ conf=0.87 rank=rank-png-strong@0.87 {8:0.87 A:0.86 9:0.83 4:0.82} suit=suit-png@0.87 {D:0.87 H:0.76} post=[ink-ratio:red=0.1759,black=0.0370,inkRed=true,inkRegion=header; cascade:firstFaceTop=1015.1,bottomTop=1276.0,faceUpStep=48.90,geomCount=6,finalCount=6,bottomRank=Four,leadingRank=Nine,rankCount=6,diff=0,applied=false,boundary=[not-face-down@faceDownCount=4:teal=0.315,white=0.593,red=0.000,black=0.056],exposedIndex=1,distanceFromBottom=4; deck-constraint:8D->8D~]
  slot tableau:5:7 6D~ conf=0.87 rank=rank-png-strong@0.87 {6:0.87 A:0.83 4:0.81 8:0.81} suit=suit-png@0.87 {D:0.87 H:0.76} post=[ink-ratio:red=0.1852,black=0.0185,inkRed=true,inkRegion=header; cascade:firstFaceTop=1015.1,bottomTop=1276.0,faceUpStep=48.90,geomCount=6,finalCount=6,bottomRank=Four,leadingRank=Nine,rankCount=6,diff=0,applied=false,boundary=[not-face-down@faceDownCount=4:teal=0.315,white=0.593,red=0.000,black=0.056],exposedIndex=3,distanceFromBottom=2; deck-constraint:6D->6D~]
  slot tableau:5:8 5C~ conf=0.84 rank=rank-png-strong@0.84 {5:0.84 6:0.83 8:0.80 9:0.80} suit=suit-png@0.79 {C:0.79 D:0.79 H:0.72 S:0.67} post=[ink-ratio:red=0.0278,black=0.1759,inkRed=null,inkRegion=header; cascade:firstFaceTop=1015.1,bottomTop=1276.0,faceUpStep=48.90,geomCount=6,finalCount=6,bottomRank=Four,leadingRank=Nine,rankCount=6,diff=0,applied=false,boundary=[not-face-down@faceDownCount=4:teal=0.315,white=0.593,red=0.000,black=0.056],exposedIndex=4,distanceFromBottom=1; deck-constraint:5C->5C~]
  slot tableau:5:9 4H conf=0.89 rank=rank-png-strong@0.89 {4:0.89 A:0.74 J:0.71 8:0.66} suit=suit-png@0.99 {H:0.95 D:0.79} post=[ink-ratio:red=0.1875,black=0.0000,inkRed=true; cascade:firstFaceTop=1015.1,bottomTop=1276.0,faceUpStep=48.90,geomCount=6,finalCount=6,bottomRank=Four,leadingRank=Nine,rankCount=6,diff=0,applied=false,boundary=[not-face-down@faceDownCount=4:teal=0.315,white=0.593,red=0.000,black=0.056]]
  slot tableau:6:3 8C conf=0.93 rank=rank-png-strong@0.93 {8:0.93 9:0.84 6:0.83 A:0.83} suit=suit-png@0.91 {C:0.90 S:0.85} post=[black-tiebreak:full=C0.90/S0.85,top=C0.91/S0.83,shape=Spades@0.60;branch=topLeaderDirect->Clubs; ink-ratio:red=0.0000,black=0.2407,inkRed=false,inkRegion=header; cascade:firstFaceTop=970.7,bottomTop=1178.5,faceUpStep=48.90,geomCount=5,finalCount=5,bottomRank=Four,leadingRank=Eight,rankCount=5,diff=0,applied=false,boundary=[not-face-down@faceDownCount=3:teal=0.000,white=0.519,red=0.000,black=0.130],exposedIndex=0,distanceFromBottom=4]
  slot tableau:6:4 7D~ conf=0.95 rank=rank-png-strong@0.95 {7:0.95 2:0.86 3:0.77 J:0.76} suit=suit-png@0.98 {D:0.94 H:0.83} post=[ocr=miss:empty; ink-ratio:red=0.1759,black=0.0556,inkRed=true,inkRegion=header; cascade:firstFaceTop=970.7,bottomTop=1178.5,faceUpStep=48.90,geomCount=5,finalCount=5,bottomRank=Four,leadingRank=Eight,rankCount=5,diff=0,applied=false,boundary=[not-face-down@faceDownCount=3:teal=0.000,white=0.519,red=0.000,black=0.130],exposedIndex=1,distanceFromBottom=3; deck-constraint:7D->7D~]
  slot tableau:6:5 6C~ conf=0.92 rank=rank-png-strong@0.92 {6:0.92 A:0.83 8:0.83 5:0.83} suit=suit-png@0.92 {C:0.90 S:0.86} post=[black-tiebreak:full=C0.90/S0.86,top=C0.92/S0.84,shape=Spades@0.60;branch=topLeaderDirect->Clubs; ink-ratio:red=0.0000,black=0.2500,inkRed=false,inkRegion=header; cascade:firstFaceTop=970.7,bottomTop=1178.5,faceUpStep=48.90,geomCount=5,finalCount=5,bottomRank=Four,leadingRank=Eight,rankCount=5,diff=0,applied=false,boundary=[not-face-down@faceDownCount=3:teal=0.000,white=0.519,red=0.000,black=0.130],exposedIndex=2,distanceFromBottom=2; deck-constraint:6C->6C~]
  slot tableau:6:6 5D conf=0.94 rank=rank-png-strong@0.94 {5:0.94 6:0.83 K:0.81 9:0.80} suit=suit-png@0.96 {D:0.92 H:0.84} post=[ink-ratio:red=0.1574,black=0.0556,inkRed=true,inkRegion=header; cascade:firstFaceTop=970.7,bottomTop=1178.5,faceUpStep=48.90,geomCount=5,finalCount=5,bottomRank=Four,leadingRank=Eight,rankCount=5,diff=0,applied=false,boundary=[not-face-down@faceDownCount=3:teal=0.000,white=0.519,red=0.000,black=0.130],exposedIndex=3,distanceFromBottom=1]
  slot tableau:6:7 4C conf=0.91 rank=rank-png-strong@0.91 {4:0.91 A:0.73 J:0.72 8:0.66} suit=suit-png@0.86 {C:0.90 S:0.89} post=[black-tiebreak:full=C0.90/S0.89,top=C0.86/S0.82,shape=Clubs@0.36;branch=lowTopMargin-shapeLeader->Clubs; ink-ratio:red=0.0000,black=0.2222,inkRed=false; cascade:firstFaceTop=970.7,bottomTop=1178.5,faceUpStep=48.90,geomCount=5,finalCount=5,bottomRank=Four,leadingRank=Eight,rankCount=5,diff=0,applied=false,boundary=[not-face-down@faceDownCount=3:teal=0.000,white=0.519,red=0.000,black=0.130]]
  slot waste ? conf=0.55 rank=? {K:0.55 8:0.51 A:0.49 10:0.49} suit=? {H:0.01 D:0.00} post=[ocr=miss:empty]
18:02:43.075 OUTCOME=ARROW status=Best: Draw from stock score=8.0 (draw) 570ms conf=0.88 known=28
  frame=1080x2340 elapsed=570ms conf=0.88 knownFaceUp=28
  timing: queueDelay=79ms detect=570ms select=2ms total=651ms
  move=Draw from stock score=8.0 rationale=draw
  runner-up:
    1. Foundation 3 -> Tableau 6 score=-57.0 (pull-from-foundation)
    2. Foundation 2 -> Tableau 5 score=-57.0 (pull-from-foundation)
    3. Tableau 5 -> Tableau 7 score=-207.0 (defer-no-reveal-stack,lookahead+10.0,reversible)
  from=(991,608) to=(826,608)
  signature=Ten_Diamonds|Four_Diamonds;Two_Clubs;Three_Spades;-|King_Hearts,Queen_Clubs,Jack_Hearts;;King_Clubs;King_Diamonds,Queen_Spades,Jack_Diamonds,Ten_Spades,Nine_Diamonds,Eight_Spades;D,Five_Hearts,Four_Spades,Three_Hearts;D,D,D,D,Nine_Clubs,Eight_Diamonds,Seven_Clubs,Six_Diamonds,Five_Clubs,Four_Hearts;D,D,D,Eight_Clubs,Seven_Diamonds,Six_Clubs,Five_Diamonds,Four_Clubs
  diag: boardConfidence=0.85
  diag: profile=solitaire_smash_s25
  diag: stock=face-down-stock
  diag: foundation0=match-Four-Diamonds@0.90:FD
  diag: foundation1=match-Two-Clubs@0.83:TC
  diag: foundation2=match-Three-Spades@0.79:TS
  diag: foundation3=empty-color:null
  diag: tableau0.faceScan=rowHeight=5.74,lastWhiteBottom=1130.3,whiteRows=50,minimumRows=7,breakY=1164.7
  diag: tableau0.region=937.5-1130.3
  diag: tableau0=King_Diamonds,Queen_Clubs,Jack_Diamonds
  diag: tableau1.faceScan=rowHeight=5.74,lastWhiteBottom=1027.0,whiteRows=1,minimumRows=7,breakY=1061.5
  diag: tableau1=
  diag: tableau2.faceScan=rowHeight=5.74,lastWhiteBottom=1032.8,whiteRows=34,minimumRows=7,breakY=1067.2
  diag: tableau2.region=840.0-1032.8
  diag: tableau2=King_Clubs
  diag: tableau3.faceScan=rowHeight=5.74,lastWhiteBottom=1273.7,whiteRows=73,minimumRows=7,breakY=1308.1
  diag: tableau3.region=1081.0-1273.7
  diag: tableau3=King_Diamonds,Queen_Clubs,Jack_Diamonds,Ten_Clubs,Nine_Diamonds,Eight_Clubs
  diag: tableau4.faceScan=rowHeight=5.74,lastWhiteBottom=1176.2,whiteRows=51,minimumRows=7,breakY=1210.6
  diag: tableau4.region=983.4-1176.2
  diag: tableau4=D,Five_Diamonds,Four_Clubs,Three_Diamonds
  diag: tableau5.faceScan=rowHeight=5.74,lastWhiteBottom=1468.8,whiteRows=78,minimumRows=7,breakY=1503.2
  diag: tableau5.region=1276.0-1468.8
  diag: tableau5=D,D,D,D,Nine_Clubs,Eight_Diamonds,Seven_Clubs,Six_Diamonds,Five_Clubs,Four_Diamonds
  diag: tableau6.faceScan=rowHeight=5.74,lastWhiteBottom=1371.2,whiteRows=70,minimumRows=7,breakY=1405.7
  diag: tableau6.region=1178.5-1371.2
  diag: tableau6=D,D,D,Eight_Clubs,Seven_Diamonds,Six_Clubs,Five_Diamonds,Four_Clubs
  diag: wasteOcr:relevant=true,ms=175,overlapped=true
  diag: waste=fused-Ten-Diamonds:TD
  diag: waste-regions=exact:757-895:face-up-color-red-rank=null,legacy:750-907:match-Ten-Diamonds@0.95
  diag: waste-rank-scores={Ace=0.5102639, Two=0.54172766, Three=0.52425283, Four=0.49034336, Five=0.5494186, Six=0.61401033, Seven=0.39349777, Eight=0.60069746, Nine=0.5340751, Ten=0.5798981, Jack=0.4711014, Queen=0.5351697, King=0.53519857}
  diag: waste-suit-scores={Hearts=0.8146267, Diamonds=0.95913976, Clubs=0.8176796, Spades=0.86289924}
  diag: whole@756,503,895,713:ocr=miss:unparsed='OL';corner@756,503,817,566:ocr=miss:unparsed='OL';whole@749,503,907,713:ocr='10'@0.62
  diag: waste-ocr-rank=Ten
  diag: livePlayScreen=true
  diag: gameFooter=true
  diag: lobbyScreen=false
  diag: knownFaceUp=28
  diag: timing:total=569ms,tableau=170ms[c0=83,c1=6,c2=10,c3=25,c4=12,c5=17,c6=17],scrub=0ms,deckConstraint=2ms,recognize:hits=29,misses=2,missTime=247ms,missReason:newKey=0,fingerprint=2,bounds=0
  recognition:
  slot foundation:0 4D conf=0.90 rank=rank-png-strong@0.90 {4:0.90 A:0.72 J:0.68 8:0.63} suit=suit-png@0.96 {D:0.92 H:0.82} post=[ink-ratio:red=0.1584,black=0.0000,inkRed=true]
  slot foundation:1 2C conf=0.83 rank=rank-png-strong@0.83 {2:0.83 7:0.77 J:0.72 3:0.72} suit=suit-png@0.81 {C:0.81 S:0.74} post=[black-tiebreak:full=C0.81/S0.74,top=C0.58/S0.52,branch=wideMarginDirect->Clubs; ink-ratio:red=0.0000,black=0.1811,inkRed=false]
  slot foundation:2 3S conf=0.79 rank=rank-png-strong@0.79 {3:0.79 J:0.76 8:0.72 4:0.71} suit=suit-png@0.48 {C:0.81 S:0.78} post=[black-tiebreak:full=C0.81/S0.78,top=C0.53/S0.48,shape=Spades@1.08;branch=topClub-strongSpadeShapeOverride->Spades; ink-ratio:red=0.0000,black=0.1605,inkRed=false; black-tiebreak2:full=C0.81/S0.78,top=C0.53/S0.48,shape=Spades@1.08;branch=topClub-strongSpadeShapeOverride->Spades]
  slot tableau:0 KH conf=0.89 rank=rank-png-strong@0.89 {K:0.89 6:0.82 8:0.80 5:0.79} suit=suit-png@0.99 {H:0.95 D:0.81} post=[ink-ratio:red=0.2685,black=0.0000,inkRed=true,inkRegion=header; cascade:firstFaceTop=837.7,bottomTop=937.5,faceUpStep=48.90,geomCount=3,finalCount=3,bottomRank=Jack,leadingRank=King,rankCount=3,diff=0,applied=false,boundary=[not-face-down@faceDownCount=0:teal=0.000,white=0.519,red=0.352,black=0.000],exposedIndex=0,distanceFromBottom=2]
  slot tableau:0:1 QC conf=0.86 rank=rank-png-strong@0.86 {Q:0.86 9:0.75 8:0.72 10:0.71} suit=suit-opencv@0.52 {S:0.91 C:0.89} post=[ocr=miss:empty; ink-ratio:red=0.0000,black=0.3426,inkRed=false,inkRegion=header; post-black-suit:Spades->Clubs; black-tiebreak2:full=C0.66/S0.66,top=C0.74/S0.69,shape=none;branch=topLeaderDirect->Clubs; cascade:firstFaceTop=837.7,bottomTop=937.5,faceUpStep=48.90,geomCount=3,finalCount=3,bottomRank=Jack,leadingRank=King,rankCount=3,diff=0,applied=false,boundary=[not-face-down@faceDownCount=0:teal=0.000,white=0.519,red=0.352,black=0.000],exposedIndex=1,distanceFromBottom=1; deck-constraint:QC~->QC]
  slot tableau:0:2 JH conf=0.83 rank=rank-png-strong@0.83 {J:0.83 4:0.71 7:0.70 3:0.68} suit=suit-png@0.98 {H:0.94 D:0.80} post=[ink-ratio:red=0.1689,black=0.0400,inkRed=true; cascade:firstFaceTop=837.7,bottomTop=937.5,faceUpStep=48.90,geomCount=3,finalCount=3,bottomRank=Jack,leadingRank=King,rankCount=3,diff=0,applied=false,boundary=[not-face-down@faceDownCount=0:teal=0.000,white=0.519,red=0.352,black=0.000]]
  slot tableau:2 KC conf=0.93 rank=rank-png-strong@0.93 {K:0.93 2:0.78 8:0.78 10:0.78} suit=suit-png@0.82 {S:0.90 C:0.88} post=[black-tiebreak:full=C0.88/S0.90,top=C0.82/S0.86,shape=Clubs@0.36;branch=topSpade-clubShapeVetoWins->Clubs; ink-ratio:red=0.0000,black=0.2361,inkRed=false; cascade:firstFaceTop=837.7,bottomTop=840.0,faceUpStep=48.90,geomCount=1,finalCount=1,bottomRank=King,leadingRank=King,rankCount=1,diff=0,applied=false,boundary=[ran-out-of-room]]
  slot tableau:3 KD conf=0.87 rank=rank-png-strong@0.87 {K:0.87 6:0.81 8:0.81 5:0.78} suit=suit-png@0.98 {D:0.94 H:0.84} post=[ink-ratio:red=0.2685,black=0.0000,inkRed=true,inkRegion=header; cascade:firstFaceTop=837.7,bottomTop=1081.0,faceUpStep=48.90,geomCount=6,finalCount=6,bottomRank=Eight,leadingRank=King,rankCount=6,diff=0,applied=false,boundary=[not-face-down@faceDownCount=0:teal=0.000,white=0.667,red=0.333,black=0.000],exposedIndex=0,distanceFromBottom=5]
  slot tableau:3:1 QS conf=0.91 rank=rank-png-strong@0.91 {Q:0.91 9:0.80 8:0.75 6:0.74} suit=suit-png@0.93 {S:0.93 C:0.87} post=[black-tiebreak:full=C0.87/S0.93,top=C0.81/S0.91,branch=wideMarginDirect->Spades; ink-ratio:red=0.0000,black=0.2778,inkRed=false,inkRegion=header; cascade:firstFaceTop=837.7,bottomTop=1081.0,faceUpStep=48.90,geomCount=6,finalCount=6,bottomRank=Eight,leadingRank=King,rankCount=6,diff=0,applied=false,boundary=[not-face-down@faceDownCount=0:teal=0.000,white=0.667,red=0.333,black=0.000],exposedIndex=1,distanceFromBottom=4]
  slot tableau:3:2 JD conf=0.88 rank=rank-png-strong@0.88 {J:0.88 4:0.82 7:0.73 A:0.72} suit=suit-png@0.97 {D:0.93 H:0.85} post=[ocr=miss:empty; ink-ratio:red=0.1759,black=0.0000,inkRed=true,inkRegion=header; cascade:firstFaceTop=837.7,bottomTop=1081.0,faceUpStep=48.90,geomCount=6,finalCount=6,bottomRank=Eight,leadingRank=King,rankCount=6,diff=0,applied=false,boundary=[not-face-down@faceDownCount=0:teal=0.000,white=0.667,red=0.333,black=0.000],exposedIndex=2,distanceFromBottom=3]
  slot tableau:3:3 10S~ conf=0.87 rank=rank-png-strong@0.87 {10:0.87 Q:0.74 8:0.71 9:0.70} suit=suit-png@0.89 {S:0.94 C:0.89} post=[black-tiebreak:full=C0.89/S0.94,top=C0.79/S0.89,shape=none;branch=topLeaderDirect->Spades; ink-ratio:red=0.0000,black=0.2870,inkRed=false,inkRegion=header; cascade:firstFaceTop=837.7,bottomTop=1081.0,faceUpStep=48.90,geomCount=6,finalCount=6,bottomRank=Eight,leadingRank=King,rankCount=6,diff=0,applied=false,boundary=[not-face-down@faceDownCount=0:teal=0.000,white=0.667,red=0.333,black=0.000],exposedIndex=3,distanceFromBottom=2; deck-constraint:10S->10S~]
  slot tableau:3:4 9D~ conf=0.81 rank=rank-png-strong@0.81 {9:0.81 8:0.80 2:0.78 K:0.78} suit=suit-png@0.96 {D:0.92 H:0.87} post=[ink-ratio:red=0.2222,black=0.0000,inkRed=true,inkRegion=header; cascade:firstFaceTop=837.7,bottomTop=1081.0,faceUpStep=48.90,geomCount=6,finalCount=6,bottomRank=Eight,leadingRank=King,rankCount=6,diff=0,applied=false,boundary=[not-face-down@faceDownCount=0:teal=0.000,white=0.667,red=0.333,black=0.000],exposedIndex=4,distanceFromBottom=1; deck-constraint:9D->9D~]
  slot tableau:3:5 8S conf=0.90 rank=rank-png-strong@0.90 {8:0.90 6:0.81 3:0.78 9:0.77} suit=suit-png@0.95 {S:0.95 C:0.88} post=[black-tiebreak:full=C0.88/S0.95,top=C0.79/S0.95,branch=wideMarginDirect->Spades; ink-ratio:red=0.0000,black=0.2200,inkRed=false; cascade:firstFaceTop=837.7,bottomTop=1081.0,faceUpStep=48.90,geomCount=6,finalCount=6,bottomRank=Eight,leadingRank=King,rankCount=6,diff=0,applied=false,boundary=[not-face-down@faceDownCount=0:teal=0.000,white=0.667,red=0.333,black=0.000]]
  slot tableau:4:1 5H conf=0.93 rank=rank-png-strong@0.93 {5:0.93 6:0.82 9:0.79 8:0.79} suit=suit-png@1.01 {H:0.97 D:0.82} post=[ink-ratio:red=0.2222,black=0.0000,inkRed=true,inkRegion=header; cascade:firstFaceTop=882.1,bottomTop=983.4,faceUpStep=48.90,geomCount=3,finalCount=3,bottomRank=Three,leadingRank=Five,rankCount=3,diff=0,applied=false,boundary=[not-face-down@faceDownCount=1:teal=0.000,white=0.685,red=0.259,black=0.000],exposedIndex=0,distanceFromBottom=2]
  slot tableau:4:2 4S conf=0.94 rank=rank-png-strong@0.94 {4:0.94 A:0.87 9:0.74 J:0.74} suit=suit-png@0.97 {S:0.97 C:0.90} post=[black-tiebreak:full=C0.90/S0.97,top=C0.80/S0.98,branch=wideMarginDirect->Spades; ink-ratio:red=0.0000,black=0.1944,inkRed=false,inkRegion=header; cascade:firstFaceTop=882.1,bottomTop=983.4,faceUpStep=48.90,geomCount=3,finalCount=3,bottomRank=Three,leadingRank=Five,rankCount=3,diff=0,applied=false,boundary=[not-face-down@faceDownCount=1:teal=0.000,white=0.685,red=0.259,black=0.000],exposedIndex=1,distanceFromBottom=1]
  slot tableau:4:3 3H~ conf=0.83 rank=rank-png-strong@0.83 {3:0.83 J:0.77 8:0.76 2:0.73} suit=suit-png@0.99 {H:0.95 D:0.81} post=[ink-ratio:red=0.1911,black=0.0000,inkRed=true; cascade:firstFaceTop=882.1,bottomTop=983.4,faceUpStep=48.90,geomCount=3,finalCount=3,bottomRank=Three,leadingRank=Five,rankCount=3,diff=0,applied=false,boundary=[not-face-down@faceDownCount=1:teal=0.000,white=0.685,red=0.259,black=0.000]; deck-constraint:3H->3H~]
  slot tableau:5:4 9C~ conf=0.87 rank=rank-png-strong@0.87 {9:0.87 A:0.86 8:0.83 Q:0.82} suit=suit-png@0.93 {C:0.93 S:0.88} post=[black-tiebreak:full=C0.93/S0.88,top=C0.93/S0.82,shape=Spades@1.12;branch=topLeaderDirect->Clubs; ink-ratio:red=0.0000,black=0.1852,inkRed=false,inkRegion=header; cascade:firstFaceTop=1015.1,bottomTop=1276.0,faceUpStep=48.90,geomCount=6,finalCount=6,bottomRank=Four,leadingRank=Nine,rankCount=6,diff=0,applied=false,boundary=[not-face-down@faceDownCount=4:teal=0.315,white=0.593,red=0.000,black=0.056],exposedIndex=0,distanceFromBottom=5; deck-constraint:9C->9C~]
  slot tableau:5:5 8D~ conf=0.87 rank=rank-png-strong@0.87 {8:0.87 A:0.86 9:0.83 4:0.82} suit=suit-png@0.87 {D:0.87 H:0.76} post=[ink-ratio:red=0.1759,black=0.0370,inkRed=true,inkRegion=header; cascade:firstFaceTop=1015.1,bottomTop=1276.0,faceUpStep=48.90,geomCount=6,finalCount=6,bottomRank=Four,leadingRank=Nine,rankCount=6,diff=0,applied=false,boundary=[not-face-down@faceDownCount=4:teal=0.315,white=0.593,red=0.000,black=0.056],exposedIndex=1,distanceFromBottom=4; deck-constraint:8D->8D~]
  slot tableau:5:7 6D~ conf=0.87 rank=rank-png-strong@0.87 {6:0.87 A:0.83 4:0.81 8:0.81} suit=suit-png@0.87 {D:0.87 H:0.76} post=[ink-ratio:red=0.1852,black=0.0185,inkRed=true,inkRegion=header; cascade:firstFaceTop=1015.1,bottomTop=1276.0,faceUpStep=48.90,geomCount=6,finalCount=6,bottomRank=Four,leadingRank=Nine,rankCount=6,diff=0,applied=false,boundary=[not-face-down@faceDownCount=4:teal=0.315,white=0.593,red=0.000,black=0.056],exposedIndex=3,distanceFromBottom=2; deck-constraint:6D->6D~]
  slot tableau:5:8 5C~ conf=0.84 rank=rank-png-strong@0.84 {5:0.84 6:0.83 8:0.80 9:0.80} suit=suit-png@0.79 {C:0.79 D:0.79 H:0.72 S:0.67} post=[ink-ratio:red=0.0278,black=0.1759,inkRed=null,inkRegion=header; cascade:firstFaceTop=1015.1,bottomTop=1276.0,faceUpStep=48.90,geomCount=6,finalCount=6,bottomRank=Four,leadingRank=Nine,rankCount=6,diff=0,applied=false,boundary=[not-face-down@faceDownCount=4:teal=0.315,white=0.593,red=0.000,black=0.056],exposedIndex=4,distanceFromBottom=1; deck-constraint:5C->5C~]
  slot tableau:5:9 4H conf=0.89 rank=rank-png-strong@0.89 {4:0.89 A:0.74 J:0.71 8:0.66} suit=suit-png@0.99 {H:0.95 D:0.79} post=[ink-ratio:red=0.1875,black=0.0000,inkRed=true; cascade:firstFaceTop=1015.1,bottomTop=1276.0,faceUpStep=48.90,geomCount=6,finalCount=6,bottomRank=Four,leadingRank=Nine,rankCount=6,diff=0,applied=false,boundary=[not-face-down@faceDownCount=4:teal=0.315,white=0.593,red=0.000,black=0.056]]
  slot tableau:6:3 8C conf=0.93 rank=rank-png-strong@0.93 {8:0.93 9:0.84 6:0.83 A:0.83} suit=suit-png@0.91 {C:0.90 S:0.85} post=[black-tiebreak:full=C0.90/S0.85,top=C0.91/S0.83,shape=Spades@0.60;branch=topLeaderDirect->Clubs; ink-ratio:red=0.0000,black=0.2407,inkRed=false,inkRegion=header; cascade:firstFaceTop=970.7,bottomTop=1178.5,faceUpStep=48.90,geomCount=5,finalCount=5,bottomRank=Four,leadingRank=Eight,rankCount=5,diff=0,applied=false,boundary=[not-face-down@faceDownCount=3:teal=0.000,white=0.519,red=0.000,black=0.130],exposedIndex=0,distanceFromBottom=4]
  slot tableau:6:4 7D~ conf=0.95 rank=rank-png-strong@0.95 {7:0.95 2:0.86 3:0.77 J:0.76} suit=suit-png@0.98 {D:0.94 H:0.83} post=[ocr=miss:empty; ink-ratio:red=0.1759,black=0.0556,inkRed=true,inkRegion=header; cascade:firstFaceTop=970.7,bottomTop=1178.5,faceUpStep=48.90,geomCount=5,finalCount=5,bottomRank=Four,leadingRank=Eight,rankCount=5,diff=0,applied=false,boundary=[not-face-down@faceDownCount=3:teal=0.000,white=0.519,red=0.000,black=0.130],exposedIndex=1,distanceFromBottom=3; deck-constraint:7D->7D~]
  slot tableau:6:5 6C~ conf=0.92 rank=rank-png-strong@0.92 {6:0.92 A:0.83 8:0.83 5:0.83} suit=suit-png@0.92 {C:0.90 S:0.86} post=[black-tiebreak:full=C0.90/S0.86,top=C0.92/S0.84,shape=Spades@0.60;branch=topLeaderDirect->Clubs; ink-ratio:red=0.0000,black=0.2500,inkRed=false,inkRegion=header; cascade:firstFaceTop=970.7,bottomTop=1178.5,faceUpStep=48.90,geomCount=5,finalCount=5,bottomRank=Four,leadingRank=Eight,rankCount=5,diff=0,applied=false,boundary=[not-face-down@faceDownCount=3:teal=0.000,white=0.519,red=0.000,black=0.130],exposedIndex=2,distanceFromBottom=2; deck-constraint:6C->6C~]
  slot tableau:6:6 5D conf=0.94 rank=rank-png-strong@0.94 {5:0.94 6:0.83 K:0.81 9:0.80} suit=suit-png@0.96 {D:0.92 H:0.84} post=[ink-ratio:red=0.1574,black=0.0556,inkRed=true,inkRegion=header; cascade:firstFaceTop=970.7,bottomTop=1178.5,faceUpStep=48.90,geomCount=5,finalCount=5,bottomRank=Four,leadingRank=Eight,rankCount=5,diff=0,applied=false,boundary=[not-face-down@faceDownCount=3:teal=0.000,white=0.519,red=0.000,black=0.130],exposedIndex=3,distanceFromBottom=1]
  slot tableau:6:7 4C conf=0.91 rank=rank-png-strong@0.91 {4:0.91 A:0.73 J:0.72 8:0.66} suit=suit-png@0.86 {C:0.90 S:0.89} post=[black-tiebreak:full=C0.90/S0.89,top=C0.86/S0.82,shape=Clubs@0.36;branch=lowTopMargin-shapeLeader->Clubs; ink-ratio:red=0.0000,black=0.2222,inkRed=false; cascade:firstFaceTop=970.7,bottomTop=1178.5,faceUpStep=48.90,geomCount=5,finalCount=5,bottomRank=Four,leadingRank=Eight,rankCount=5,diff=0,applied=false,boundary=[not-face-down@faceDownCount=3:teal=0.000,white=0.519,red=0.000,black=0.130]]
  slot waste 10D conf=0.95 rank=rank-png-strong@0.95 {6:0.61 8:0.60 10:0.58 5:0.55} suit=suit-png@1.00 {D:0.96 H:0.81} post=[waste-fusion:legacy=Ten_Diamonds,tight=null; whole@756,503,895,713:ocr=miss:unparsed='OL';corner@756,503,817,566:ocr=miss:unparsed='OL';whole@749,503,907,713:ocr='10'@0.62; waste-ocr-rank:Ten; ink-ratio:red=0.2593,black=0.0000,inkRed=true; ocr=miss:unparsed='OL'; ink-ratio:red=0.2840,black=0.0000,inkRed=true]
18:02:44.370 OUTCOME=ARROW status=Best: Draw from stock score=8.0 (draw) 342ms conf=0.75 known=27
  frame=1080x2340 elapsed=342ms conf=0.75 knownFaceUp=27
  timing: queueDelay=60ms detect=342ms select=2ms total=404ms
  move=Draw from stock score=8.0 rationale=draw
  runner-up:
    1. Foundation 3 -> Tableau 6 score=-57.0 (pull-from-foundation)
    2. Foundation 2 -> Tableau 5 score=-57.0 (pull-from-foundation)
    3. Tableau 5 -> Tableau 7 score=-207.0 (defer-no-reveal-stack,lookahead+10.0,reversible)
  from=(991,608) to=(828,608)
  signature=U_R|Four_Diamonds;Two_Clubs;Three_Spades;-|King_Hearts,Queen_Clubs,Jack_Hearts;;King_Clubs;King_Diamonds,Queen_Spades,Jack_Diamonds,Ten_Spades,Nine_Diamonds,Eight_Spades;D,Five_Hearts,Four_Spades,Three_Hearts;D,D,D,D,Nine_Clubs,Eight_Diamonds,Seven_Clubs,Six_Diamonds,Five_Clubs,Four_Hearts;D,D,D,Eight_Clubs,Seven_Diamonds,Six_Clubs,Five_Diamonds,Four_Clubs
  diag: boardConfidence=0.85
  diag: profile=solitaire_smash_s25
  diag: stock=face-down-stock
  diag: foundation0=match-Four-Diamonds@0.90:FD
  diag: foundation1=match-Two-Clubs@0.83:TC
  diag: foundation2=match-Three-Spades@0.79:TS
  diag: foundation3=empty-color:null
  diag: tableau0.faceScan=rowHeight=5.74,lastWhiteBottom=1130.3,whiteRows=50,minimumRows=7,breakY=1164.7
  diag: tableau0.region=937.5-1130.3
  diag: tableau0=King_Diamonds,Queen_Clubs,Jack_Diamonds
  diag: tableau1.faceScan=rowHeight=5.74,lastWhiteBottom=1027.0,whiteRows=1,minimumRows=7,breakY=1061.5
  diag: tableau1=
  diag: tableau2.faceScan=rowHeight=5.74,lastWhiteBottom=1032.8,whiteRows=34,minimumRows=7,breakY=1067.2
  diag: tableau2.region=840.0-1032.8
  diag: tableau2=King_Clubs
  diag: tableau3.faceScan=rowHeight=5.74,lastWhiteBottom=1273.7,whiteRows=73,minimumRows=7,breakY=1308.1
  diag: tableau3.region=1081.0-1273.7
  diag: tableau3=King_Diamonds,Queen_Clubs,Jack_Diamonds,Ten_Clubs,Nine_Diamonds,Eight_Clubs
  diag: tableau4.faceScan=rowHeight=5.74,lastWhiteBottom=1176.2,whiteRows=51,minimumRows=7,breakY=1210.6
  diag: tableau4.region=983.4-1176.2
  diag: tableau4=D,Five_Diamonds,Four_Clubs,Three_Diamonds
  diag: tableau5.faceScan=rowHeight=5.74,lastWhiteBottom=1468.8,whiteRows=78,minimumRows=7,breakY=1503.2
  diag: tableau5.region=1276.0-1468.8
  diag: tableau5=D,D,D,D,Nine_Clubs,Eight_Diamonds,Seven_Clubs,Six_Diamonds,Five_Clubs,Four_Diamonds
  diag: tableau6.faceScan=rowHeight=5.74,lastWhiteBottom=1371.2,whiteRows=70,minimumRows=7,breakY=1405.7
  diag: tableau6.region=1178.5-1371.2
  diag: tableau6=D,D,D,Eight_Clubs,Seven_Diamonds,Six_Clubs,Five_Diamonds,Four_Clubs
  diag: wasteOcr:relevant=false,ms=0,overlapped=false
  diag: waste=face-up-color-red:null
  diag: waste-regions=exact:759-897:face-up-color-red,legacy:750-907:face-up-color-red
  diag: waste-rank-scores={Ace=0.23203692, Two=0.2778506, Three=0.26086956, Four=0.074571215, Five=0.2795441, Six=0.24907522, Seven=0.2299762, Eight=0.29268292, Nine=0.27906978, Ten=0.3090129, Jack=0.15673141, Queen=0.22849807, King=0.33015496}
  diag: waste-suit-scores={Hearts=0.0, Diamonds=0.0, Clubs=0.0, Spades=0.0}
  diag: livePlayScreen=true
  diag: gameFooter=true
  diag: lobbyScreen=false
  diag: knownFaceUp=27
  diag: timing:total=339ms,tableau=150ms[c0=73,c1=2,c2=4,c3=21,c4=10,c5=24,c6=17],scrub=0ms,deckConstraint=1ms,recognize:hits=29,misses=2,missTime=252ms,missReason:newKey=0,fingerprint=2,bounds=0
  recognition:
  slot foundation:0 4D conf=0.90 rank=rank-png-strong@0.90 {4:0.90 A:0.72 J:0.68 8:0.63} suit=suit-png@0.96 {D:0.92 H:0.82} post=[ink-ratio:red=0.1584,black=0.0000,inkRed=true]
  slot foundation:1 2C conf=0.83 rank=rank-png-strong@0.83 {2:0.83 7:0.77 J:0.72 3:0.72} suit=suit-png@0.81 {C:0.81 S:0.74} post=[black-tiebreak:full=C0.81/S0.74,top=C0.58/S0.52,branch=wideMarginDirect->Clubs; ink-ratio:red=0.0000,black=0.1811,inkRed=false]
  slot foundation:2 3S conf=0.79 rank=rank-png-strong@0.79 {3:0.79 J:0.76 8:0.72 4:0.71} suit=suit-png@0.48 {C:0.81 S:0.78} post=[black-tiebreak:full=C0.81/S0.78,top=C0.53/S0.48,shape=Spades@1.08;branch=topClub-strongSpadeShapeOverride->Spades; ink-ratio:red=0.0000,black=0.1605,inkRed=false; black-tiebreak2:full=C0.81/S0.78,top=C0.53/S0.48,shape=Spades@1.08;branch=topClub-strongSpadeShapeOverride->Spades]
  slot tableau:0 KH conf=0.89 rank=rank-png-strong@0.89 {K:0.89 6:0.82 8:0.80 5:0.79} suit=suit-png@0.99 {H:0.95 D:0.81} post=[ink-ratio:red=0.2685,black=0.0000,inkRed=true,inkRegion=header; cascade:firstFaceTop=837.7,bottomTop=937.5,faceUpStep=48.90,geomCount=3,finalCount=3,bottomRank=Jack,leadingRank=King,rankCount=3,diff=0,applied=false,boundary=[not-face-down@faceDownCount=0:teal=0.000,white=0.519,red=0.352,black=0.000],exposedIndex=0,distanceFromBottom=2]
  slot tableau:0:1 QC conf=0.86 rank=rank-png-strong@0.86 {Q:0.86 9:0.75 8:0.72 10:0.71} suit=suit-opencv@0.52 {S:0.91 C:0.89} post=[ocr=miss:empty; ink-ratio:red=0.0000,black=0.3426,inkRed=false,inkRegion=header; post-black-suit:Spades->Clubs; black-tiebreak2:full=C0.66/S0.66,top=C0.74/S0.69,shape=none;branch=topLeaderDirect->Clubs; cascade:firstFaceTop=837.7,bottomTop=937.5,faceUpStep=48.90,geomCount=3,finalCount=3,bottomRank=Jack,leadingRank=King,rankCount=3,diff=0,applied=false,boundary=[not-face-down@faceDownCount=0:teal=0.000,white=0.519,red=0.352,black=0.000],exposedIndex=1,distanceFromBottom=1; deck-constraint:QC~->QC]
  slot tableau:0:2 JH conf=0.83 rank=rank-png-strong@0.83 {J:0.83 4:0.71 7:0.70 3:0.68} suit=suit-png@0.98 {H:0.94 D:0.80} post=[ink-ratio:red=0.1689,black=0.0400,inkRed=true; cascade:firstFaceTop=837.7,bottomTop=937.5,faceUpStep=48.90,geomCount=3,finalCount=3,bottomRank=Jack,leadingRank=King,rankCount=3,diff=0,applied=false,boundary=[not-face-down@faceDownCount=0:teal=0.000,white=0.519,red=0.352,black=0.000]]
  slot tableau:2 KC conf=0.93 rank=rank-png-strong@0.93 {K:0.93 2:0.78 8:0.78 10:0.78} suit=suit-png@0.82 {S:0.90 C:0.88} post=[black-tiebreak:full=C0.88/S0.90,top=C0.82/S0.86,shape=Clubs@0.36;branch=topSpade-clubShapeVetoWins->Clubs; ink-ratio:red=0.0000,black=0.2361,inkRed=false; cascade:firstFaceTop=837.7,bottomTop=840.0,faceUpStep=48.90,geomCount=1,finalCount=1,bottomRank=King,leadingRank=King,rankCount=1,diff=0,applied=false,boundary=[ran-out-of-room]]
  slot tableau:3 KD conf=0.87 rank=rank-png-strong@0.87 {K:0.87 6:0.81 8:0.81 5:0.78} suit=suit-png@0.98 {D:0.94 H:0.84} post=[ink-ratio:red=0.2685,black=0.0000,inkRed=true,inkRegion=header; cascade:firstFaceTop=837.7,bottomTop=1081.0,faceUpStep=48.90,geomCount=6,finalCount=6,bottomRank=Eight,leadingRank=King,rankCount=6,diff=0,applied=false,boundary=[not-face-down@faceDownCount=0:teal=0.000,white=0.667,red=0.333,black=0.000],exposedIndex=0,distanceFromBottom=5]
  slot tableau:3:1 QS conf=0.91 rank=rank-png-strong@0.91 {Q:0.91 9:0.80 8:0.75 6:0.74} suit=suit-png@0.93 {S:0.93 C:0.87} post=[black-tiebreak:full=C0.87/S0.93,top=C0.81/S0.91,branch=wideMarginDirect->Spades; ink-ratio:red=0.0000,black=0.2778,inkRed=false,inkRegion=header; cascade:firstFaceTop=837.7,bottomTop=1081.0,faceUpStep=48.90,geomCount=6,finalCount=6,bottomRank=Eight,leadingRank=King,rankCount=6,diff=0,applied=false,boundary=[not-face-down@faceDownCount=0:teal=0.000,white=0.667,red=0.333,black=0.000],exposedIndex=1,distanceFromBottom=4]
  slot tableau:3:2 JD conf=0.88 rank=rank-png-strong@0.88 {J:0.88 4:0.82 7:0.73 A:0.72} suit=suit-png@0.97 {D:0.93 H:0.85} post=[ocr=miss:empty; ink-ratio:red=0.1759,black=0.0000,inkRed=true,inkRegion=header; cascade:firstFaceTop=837.7,bottomTop=1081.0,faceUpStep=48.90,geomCount=6,finalCount=6,bottomRank=Eight,leadingRank=King,rankCount=6,diff=0,applied=false,boundary=[not-face-down@faceDownCount=0:teal=0.000,white=0.667,red=0.333,black=0.000],exposedIndex=2,distanceFromBottom=3]
  slot tableau:3:3 10S~ conf=0.87 rank=rank-png-strong@0.87 {10:0.87 Q:0.74 8:0.71 9:0.70} suit=suit-png@0.89 {S:0.94 C:0.89} post=[black-tiebreak:full=C0.89/S0.94,top=C0.79/S0.89,shape=none;branch=topLeaderDirect->Spades; ink-ratio:red=0.0000,black=0.2870,inkRed=false,inkRegion=header; cascade:firstFaceTop=837.7,bottomTop=1081.0,faceUpStep=48.90,geomCount=6,finalCount=6,bottomRank=Eight,leadingRank=King,rankCount=6,diff=0,applied=false,boundary=[not-face-down@faceDownCount=0:teal=0.000,white=0.667,red=0.333,black=0.000],exposedIndex=3,distanceFromBottom=2; deck-constraint:10S->10S~]
  slot tableau:3:4 9D~ conf=0.81 rank=rank-png-strong@0.81 {9:0.81 8:0.80 2:0.78 K:0.78} suit=suit-png@0.96 {D:0.92 H:0.87} post=[ink-ratio:red=0.2222,black=0.0000,inkRed=true,inkRegion=header; cascade:firstFaceTop=837.7,bottomTop=1081.0,faceUpStep=48.90,geomCount=6,finalCount=6,bottomRank=Eight,leadingRank=King,rankCount=6,diff=0,applied=false,boundary=[not-face-down@faceDownCount=0:teal=0.000,white=0.667,red=0.333,black=0.000],exposedIndex=4,distanceFromBottom=1; deck-constraint:9D->9D~]
  slot tableau:3:5 8S conf=0.90 rank=rank-png-strong@0.90 {8:0.90 6:0.81 3:0.78 9:0.77} suit=suit-png@0.95 {S:0.95 C:0.88} post=[black-tiebreak:full=C0.88/S0.95,top=C0.79/S0.95,branch=wideMarginDirect->Spades; ink-ratio:red=0.0000,black=0.2200,inkRed=false; cascade:firstFaceTop=837.7,bottomTop=1081.0,faceUpStep=48.90,geomCount=6,finalCount=6,bottomRank=Eight,leadingRank=King,rankCount=6,diff=0,applied=false,boundary=[not-face-down@faceDownCount=0:teal=0.000,white=0.667,red=0.333,black=0.000]]
  slot tableau:4:1 5H conf=0.93 rank=rank-png-strong@0.93 {5:0.93 6:0.82 9:0.79 8:0.79} suit=suit-png@1.01 {H:0.97 D:0.82} post=[ink-ratio:red=0.2222,black=0.0000,inkRed=true,inkRegion=header; cascade:firstFaceTop=882.1,bottomTop=983.4,faceUpStep=48.90,geomCount=3,finalCount=3,bottomRank=Three,leadingRank=Five,rankCount=3,diff=0,applied=false,boundary=[not-face-down@faceDownCount=1:teal=0.000,white=0.685,red=0.259,black=0.000],exposedIndex=0,distanceFromBottom=2]
  slot tableau:4:2 4S conf=0.94 rank=rank-png-strong@0.94 {4:0.94 A:0.87 9:0.74 J:0.74} suit=suit-png@0.97 {S:0.97 C:0.90} post=[black-tiebreak:full=C0.90/S0.97,top=C0.80/S0.98,branch=wideMarginDirect->Spades; ink-ratio:red=0.0000,black=0.1944,inkRed=false,inkRegion=header; cascade:firstFaceTop=882.1,bottomTop=983.4,faceUpStep=48.90,geomCount=3,finalCount=3,bottomRank=Three,leadingRank=Five,rankCount=3,diff=0,applied=false,boundary=[not-face-down@faceDownCount=1:teal=0.000,white=0.685,red=0.259,black=0.000],exposedIndex=1,distanceFromBottom=1]
  slot tableau:4:3 3H~ conf=0.83 rank=rank-png-strong@0.83 {3:0.83 J:0.77 8:0.76 2:0.73} suit=suit-png@0.99 {H:0.95 D:0.81} post=[ink-ratio:red=0.1911,black=0.0000,inkRed=true; cascade:firstFaceTop=882.1,bottomTop=983.4,faceUpStep=48.90,geomCount=3,finalCount=3,bottomRank=Three,leadingRank=Five,rankCount=3,diff=0,applied=false,boundary=[not-face-down@faceDownCount=1:teal=0.000,white=0.685,red=0.259,black=0.000]; deck-constraint:3H->3H~]
  slot tableau:5:4 9C~ conf=0.87 rank=rank-png-strong@0.87 {9:0.87 A:0.86 8:0.83 Q:0.82} suit=suit-png@0.93 {C:0.93 S:0.88} post=[black-tiebreak:full=C0.93/S0.88,top=C0.93/S0.82,shape=Spades@1.12;branch=topLeaderDirect->Clubs; ink-ratio:red=0.0000,black=0.1852,inkRed=false,inkRegion=header; cascade:firstFaceTop=1015.1,bottomTop=1276.0,faceUpStep=48.90,geomCount=6,finalCount=6,bottomRank=Four,leadingRank=Nine,rankCount=6,diff=0,applied=false,boundary=[not-face-down@faceDownCount=4:teal=0.315,white=0.593,red=0.000,black=0.056],exposedIndex=0,distanceFromBottom=5; deck-constraint:9C->9C~]
  slot tableau:5:5 8D~ conf=0.87 rank=rank-png-strong@0.87 {8:0.87 A:0.86 9:0.83 4:0.82} suit=suit-png@0.87 {D:0.87 H:0.76} post=[ink-ratio:red=0.1759,black=0.0370,inkRed=true,inkRegion=header; cascade:firstFaceTop=1015.1,bottomTop=1276.0,faceUpStep=48.90,geomCount=6,finalCount=6,bottomRank=Four,leadingRank=Nine,rankCount=6,diff=0,applied=false,boundary=[not-face-down@faceDownCount=4:teal=0.315,white=0.593,red=0.000,black=0.056],exposedIndex=1,distanceFromBottom=4; deck-constraint:8D->8D~]
  slot tableau:5:7 6D~ conf=0.87 rank=rank-png-strong@0.87 {6:0.87 A:0.83 4:0.81 8:0.81} suit=suit-png@0.87 {D:0.87 H:0.76} post=[ink-ratio:red=0.1852,black=0.0185,inkRed=true,inkRegion=header; cascade:firstFaceTop=1015.1,bottomTop=1276.0,faceUpStep=48.90,geomCount=6,finalCount=6,bottomRank=Four,leadingRank=Nine,rankCount=6,diff=0,applied=false,boundary=[not-face-down@faceDownCount=4:teal=0.315,white=0.593,red=0.000,black=0.056],exposedIndex=3,distanceFromBottom=2; deck-constraint:6D->6D~]
  slot tableau:5:8 5C~ conf=0.84 rank=rank-png-strong@0.84 {5:0.84 6:0.83 8:0.80 9:0.80} suit=suit-png@0.79 {C:0.79 D:0.79 H:0.72 S:0.67} post=[ink-ratio:red=0.0278,black=0.1759,inkRed=null,inkRegion=header; cascade:firstFaceTop=1015.1,bottomTop=1276.0,faceUpStep=48.90,geomCount=6,finalCount=6,bottomRank=Four,leadingRank=Nine,rankCount=6,diff=0,applied=false,boundary=[not-face-down@faceDownCount=4:teal=0.315,white=0.593,red=0.000,black=0.056],exposedIndex=4,distanceFromBottom=1; deck-constraint:5C->5C~]
  slot tableau:5:9 4H conf=0.89 rank=rank-png-strong@0.89 {4:0.89 A:0.74 J:0.71 8:0.66} suit=suit-png@0.99 {H:0.95 D:0.79} post=[ink-ratio:red=0.1875,black=0.0000,inkRed=true; cascade:firstFaceTop=1015.1,bottomTop=1276.0,faceUpStep=48.90,geomCount=6,finalCount=6,bottomRank=Four,leadingRank=Nine,rankCount=6,diff=0,applied=false,boundary=[not-face-down@faceDownCount=4:teal=0.315,white=0.593,red=0.000,black=0.056]]
  slot tableau:6:3 8C conf=0.93 rank=rank-png-strong@0.93 {8:0.93 9:0.84 6:0.83 A:0.83} suit=suit-png@0.91 {C:0.90 S:0.85} post=[black-tiebreak:full=C0.90/S0.85,top=C0.91/S0.83,shape=Spades@0.60;branch=topLeaderDirect->Clubs; ink-ratio:red=0.0000,black=0.2407,inkRed=false,inkRegion=header; cascade:firstFaceTop=970.7,bottomTop=1178.5,faceUpStep=48.90,geomCount=5,finalCount=5,bottomRank=Four,leadingRank=Eight,rankCount=5,diff=0,applied=false,boundary=[not-face-down@faceDownCount=3:teal=0.000,white=0.519,red=0.000,black=0.130],exposedIndex=0,distanceFromBottom=4]
  slot tableau:6:4 7D~ conf=0.95 rank=rank-png-strong@0.95 {7:0.95 2:0.86 3:0.77 J:0.76} suit=suit-png@0.98 {D:0.94 H:0.83} post=[ocr=miss:empty; ink-ratio:red=0.1759,black=0.0556,inkRed=true,inkRegion=header; cascade:firstFaceTop=970.7,bottomTop=1178.5,faceUpStep=48.90,geomCount=5,finalCount=5,bottomRank=Four,leadingRank=Eight,rankCount=5,diff=0,applied=false,boundary=[not-face-down@faceDownCount=3:teal=0.000,white=0.519,red=0.000,black=0.130],exposedIndex=1,distanceFromBottom=3; deck-constraint:7D->7D~]
  slot tableau:6:5 6C~ conf=0.92 rank=rank-png-strong@0.92 {6:0.92 A:0.83 8:0.83 5:0.83} suit=suit-png@0.92 {C:0.90 S:0.86} post=[black-tiebreak:full=C0.90/S0.86,top=C0.92/S0.84,shape=Spades@0.60;branch=topLeaderDirect->Clubs; ink-ratio:red=0.0000,black=0.2500,inkRed=false,inkRegion=header; cascade:firstFaceTop=970.7,bottomTop=1178.5,faceUpStep=48.90,geomCount=5,finalCount=5,bottomRank=Four,leadingRank=Eight,rankCount=5,diff=0,applied=false,boundary=[not-face-down@faceDownCount=3:teal=0.000,white=0.519,red=0.000,black=0.130],exposedIndex=2,distanceFromBottom=2; deck-constraint:6C->6C~]
  slot tableau:6:6 5D conf=0.94 rank=rank-png-strong@0.94 {5:0.94 6:0.83 K:0.81 9:0.80} suit=suit-png@0.96 {D:0.92 H:0.84} post=[ink-ratio:red=0.1574,black=0.0556,inkRed=true,inkRegion=header; cascade:firstFaceTop=970.7,bottomTop=1178.5,faceUpStep=48.90,geomCount=5,finalCount=5,bottomRank=Four,leadingRank=Eight,rankCount=5,diff=0,applied=false,boundary=[not-face-down@faceDownCount=3:teal=0.000,white=0.519,red=0.000,black=0.130],exposedIndex=3,distanceFromBottom=1]
  slot tableau:6:7 4C conf=0.91 rank=rank-png-strong@0.91 {4:0.91 A:0.73 J:0.72 8:0.66} suit=suit-png@0.86 {C:0.90 S:0.89} post=[black-tiebreak:full=C0.90/S0.89,top=C0.86/S0.82,shape=Clubs@0.36;branch=lowTopMargin-shapeLeader->Clubs; ink-ratio:red=0.0000,black=0.2222,inkRed=false; cascade:firstFaceTop=970.7,bottomTop=1178.5,faceUpStep=48.90,geomCount=5,finalCount=5,bottomRank=Four,leadingRank=Eight,rankCount=5,diff=0,applied=false,boundary=[not-face-down@faceDownCount=3:teal=0.000,white=0.519,red=0.000,black=0.130]]
  slot waste ? conf=0.55 rank=? {K:0.39 10:0.36 8:0.36 2:0.34} suit=? {H:0.00 D:0.00} post=[ocr=miss:empty]
18:02:44.722 OUTCOME=ARROW status=Best: Recycle waste to stock score=-2.0 (recycle) 345ms conf=0.81 known=28
  frame=1080x2340 elapsed=345ms conf=0.81 knownFaceUp=28
  timing: queueDelay=130ms detect=345ms select=2ms total=477ms
  move=Recycle waste to stock score=-2.0 rationale=recycle
  runner-up:
    1. Foundation 3 -> Tableau 6 score=-57.0 (pull-from-foundation)
    2. Foundation 2 -> Tableau 5 score=-57.0 (pull-from-foundation)
    3. Tableau 5 -> Tableau 7 score=-207.0 (defer-no-reveal-stack,lookahead+10.0,reversible)
  from=(991,608) to=(826,608)
  signature=Two_Hearts|Four_Diamonds;Two_Clubs;Three_Spades;-|King_Hearts,Queen_Clubs,Jack_Hearts;;King_Clubs;King_Diamonds,Queen_Spades,Jack_Diamonds,Ten_Spades,Nine_Diamonds,Eight_Spades;D,Five_Hearts,Four_Spades,Three_Hearts;D,D,D,D,Nine_Clubs,Eight_Diamonds,Seven_Clubs,Six_Diamonds,Five_Clubs,Four_Hearts;D,D,D,Eight_Clubs,Seven_Diamonds,Six_Clubs,Five_Diamonds,Four_Clubs
  diag: boardConfidence=0.85
  diag: profile=solitaire_smash_s25
  diag: stock=empty-color
  diag: foundation0=match-Four-Diamonds@0.90:FD
  diag: foundation1=match-Two-Clubs@0.83:TC
  diag: foundation2=match-Three-Spades@0.79:TS
  diag: foundation3=empty-color:null
  diag: tableau0.faceScan=rowHeight=5.74,lastWhiteBottom=1130.3,whiteRows=50,minimumRows=7,breakY=1164.7
  diag: tableau0.region=937.5-1130.3
  diag: tableau0=King_Diamonds,Queen_Clubs,Jack_Diamonds
  diag: tableau1.faceScan=rowHeight=5.74,lastWhiteBottom=1027.0,whiteRows=1,minimumRows=7,breakY=1061.5
  diag: tableau1=
  diag: tableau2.faceScan=rowHeight=5.74,lastWhiteBottom=1032.8,whiteRows=34,minimumRows=7,breakY=1067.2
  diag: tableau2.region=840.0-1032.8
  diag: tableau2=King_Clubs
  diag: tableau3.faceScan=rowHeight=5.74,lastWhiteBottom=1273.7,whiteRows=73,minimumRows=7,breakY=1308.1
  diag: tableau3.region=1081.0-1273.7
  diag: tableau3=King_Diamonds,Queen_Clubs,Jack_Diamonds,Ten_Clubs,Nine_Diamonds,Eight_Clubs
  diag: tableau4.faceScan=rowHeight=5.74,lastWhiteBottom=1176.2,whiteRows=51,minimumRows=7,breakY=1210.6
  diag: tableau4.region=983.4-1176.2
  diag: tableau4=D,Five_Diamonds,Four_Clubs,Three_Diamonds
  diag: tableau5.faceScan=rowHeight=5.74,lastWhiteBottom=1468.8,whiteRows=78,minimumRows=7,breakY=1503.2
  diag: tableau5.region=1276.0-1468.8
  diag: tableau5=D,D,D,D,Nine_Clubs,Eight_Diamonds,Seven_Clubs,Six_Diamonds,Five_Clubs,Four_Diamonds
  diag: tableau6.faceScan=rowHeight=5.74,lastWhiteBottom=1371.2,whiteRows=70,minimumRows=7,breakY=1405.7
  diag: tableau6.region=1178.5-1371.2
  diag: tableau6=D,D,D,Eight_Clubs,Seven_Diamonds,Six_Clubs,Five_Diamonds,Four_Clubs
  diag: wasteOcr:relevant=true,ms=163,overlapped=true
  diag: waste=fused-Two-Hearts:TH
  diag: waste-regions=exact:757-895:match-Two-Hearts@0.62,legacy:750-907:match-Two-Hearts@0.76
  diag: waste-rank-scores={Ace=0.45088017, Two=0.39446366, Three=0.38706017, Four=0.40894148, Five=0.4257703, Six=0.37886873, Seven=0.33313218, Eight=0.37717122, Nine=0.3993644, Ten=0.43274853, Jack=0.40771705, Queen=0.49776286, King=0.46153846}
  diag: waste-suit-scores={Hearts=0.9632986, Diamonds=0.87304157}
  diag: whole@756,503,895,713:ocr=miss:empty;corner@756,503,817,566:ocr=miss:empty;whole@749,503,907,713:ocr=miss:empty;corner@749,503,819,566:ocr=miss:empty;whole@707,503,845,713:ocr='5'@0.62
  diag: livePlayScreen=true
  diag: gameFooter=true
  diag: lobbyScreen=false
  diag: knownFaceUp=28
  diag: timing:total=342ms,tableau=149ms[c0=64,c1=2,c2=6,c3=22,c4=18,c5=20,c6=17],scrub=0ms,deckConstraint=2ms,recognize:hits=29,misses=2,missTime=101ms,missReason:newKey=0,fingerprint=2,bounds=0
  recognition:
  slot foundation:0 4D conf=0.90 rank=rank-png-strong@0.90 {4:0.90 A:0.72 J:0.68 8:0.63} suit=suit-png@0.96 {D:0.92 H:0.82} post=[ink-ratio:red=0.1584,black=0.0000,inkRed=true]
  slot foundation:1 2C conf=0.83 rank=rank-png-strong@0.83 {2:0.83 7:0.77 J:0.72 3:0.72} suit=suit-png@0.81 {C:0.81 S:0.74} post=[black-tiebreak:full=C0.81/S0.74,top=C0.58/S0.52,branch=wideMarginDirect->Clubs; ink-ratio:red=0.0000,black=0.1811,inkRed=false]
  slot foundation:2 3S conf=0.79 rank=rank-png-strong@0.79 {3:0.79 J:0.76 8:0.72 4:0.71} suit=suit-png@0.48 {C:0.81 S:0.78} post=[black-tiebreak:full=C0.81/S0.78,top=C0.53/S0.48,shape=Spades@1.08;branch=topClub-strongSpadeShapeOverride->Spades; ink-ratio:red=0.0000,black=0.1605,inkRed=false; black-tiebreak2:full=C0.81/S0.78,top=C0.53/S0.48,shape=Spades@1.08;branch=topClub-strongSpadeShapeOverride->Spades]
  slot tableau:0 KH conf=0.89 rank=rank-png-strong@0.89 {K:0.89 6:0.82 8:0.80 5:0.79} suit=suit-png@0.99 {H:0.95 D:0.81} post=[ink-ratio:red=0.2685,black=0.0000,inkRed=true,inkRegion=header; cascade:firstFaceTop=837.7,bottomTop=937.5,faceUpStep=48.90,geomCount=3,finalCount=3,bottomRank=Jack,leadingRank=King,rankCount=3,diff=0,applied=false,boundary=[not-face-down@faceDownCount=0:teal=0.000,white=0.519,red=0.352,black=0.000],exposedIndex=0,distanceFromBottom=2]
  slot tableau:0:1 QC conf=0.86 rank=rank-png-strong@0.86 {Q:0.86 9:0.75 8:0.72 10:0.71} suit=suit-opencv@0.52 {S:0.91 C:0.89} post=[ocr=miss:empty; ink-ratio:red=0.0000,black=0.3426,inkRed=false,inkRegion=header; post-black-suit:Spades->Clubs; black-tiebreak2:full=C0.66/S0.66,top=C0.74/S0.69,shape=none;branch=topLeaderDirect->Clubs; cascade:firstFaceTop=837.7,bottomTop=937.5,faceUpStep=48.90,geomCount=3,finalCount=3,bottomRank=Jack,leadingRank=King,rankCount=3,diff=0,applied=false,boundary=[not-face-down@faceDownCount=0:teal=0.000,white=0.519,red=0.352,black=0.000],exposedIndex=1,distanceFromBottom=1; deck-constraint:QC~->QC]
  slot tableau:0:2 JH conf=0.83 rank=rank-png-strong@0.83 {J:0.83 4:0.71 7:0.70 3:0.68} suit=suit-png@0.98 {H:0.94 D:0.80} post=[ink-ratio:red=0.1689,black=0.0400,inkRed=true; cascade:firstFaceTop=837.7,bottomTop=937.5,faceUpStep=48.90,geomCount=3,finalCount=3,bottomRank=Jack,leadingRank=King,rankCount=3,diff=0,applied=false,boundary=[not-face-down@faceDownCount=0:teal=0.000,white=0.519,red=0.352,black=0.000]]
  slot tableau:2 KC conf=0.93 rank=rank-png-strong@0.93 {K:0.93 2:0.78 8:0.78 10:0.78} suit=suit-png@0.82 {S:0.90 C:0.88} post=[black-tiebreak:full=C0.88/S0.90,top=C0.82/S0.86,shape=Clubs@0.36;branch=topSpade-clubShapeVetoWins->Clubs; ink-ratio:red=0.0000,black=0.2361,inkRed=false; cascade:firstFaceTop=837.7,bottomTop=840.0,faceUpStep=48.90,geomCount=1,finalCount=1,bottomRank=King,leadingRank=King,rankCount=1,diff=0,applied=false,boundary=[ran-out-of-room]]
  slot tableau:3 KD conf=0.87 rank=rank-png-strong@0.87 {K:0.87 6:0.81 8:0.81 5:0.78} suit=suit-png@0.98 {D:0.94 H:0.84} post=[ink-ratio:red=0.2685,black=0.0000,inkRed=true,inkRegion=header; cascade:firstFaceTop=837.7,bottomTop=1081.0,faceUpStep=48.90,geomCount=6,finalCount=6,bottomRank=Eight,leadingRank=King,rankCount=6,diff=0,applied=false,boundary=[not-face-down@faceDownCount=0:teal=0.000,white=0.667,red=0.333,black=0.000],exposedIndex=0,distanceFromBottom=5]
  slot tableau:3:1 QS conf=0.91 rank=rank-png-strong@0.91 {Q:0.91 9:0.80 8:0.75 6:0.74} suit=suit-png@0.93 {S:0.93 C:0.87} post=[black-tiebreak:full=C0.87/S0.93,top=C0.81/S0.91,branch=wideMarginDirect->Spades; ink-ratio:red=0.0000,black=0.2778,inkRed=false,inkRegion=header; cascade:firstFaceTop=837.7,bottomTop=1081.0,faceUpStep=48.90,geomCount=6,finalCount=6,bottomRank=Eight,leadingRank=King,rankCount=6,diff=0,applied=false,boundary=[not-face-down@faceDownCount=0:teal=0.000,white=0.667,red=0.333,black=0.000],exposedIndex=1,distanceFromBottom=4]
  slot tableau:3:2 JD conf=0.88 rank=rank-png-strong@0.88 {J:0.88 4:0.82 7:0.73 A:0.72} suit=suit-png@0.97 {D:0.93 H:0.85} post=[ocr=miss:empty; ink-ratio:red=0.1759,black=0.0000,inkRed=true,inkRegion=header; cascade:firstFaceTop=837.7,bottomTop=1081.0,faceUpStep=48.90,geomCount=6,finalCount=6,bottomRank=Eight,leadingRank=King,rankCount=6,diff=0,applied=false,boundary=[not-face-down@faceDownCount=0:teal=0.000,white=0.667,red=0.333,black=0.000],exposedIndex=2,distanceFromBottom=3]
  slot tableau:3:3 10S~ conf=0.87 rank=rank-png-strong@0.87 {10:0.87 Q:0.74 8:0.71 9:0.70} suit=suit-png@0.89 {S:0.94 C:0.89} post=[black-tiebreak:full=C0.89/S0.94,top=C0.79/S0.89,shape=none;branch=topLeaderDirect->Spades; ink-ratio:red=0.0000,black=0.2870,inkRed=false,inkRegion=header; cascade:firstFaceTop=837.7,bottomTop=1081.0,faceUpStep=48.90,geomCount=6,finalCount=6,bottomRank=Eight,leadingRank=King,rankCount=6,diff=0,applied=false,boundary=[not-face-down@faceDownCount=0:teal=0.000,white=0.667,red=0.333,black=0.000],exposedIndex=3,distanceFromBottom=2; deck-constraint:10S->10S~]
  slot tableau:3:4 9D~ conf=0.81 rank=rank-png-strong@0.81 {9:0.81 8:0.80 2:0.78 K:0.78} suit=suit-png@0.96 {D:0.92 H:0.87} post=[ink-ratio:red=0.2222,black=0.0000,inkRed=true,inkRegion=header; cascade:firstFaceTop=837.7,bottomTop=1081.0,faceUpStep=48.90,geomCount=6,finalCount=6,bottomRank=Eight,leadingRank=King,rankCount=6,diff=0,applied=false,boundary=[not-face-down@faceDownCount=0:teal=0.000,white=0.667,red=0.333,black=0.000],exposedIndex=4,distanceFromBottom=1; deck-constraint:9D->9D~]
  slot tableau:3:5 8S conf=0.90 rank=rank-png-strong@0.90 {8:0.90 6:0.81 3:0.78 9:0.77} suit=suit-png@0.95 {S:0.95 C:0.88} post=[black-tiebreak:full=C0.88/S0.95,top=C0.79/S0.95,branch=wideMarginDirect->Spades; ink-ratio:red=0.0000,black=0.2200,inkRed=false; cascade:firstFaceTop=837.7,bottomTop=1081.0,faceUpStep=48.90,geomCount=6,finalCount=6,bottomRank=Eight,leadingRank=King,rankCount=6,diff=0,applied=false,boundary=[not-face-down@faceDownCount=0:teal=0.000,white=0.667,red=0.333,black=0.000]]
  slot tableau:4:1 5H conf=0.93 rank=rank-png-strong@0.93 {5:0.93 6:0.82 9:0.79 8:0.79} suit=suit-png@1.01 {H:0.97 D:0.82} post=[ink-ratio:red=0.2222,black=0.0000,inkRed=true,inkRegion=header; cascade:firstFaceTop=882.1,bottomTop=983.4,faceUpStep=48.90,geomCount=3,finalCount=3,bottomRank=Three,leadingRank=Five,rankCount=3,diff=0,applied=false,boundary=[not-face-down@faceDownCount=1:teal=0.000,white=0.685,red=0.259,black=0.000],exposedIndex=0,distanceFromBottom=2]
  slot tableau:4:2 4S conf=0.94 rank=rank-png-strong@0.94 {4:0.94 A:0.87 9:0.74 J:0.74} suit=suit-png@0.97 {S:0.97 C:0.90} post=[black-tiebreak:full=C0.90/S0.97,top=C0.80/S0.98,branch=wideMarginDirect->Spades; ink-ratio:red=0.0000,black=0.1944,inkRed=false,inkRegion=header; cascade:firstFaceTop=882.1,bottomTop=983.4,faceUpStep=48.90,geomCount=3,finalCount=3,bottomRank=Three,leadingRank=Five,rankCount=3,diff=0,applied=false,boundary=[not-face-down@faceDownCount=1:teal=0.000,white=0.685,red=0.259,black=0.000],exposedIndex=1,distanceFromBottom=1]
  slot tableau:4:3 3H~ conf=0.83 rank=rank-png-strong@0.83 {3:0.83 J:0.77 8:0.76 2:0.73} suit=suit-png@0.99 {H:0.95 D:0.81} post=[ink-ratio:red=0.1911,black=0.0000,inkRed=true; cascade:firstFaceTop=882.1,bottomTop=983.4,faceUpStep=48.90,geomCount=3,finalCount=3,bottomRank=Three,leadingRank=Five,rankCount=3,diff=0,applied=false,boundary=[not-face-down@faceDownCount=1:teal=0.000,white=0.685,red=0.259,black=0.000]; deck-constraint:3H->3H~]
  slot tableau:5:4 9C~ conf=0.87 rank=rank-png-strong@0.87 {9:0.87 A:0.86 8:0.83 Q:0.82} suit=suit-png@0.93 {C:0.93 S:0.88} post=[black-tiebreak:full=C0.93/S0.88,top=C0.93/S0.82,shape=Spades@1.12;branch=topLeaderDirect->Clubs; ink-ratio:red=0.0000,black=0.1852,inkRed=false,inkRegion=header; cascade:firstFaceTop=1015.1,bottomTop=1276.0,faceUpStep=48.90,geomCount=6,finalCount=6,bottomRank=Four,leadingRank=Nine,rankCount=6,diff=0,applied=false,boundary=[not-face-down@faceDownCount=4:teal=0.315,white=0.593,red=0.000,black=0.056],exposedIndex=0,distanceFromBottom=5; deck-constraint:9C->9C~]
  slot tableau:5:5 8D~ conf=0.87 rank=rank-png-strong@0.87 {8:0.87 A:0.86 9:0.83 4:0.82} suit=suit-png@0.87 {D:0.87 H:0.76} post=[ink-ratio:red=0.1759,black=0.0370,inkRed=true,inkRegion=header; cascade:firstFaceTop=1015.1,bottomTop=1276.0,faceUpStep=48.90,geomCount=6,finalCount=6,bottomRank=Four,leadingRank=Nine,rankCount=6,diff=0,applied=false,boundary=[not-face-down@faceDownCount=4:teal=0.315,white=0.593,red=0.000,black=0.056],exposedIndex=1,distanceFromBottom=4; deck-constraint:8D->8D~]
  slot tableau:5:7 6D~ conf=0.87 rank=rank-png-strong@0.87 {6:0.87 A:0.83 4:0.81 8:0.81} suit=suit-png@0.87 {D:0.87 H:0.76} post=[ink-ratio:red=0.1852,black=0.0185,inkRed=true,inkRegion=header; cascade:firstFaceTop=1015.1,bottomTop=1276.0,faceUpStep=48.90,geomCount=6,finalCount=6,bottomRank=Four,leadingRank=Nine,rankCount=6,diff=0,applied=false,boundary=[not-face-down@faceDownCount=4:teal=0.315,white=0.593,red=0.000,black=0.056],exposedIndex=3,distanceFromBottom=2; deck-constraint:6D->6D~]
  slot tableau:5:8 5C~ conf=0.84 rank=rank-png-strong@0.84 {5:0.84 6:0.83 8:0.80 9:0.80} suit=suit-png@0.79 {C:0.79 D:0.79 H:0.72 S:0.67} post=[ink-ratio:red=0.0278,black=0.1759,inkRed=null,inkRegion=header; cascade:firstFaceTop=1015.1,bottomTop=1276.0,faceUpStep=48.90,geomCount=6,finalCount=6,bottomRank=Four,leadingRank=Nine,rankCount=6,diff=0,applied=false,boundary=[not-face-down@faceDownCount=4:teal=0.315,white=0.593,red=0.000,black=0.056],exposedIndex=4,distanceFromBottom=1; deck-constraint:5C->5C~]
  slot tableau:5:9 4H conf=0.89 rank=rank-png-strong@0.89 {4:0.89 A:0.74 J:0.71 8:0.66} suit=suit-png@0.99 {H:0.95 D:0.79} post=[ink-ratio:red=0.1875,black=0.0000,inkRed=true; cascade:firstFaceTop=1015.1,bottomTop=1276.0,faceUpStep=48.90,geomCount=6,finalCount=6,bottomRank=Four,leadingRank=Nine,rankCount=6,diff=0,applied=false,boundary=[not-face-down@faceDownCount=4:teal=0.315,white=0.593,red=0.000,black=0.056]]
  slot tableau:6:3 8C conf=0.93 rank=rank-png-strong@0.93 {8:0.93 9:0.84 6:0.83 A:0.83} suit=suit-png@0.91 {C:0.90 S:0.85} post=[black-tiebreak:full=C0.90/S0.85,top=C0.91/S0.83,shape=Spades@0.60;branch=topLeaderDirect->Clubs; ink-ratio:red=0.0000,black=0.2407,inkRed=false,inkRegion=header; cascade:firstFaceTop=970.7,bottomTop=1178.5,faceUpStep=48.90,geomCount=5,finalCount=5,bottomRank=Four,leadingRank=Eight,rankCount=5,diff=0,applied=false,boundary=[not-face-down@faceDownCount=3:teal=0.000,white=0.519,red=0.000,black=0.130],exposedIndex=0,distanceFromBottom=4]
  slot tableau:6:4 7D~ conf=0.95 rank=rank-png-strong@0.95 {7:0.95 2:0.86 3:0.77 J:0.76} suit=suit-png@0.98 {D:0.94 H:0.83} post=[ocr=miss:empty; ink-ratio:red=0.1759,black=0.0556,inkRed=true,inkRegion=header; cascade:firstFaceTop=970.7,bottomTop=1178.5,faceUpStep=48.90,geomCount=5,finalCount=5,bottomRank=Four,leadingRank=Eight,rankCount=5,diff=0,applied=false,boundary=[not-face-down@faceDownCount=3:teal=0.000,white=0.519,red=0.000,black=0.130],exposedIndex=1,distanceFromBottom=3; deck-constraint:7D->7D~]
  slot tableau:6:5 6C~ conf=0.92 rank=rank-png-strong@0.92 {6:0.92 A:0.83 8:0.83 5:0.83} suit=suit-png@0.92 {C:0.90 S:0.86} post=[black-tiebreak:full=C0.90/S0.86,top=C0.92/S0.84,shape=Spades@0.60;branch=topLeaderDirect->Clubs; ink-ratio:red=0.0000,black=0.2500,inkRed=false,inkRegion=header; cascade:firstFaceTop=970.7,bottomTop=1178.5,faceUpStep=48.90,geomCount=5,finalCount=5,bottomRank=Four,leadingRank=Eight,rankCount=5,diff=0,applied=false,boundary=[not-face-down@faceDownCount=3:teal=0.000,white=0.519,red=0.000,black=0.130],exposedIndex=2,distanceFromBottom=2; deck-constraint:6C->6C~]
  slot tableau:6:6 5D conf=0.94 rank=rank-png-strong@0.94 {5:0.94 6:0.83 K:0.81 9:0.80} suit=suit-png@0.96 {D:0.92 H:0.84} post=[ink-ratio:red=0.1574,black=0.0556,inkRed=true,inkRegion=header; cascade:firstFaceTop=970.7,bottomTop=1178.5,faceUpStep=48.90,geomCount=5,finalCount=5,bottomRank=Four,leadingRank=Eight,rankCount=5,diff=0,applied=false,boundary=[not-face-down@faceDownCount=3:teal=0.000,white=0.519,red=0.000,black=0.130],exposedIndex=3,distanceFromBottom=1]
  slot tableau:6:7 4C conf=0.91 rank=rank-png-strong@0.91 {4:0.91 A:0.73 J:0.72 8:0.66} suit=suit-png@0.86 {C:0.90 S:0.89} post=[black-tiebreak:full=C0.90/S0.89,top=C0.86/S0.82,shape=Clubs@0.36;branch=lowTopMargin-shapeLeader->Clubs; ink-ratio:red=0.0000,black=0.2222,inkRed=false; cascade:firstFaceTop=970.7,bottomTop=1178.5,faceUpStep=48.90,geomCount=5,finalCount=5,bottomRank=Four,leadingRank=Eight,rankCount=5,diff=0,applied=false,boundary=[not-face-down@faceDownCount=3:teal=0.000,white=0.519,red=0.000,black=0.130]]
  slot waste 2H conf=0.76 rank=rank-ocr@0.62 {Q:0.50 K:0.46 A:0.45 10:0.43} suit=suit-png@0.96 {H:0.96 D:0.87} post=[waste-fusion:legacy=Two_Hearts,tight=Two_Hearts; whole@756,503,895,713:ocr=miss:empty;corner@756,503,817,566:ocr=miss:empty;whole@749,503,907,713:ocr=miss:empty;corner@749,503,819,566:ocr=miss:empty;whole@707,503,845,713:ocr='5'@0.62; ink-ratio:red=0.1574,black=0.0000,inkRed=true; ocr='2'@0.62; ink-ratio:red=0.1934,black=0.0000,inkRed=true]
18:02:47.370 OUTCOME=ARROW status=Best: Tableau 5 -> Foundation 3 score=83.0 (safe-foundation) 198ms conf=0.81 known=28
  frame=1080x2340 elapsed=198ms conf=0.81 knownFaceUp=28
  timing: queueDelay=0ms detect=198ms select=2ms total=200ms
  move=Tableau 5 -> Foundation 3 score=83.0 rationale=safe-foundation
  runner-up:
    1. Recycle waste to stock score=8.0 (recycle,lookahead+10.0)
    2. Foundation 2 -> Tableau 7 score=-47.0 (pull-from-foundation,lookahead+10.0)
    3. Foundation 3 -> Tableau 6 score=-57.0 (pull-from-foundation)
  from=(690,1034) to=(388,608)
  signature=Two_Hearts|Four_Diamonds;Two_Clubs;Three_Spades;-|King_Hearts,Queen_Clubs,Jack_Hearts;;King_Clubs;King_Diamonds,Queen_Spades,Jack_Diamonds,Ten_Spades,Nine_Diamonds,Eight_Spades;D,Five_Hearts,Four_Spades;D,D,D,D,Nine_Clubs,Eight_Diamonds,Seven_Clubs,Six_Diamonds,Five_Clubs,Four_Hearts;D,D,D,Eight_Clubs,Seven_Diamonds,Six_Clubs,Five_Diamonds,Four_Clubs,Three_Hearts
  diag: boardConfidence=0.85
  diag: profile=solitaire_smash_s25
  diag: stock=empty-color
  diag: foundation0=match-Four-Diamonds@0.90:FD
  diag: foundation1=match-Two-Clubs@0.83:TC
  diag: foundation2=match-Three-Spades@0.79:TS
  diag: foundation3=empty-color:null
  diag: tableau0.faceScan=rowHeight=5.74,lastWhiteBottom=1130.3,whiteRows=50,minimumRows=7,breakY=1164.7
  diag: tableau0.region=937.5-1130.3
  diag: tableau0=King_Diamonds,Queen_Clubs,Jack_Diamonds
  diag: tableau1.faceScan=rowHeight=5.74,lastWhiteBottom=1027.0,whiteRows=1,minimumRows=7,breakY=1061.5
  diag: tableau1=
  diag: tableau2.faceScan=rowHeight=5.74,lastWhiteBottom=1032.8,whiteRows=34,minimumRows=7,breakY=1067.2
  diag: tableau2.region=840.0-1032.8
  diag: tableau2=King_Clubs
  diag: tableau3.faceScan=rowHeight=5.74,lastWhiteBottom=1273.7,whiteRows=73,minimumRows=7,breakY=1308.1
  diag: tableau3.region=1081.0-1273.7
  diag: tableau3=King_Diamonds,Queen_Clubs,Jack_Diamonds,Ten_Clubs,Nine_Diamonds,Eight_Clubs
  diag: tableau4.faceScan=rowHeight=5.74,lastWhiteBottom=1130.3,whiteRows=44,minimumRows=7,breakY=1164.7
  diag: tableau4.region=937.5-1130.3
  diag: tableau4=D,Five_Diamonds,Four_Clubs
  diag: tableau5.faceScan=rowHeight=5.74,lastWhiteBottom=1468.8,whiteRows=78,minimumRows=7,breakY=1503.2
  diag: tableau5.region=1276.0-1468.8
  diag: tableau5=D,D,D,D,Nine_Clubs,Eight_Diamonds,Seven_Clubs,Six_Diamonds,Five_Clubs,Four_Diamonds
  diag: tableau6.faceScan=rowHeight=5.74,lastWhiteBottom=1422.9,whiteRows=79,minimumRows=7,breakY=1457.3
  diag: tableau6.region=1230.1-1422.9
  diag: tableau6=D,D,D,Eight_Clubs,Seven_Diamonds,Six_Clubs,Five_Diamonds,Four_Clubs,Three_Diamonds
  diag: wasteOcr:relevant=true,ms=85,overlapped=false
  diag: waste=fused-Two-Hearts:TH
  diag: waste-regions=exact:757-895:match-Two-Hearts@0.62,legacy:750-907:match-Two-Hearts@0.76
  diag: waste-rank-scores={Ace=0.45088017, Two=0.39446366, Three=0.38706017, Four=0.40894148, Five=0.4257703, Six=0.37886873, Seven=0.33313218, Eight=0.37717122, Nine=0.3993644, Ten=0.43274853, Jack=0.40771705, Queen=0.49776286, King=0.46153846}
  diag: waste-suit-scores={Hearts=0.9632986, Diamonds=0.87304157}
  diag: whole@756,503,895,713:ocr=miss:empty;corner@756,503,817,566:ocr=miss:empty;whole@749,503,907,713:ocr=miss:empty;corner@749,503,819,566:ocr=miss:empty;whole@707,503,845,713:ocr='5'@0.62
  diag: livePlayScreen=true
  diag: gameFooter=true
  diag: lobbyScreen=false
  diag: knownFaceUp=28
  diag: timing:total=194ms,tableau=336ms[c0=59,c1=2,c2=4,c3=12,c4=89,c5=17,c6=152],scrub=0ms,deckConstraint=2ms,recognize:hits=25,misses=6,missTime=221ms,missReason:newKey=1,fingerprint=5,bounds=0
  recognition:
  slot foundation:0 4D conf=0.90 rank=rank-png-strong@0.90 {4:0.90 A:0.72 J:0.68 8:0.63} suit=suit-png@0.96 {D:0.92 H:0.82} post=[ink-ratio:red=0.1584,black=0.0000,inkRed=true]
  slot foundation:1 2C conf=0.83 rank=rank-png-strong@0.83 {2:0.83 7:0.77 J:0.72 3:0.72} suit=suit-png@0.81 {C:0.81 S:0.74} post=[black-tiebreak:full=C0.81/S0.74,top=C0.58/S0.52,branch=wideMarginDirect->Clubs; ink-ratio:red=0.0000,black=0.1811,inkRed=false]
  slot foundation:2 3S conf=0.79 rank=rank-png-strong@0.79 {3:0.79 J:0.76 8:0.72 4:0.71} suit=suit-png@0.48 {C:0.81 S:0.78} post=[black-tiebreak:full=C0.81/S0.78,top=C0.53/S0.48,shape=Spades@1.08;branch=topClub-strongSpadeShapeOverride->Spades; ink-ratio:red=0.0000,black=0.1605,inkRed=false; black-tiebreak2:full=C0.81/S0.78,top=C0.53/S0.48,shape=Spades@1.08;branch=topClub-strongSpadeShapeOverride->Spades]
  slot tableau:0 KH conf=0.89 rank=rank-png-strong@0.89 {K:0.89 6:0.82 8:0.80 5:0.79} suit=suit-png@0.99 {H:0.95 D:0.81} post=[ink-ratio:red=0.2685,black=0.0000,inkRed=true,inkRegion=header; cascade:firstFaceTop=837.7,bottomTop=937.5,faceUpStep=48.90,geomCount=3,finalCount=3,bottomRank=Jack,leadingRank=King,rankCount=3,diff=0,applied=false,boundary=[not-face-down@faceDownCount=0:teal=0.000,white=0.519,red=0.352,black=0.000],exposedIndex=0,distanceFromBottom=2]
  slot tableau:0:1 QC conf=0.86 rank=rank-png-strong@0.86 {Q:0.86 9:0.75 8:0.72 10:0.71} suit=suit-opencv@0.52 {S:0.91 C:0.89} post=[ocr=miss:empty; ink-ratio:red=0.0000,black=0.3426,inkRed=false,inkRegion=header; post-black-suit:Spades->Clubs; black-tiebreak2:full=C0.66/S0.66,top=C0.74/S0.69,shape=none;branch=topLeaderDirect->Clubs; cascade:firstFaceTop=837.7,bottomTop=937.5,faceUpStep=48.90,geomCount=3,finalCount=3,bottomRank=Jack,leadingRank=King,rankCount=3,diff=0,applied=false,boundary=[not-face-down@faceDownCount=0:teal=0.000,white=0.519,red=0.352,black=0.000],exposedIndex=1,distanceFromBottom=1; deck-constraint:QC~->QC]
  slot tableau:0:2 JH conf=0.83 rank=rank-png-strong@0.83 {J:0.83 4:0.71 7:0.70 3:0.68} suit=suit-png@0.98 {H:0.94 D:0.80} post=[ink-ratio:red=0.1689,black=0.0400,inkRed=true; cascade:firstFaceTop=837.7,bottomTop=937.5,faceUpStep=48.90,geomCount=3,finalCount=3,bottomRank=Jack,leadingRank=King,rankCount=3,diff=0,applied=false,boundary=[not-face-down@faceDownCount=0:teal=0.000,white=0.519,red=0.352,black=0.000]]
  slot tableau:2 KC conf=0.93 rank=rank-png-strong@0.93 {K:0.93 2:0.78 8:0.78 10:0.78} suit=suit-png@0.82 {S:0.90 C:0.88} post=[black-tiebreak:full=C0.88/S0.90,top=C0.82/S0.86,shape=Clubs@0.36;branch=topSpade-clubShapeVetoWins->Clubs; ink-ratio:red=0.0000,black=0.2361,inkRed=false; cascade:firstFaceTop=837.7,bottomTop=840.0,faceUpStep=48.90,geomCount=1,finalCount=1,bottomRank=King,leadingRank=King,rankCount=1,diff=0,applied=false,boundary=[ran-out-of-room]]
  slot tableau:3 KD conf=0.87 rank=rank-png-strong@0.87 {K:0.87 6:0.81 8:0.81 5:0.78} suit=suit-png@0.98 {D:0.94 H:0.84} post=[ink-ratio:red=0.2685,black=0.0000,inkRed=true,inkRegion=header; cascade:firstFaceTop=837.7,bottomTop=1081.0,faceUpStep=48.90,geomCount=6,finalCount=6,bottomRank=Eight,leadingRank=King,rankCount=6,diff=0,applied=false,boundary=[not-face-down@faceDownCount=0:teal=0.000,white=0.667,red=0.333,black=0.000],exposedIndex=0,distanceFromBottom=5]
  slot tableau:3:1 QS conf=0.91 rank=rank-png-strong@0.91 {Q:0.91 9:0.80 8:0.75 6:0.74} suit=suit-png@0.93 {S:0.93 C:0.87} post=[black-tiebreak:full=C0.87/S0.93,top=C0.81/S0.91,branch=wideMarginDirect->Spades; ink-ratio:red=0.0000,black=0.2778,inkRed=false,inkRegion=header; cascade:firstFaceTop=837.7,bottomTop=1081.0,faceUpStep=48.90,geomCount=6,finalCount=6,bottomRank=Eight,leadingRank=King,rankCount=6,diff=0,applied=false,boundary=[not-face-down@faceDownCount=0:teal=0.000,white=0.667,red=0.333,black=0.000],exposedIndex=1,distanceFromBottom=4]
  slot tableau:3:2 JD conf=0.88 rank=rank-png-strong@0.88 {J:0.88 4:0.82 7:0.73 A:0.72} suit=suit-png@0.97 {D:0.93 H:0.85} post=[ocr=miss:empty; ink-ratio:red=0.1759,black=0.0000,inkRed=true,inkRegion=header; cascade:firstFaceTop=837.7,bottomTop=1081.0,faceUpStep=48.90,geomCount=6,finalCount=6,bottomRank=Eight,leadingRank=King,rankCount=6,diff=0,applied=false,boundary=[not-face-down@faceDownCount=0:teal=0.000,white=0.667,red=0.333,black=0.000],exposedIndex=2,distanceFromBottom=3]
  slot tableau:3:3 10S~ conf=0.87 rank=rank-png-strong@0.87 {10:0.87 Q:0.74 8:0.71 9:0.70} suit=suit-png@0.89 {S:0.94 C:0.89} post=[black-tiebreak:full=C0.89/S0.94,top=C0.79/S0.89,shape=none;branch=topLeaderDirect->Spades; ink-ratio:red=0.0000,black=0.2870,inkRed=false,inkRegion=header; cascade:firstFaceTop=837.7,bottomTop=1081.0,faceUpStep=48.90,geomCount=6,finalCount=6,bottomRank=Eight,leadingRank=King,rankCount=6,diff=0,applied=false,boundary=[not-face-down@faceDownCount=0:teal=0.000,white=0.667,red=0.333,black=0.000],exposedIndex=3,distanceFromBottom=2; deck-constraint:10S->10S~]
  slot tableau:3:4 9D~ conf=0.81 rank=rank-png-strong@0.81 {9:0.81 8:0.80 2:0.78 K:0.78} suit=suit-png@0.96 {D:0.92 H:0.87} post=[ink-ratio:red=0.2222,black=0.0000,inkRed=true,inkRegion=header; cascade:firstFaceTop=837.7,bottomTop=1081.0,faceUpStep=48.90,geomCount=6,finalCount=6,bottomRank=Eight,leadingRank=King,rankCount=6,diff=0,applied=false,boundary=[not-face-down@faceDownCount=0:teal=0.000,white=0.667,red=0.333,black=0.000],exposedIndex=4,distanceFromBottom=1; deck-constraint:9D->9D~]
  slot tableau:3:5 8S conf=0.90 rank=rank-png-strong@0.90 {8:0.90 6:0.81 3:0.78 9:0.77} suit=suit-png@0.95 {S:0.95 C:0.88} post=[black-tiebreak:full=C0.88/S0.95,top=C0.79/S0.95,branch=wideMarginDirect->Spades; ink-ratio:red=0.0000,black=0.2200,inkRed=false; cascade:firstFaceTop=837.7,bottomTop=1081.0,faceUpStep=48.90,geomCount=6,finalCount=6,bottomRank=Eight,leadingRank=King,rankCount=6,diff=0,applied=false,boundary=[not-face-down@faceDownCount=0:teal=0.000,white=0.667,red=0.333,black=0.000]]
  slot tableau:4:1 5H conf=0.93 rank=rank-png-strong@0.93 {5:0.93 6:0.82 9:0.79 8:0.79} suit=suit-png@1.01 {H:0.97 D:0.82} post=[ink-ratio:red=0.2222,black=0.0000,inkRed=true,inkRegion=header; cascade:firstFaceTop=882.1,bottomTop=937.5,faceUpStep=48.90,geomCount=2,finalCount=2,bottomRank=Four,leadingRank=Five,rankCount=2,diff=0,applied=false,boundary=[not-face-down@faceDownCount=1:teal=0.000,white=0.685,red=0.259,black=0.000],exposedIndex=0,distanceFromBottom=1]
  slot tableau:4:2 4S conf=0.89 rank=rank-png-strong@0.89 {4:0.89 A:0.73 J:0.71 8:0.65} suit=suit-png@0.84 {S:0.92 C:0.87} post=[black-tiebreak:full=C0.87/S0.92,top=C0.76/S0.84,shape=Clubs@0.36;branch=topSpade-widePeakOnlyNoVeto->Spades; ink-ratio:red=0.0000,black=0.1733,inkRed=false; cascade:firstFaceTop=882.1,bottomTop=937.5,faceUpStep=48.90,geomCount=2,finalCount=2,bottomRank=Four,leadingRank=Five,rankCount=2,diff=0,applied=false,boundary=[not-face-down@faceDownCount=1:teal=0.000,white=0.685,red=0.259,black=0.000]]
  slot tableau:5:4 9C~ conf=0.87 rank=rank-png-strong@0.87 {9:0.87 A:0.86 8:0.83 Q:0.82} suit=suit-png@0.93 {C:0.93 S:0.88} post=[black-tiebreak:full=C0.93/S0.88,top=C0.93/S0.82,shape=Spades@1.12;branch=topLeaderDirect->Clubs; ink-ratio:red=0.0000,black=0.1852,inkRed=false,inkRegion=header; cascade:firstFaceTop=1015.1,bottomTop=1276.0,faceUpStep=48.90,geomCount=6,finalCount=6,bottomRank=Four,leadingRank=Nine,rankCount=6,diff=0,applied=false,boundary=[not-face-down@faceDownCount=4:teal=0.315,white=0.593,red=0.000,black=0.056],exposedIndex=0,distanceFromBottom=5; deck-constraint:9C->9C~]
  slot tableau:5:5 8D~ conf=0.87 rank=rank-png-strong@0.87 {8:0.87 A:0.86 9:0.83 4:0.82} suit=suit-png@0.87 {D:0.87 H:0.76} post=[ink-ratio:red=0.1759,black=0.0370,inkRed=true,inkRegion=header; cascade:firstFaceTop=1015.1,bottomTop=1276.0,faceUpStep=48.90,geomCount=6,finalCount=6,bottomRank=Four,leadingRank=Nine,rankCount=6,diff=0,applied=false,boundary=[not-face-down@faceDownCount=4:teal=0.315,white=0.593,red=0.000,black=0.056],exposedIndex=1,distanceFromBottom=4; deck-constraint:8D->8D~]
  slot tableau:5:7 6D~ conf=0.87 rank=rank-png-strong@0.87 {6:0.87 A:0.83 4:0.81 8:0.81} suit=suit-png@0.87 {D:0.87 H:0.76} post=[ink-ratio:red=0.1852,black=0.0185,inkRed=true,inkRegion=header; cascade:firstFaceTop=1015.1,bottomTop=1276.0,faceUpStep=48.90,geomCount=6,finalCount=6,bottomRank=Four,leadingRank=Nine,rankCount=6,diff=0,applied=false,boundary=[not-face-down@faceDownCount=4:teal=0.315,white=0.593,red=0.000,black=0.056],exposedIndex=3,distanceFromBottom=2; deck-constraint:6D->6D~]
  slot tableau:5:8 5C~ conf=0.84 rank=rank-png-strong@0.84 {5:0.84 6:0.83 8:0.80 9:0.80} suit=suit-png@0.79 {C:0.79 D:0.79 H:0.72 S:0.67} post=[ink-ratio:red=0.0278,black=0.1759,inkRed=null,inkRegion=header; cascade:firstFaceTop=1015.1,bottomTop=1276.0,faceUpStep=48.90,geomCount=6,finalCount=6,bottomRank=Four,leadingRank=Nine,rankCount=6,diff=0,applied=false,boundary=[not-face-down@faceDownCount=4:teal=0.315,white=0.593,red=0.000,black=0.056],exposedIndex=4,distanceFromBottom=1; deck-constraint:5C->5C~]
  slot tableau:5:9 4H conf=0.89 rank=rank-png-strong@0.89 {4:0.89 A:0.74 J:0.71 8:0.66} suit=suit-png@0.99 {H:0.95 D:0.79} post=[ink-ratio:red=0.1875,black=0.0000,inkRed=true; cascade:firstFaceTop=1015.1,bottomTop=1276.0,faceUpStep=48.90,geomCount=6,finalCount=6,bottomRank=Four,leadingRank=Nine,rankCount=6,diff=0,applied=false,boundary=[not-face-down@faceDownCount=4:teal=0.315,white=0.593,red=0.000,black=0.056]]
  slot tableau:6:3 8C conf=0.93 rank=rank-png-strong@0.93 {8:0.93 9:0.84 6:0.83 A:0.83} suit=suit-png@0.91 {C:0.90 S:0.85} post=[black-tiebreak:full=C0.90/S0.85,top=C0.91/S0.83,shape=Spades@0.60;branch=topLeaderDirect->Clubs; ink-ratio:red=0.0000,black=0.2407,inkRed=false,inkRegion=header; cascade:firstFaceTop=970.7,bottomTop=1230.1,faceUpStep=48.90,geomCount=6,finalCount=6,bottomRank=Three,leadingRank=Eight,rankCount=6,diff=0,applied=false,boundary=[not-face-down@faceDownCount=3:teal=0.000,white=0.519,red=0.000,black=0.130],exposedIndex=0,distanceFromBottom=5]
  slot tableau:6:4 7D~ conf=0.95 rank=rank-png-strong@0.95 {7:0.95 2:0.86 3:0.77 J:0.76} suit=suit-png@0.98 {D:0.94 H:0.83} post=[ocr=miss:empty; ink-ratio:red=0.1759,black=0.0556,inkRed=true,inkRegion=header; cascade:firstFaceTop=970.7,bottomTop=1230.1,faceUpStep=48.90,geomCount=6,finalCount=6,bottomRank=Three,leadingRank=Eight,rankCount=6,diff=0,applied=false,boundary=[not-face-down@faceDownCount=3:teal=0.000,white=0.519,red=0.000,black=0.130],exposedIndex=1,distanceFromBottom=4; deck-constraint:7D->7D~]
  slot tableau:6:5 6C~ conf=0.92 rank=rank-png-strong@0.92 {6:0.92 A:0.83 8:0.83 5:0.83} suit=suit-png@0.92 {C:0.90 S:0.86} post=[black-tiebreak:full=C0.90/S0.86,top=C0.92/S0.84,shape=Spades@0.60;branch=topLeaderDirect->Clubs; ink-ratio:red=0.0000,black=0.2500,inkRed=false,inkRegion=header; cascade:firstFaceTop=970.7,bottomTop=1230.1,faceUpStep=48.90,geomCount=6,finalCount=6,bottomRank=Three,leadingRank=Eight,rankCount=6,diff=0,applied=false,boundary=[not-face-down@faceDownCount=3:teal=0.000,white=0.519,red=0.000,black=0.130],exposedIndex=2,distanceFromBottom=3; deck-constraint:6C->6C~]
  slot tableau:6:6 5D conf=0.94 rank=rank-png-strong@0.94 {5:0.94 6:0.83 K:0.81 9:0.80} suit=suit-png@0.96 {D:0.92 H:0.84} post=[ink-ratio:red=0.1574,black=0.0556,inkRed=true,inkRegion=header; cascade:firstFaceTop=970.7,bottomTop=1230.1,faceUpStep=48.90,geomCount=6,finalCount=6,bottomRank=Three,leadingRank=Eight,rankCount=6,diff=0,applied=false,boundary=[not-face-down@faceDownCount=3:teal=0.000,white=0.519,red=0.000,black=0.130],exposedIndex=3,distanceFromBottom=2]
  slot tableau:6:7 4C conf=0.95 rank=rank-png-strong@0.95 {4:0.95 A:0.86 6:0.75 J:0.74} suit=suit-png@0.91 {C:0.89 S:0.86} post=[black-tiebreak:full=C0.89/S0.86,top=C0.91/S0.85,shape=Spades@0.60;branch=topLeaderDirect->Clubs; ink-ratio:red=0.0000,black=0.2315,inkRed=false,inkRegion=header; cascade:firstFaceTop=970.7,bottomTop=1230.1,faceUpStep=48.90,geomCount=6,finalCount=6,bottomRank=Three,leadingRank=Eight,rankCount=6,diff=0,applied=false,boundary=[not-face-down@faceDownCount=3:teal=0.000,white=0.519,red=0.000,black=0.130],exposedIndex=4,distanceFromBottom=1]
  slot tableau:6:8 3H~ conf=0.82 rank=rank-png-strong@0.82 {3:0.82 J:0.77 8:0.76 2:0.73} suit=suit-png@0.94 {H:0.94 D:0.80} post=[ink-ratio:red=0.1898,black=0.0417,inkRed=true; cascade:firstFaceTop=970.7,bottomTop=1230.1,faceUpStep=48.90,geomCount=6,finalCount=6,bottomRank=Three,leadingRank=Eight,rankCount=6,diff=0,applied=false,boundary=[not-face-down@faceDownCount=3:teal=0.000,white=0.519,red=0.000,black=0.130]; deck-constraint:3H->3H~]
  slot waste 2H conf=0.76 rank=rank-ocr@0.62 {Q:0.50 K:0.46 A:0.45 10:0.43} suit=suit-png@0.96 {H:0.96 D:0.87} post=[waste-fusion:legacy=Two_Hearts,tight=Two_Hearts; whole@756,503,895,713:ocr=miss:empty;corner@756,503,817,566:ocr=miss:empty;whole@749,503,907,713:ocr=miss:empty;corner@749,503,819,566:ocr=miss:empty;whole@707,503,845,713:ocr='5'@0.62; ink-ratio:red=0.1574,black=0.0000,inkRed=true; ocr='2'@0.62; ink-ratio:red=0.1934,black=0.0000,inkRed=true]
18:02:48.432 HOLD prev=Tableau 5 -> Foundation 3 vanished from ranked (raw=Recycle waste to stock streak=1/2)
18:02:48.598 OUTCOME=ARROW status=Best: Recycle waste to stock score=-2.0 (recycle) 159ms conf=0.81 known=27
  frame=1080x2340 elapsed=159ms conf=0.81 knownFaceUp=27
  timing: queueDelay=3ms detect=159ms select=2ms total=164ms
  move=Recycle waste to stock score=-2.0 rationale=recycle
  runner-up:
    1. Foundation 3 -> Tableau 5 score=-57.0 (pull-from-foundation)
    2. Foundation 2 -> Tableau 7 score=-57.0 (pull-from-foundation)
    3. Tableau 7 -> Tableau 5 score=-207.0 (defer-no-reveal-stack,lookahead+10.0,reversible)
  from=(991,608) to=(826,608)
  signature=Two_Hearts|Four_Diamonds;Two_Clubs;Four_Spades;-|King_Hearts,Queen_Clubs,Jack_Hearts;;King_Clubs;King_Diamonds,Queen_Spades,Jack_Diamonds,Ten_Spades,Nine_Diamonds,Eight_Spades;D,Five_Hearts;D,D,D,D,Nine_Clubs,Eight_Diamonds,Seven_Clubs,Six_Diamonds,Five_Clubs,Four_Hearts;D,D,D,Eight_Clubs,Seven_Diamonds,Six_Clubs,Five_Diamonds,Four_Clubs,Three_Hearts
  diag: boardConfidence=0.85
  diag: profile=solitaire_smash_s25
  diag: stock=empty-color
  diag: foundation0=match-Four-Diamonds@0.90:FD
  diag: foundation1=match-Two-Clubs@0.83:TC
  diag: foundation2=match-Four-Spades@0.90:FS
  diag: foundation3=empty-color:null
  diag: tableau0.faceScan=rowHeight=5.74,lastWhiteBottom=1130.3,whiteRows=50,minimumRows=7,breakY=1164.7
  diag: tableau0.region=937.5-1130.3
  diag: tableau0=King_Diamonds,Queen_Clubs,Jack_Diamonds
  diag: tableau1.faceScan=rowHeight=5.74,lastWhiteBottom=1027.0,whiteRows=1,minimumRows=7,breakY=1061.5
  diag: tableau1=
  diag: tableau2.faceScan=rowHeight=5.74,lastWhiteBottom=1032.8,whiteRows=34,minimumRows=7,breakY=1067.2
  diag: tableau2.region=840.0-1032.8
  diag: tableau2=King_Clubs
  diag: tableau3.faceScan=rowHeight=5.74,lastWhiteBottom=1273.7,whiteRows=73,minimumRows=7,breakY=1308.1
  diag: tableau3.region=1081.0-1273.7
  diag: tableau3=King_Diamonds,Queen_Clubs,Jack_Diamonds,Ten_Clubs,Nine_Diamonds,Eight_Clubs
  diag: tableau4.faceScan=rowHeight=5.74,lastWhiteBottom=1078.7,whiteRows=35,minimumRows=7,breakY=1113.1
  diag: tableau4.region=885.9-1078.7
  diag: tableau4=D,Five_Hearts
  diag: tableau5.faceScan=rowHeight=5.74,lastWhiteBottom=1468.8,whiteRows=78,minimumRows=7,breakY=1503.2
  diag: tableau5.region=1276.0-1468.8
  diag: tableau5=D,D,D,D,Nine_Clubs,Eight_Diamonds,Seven_Clubs,Six_Diamonds,Five_Clubs,Four_Diamonds
  diag: tableau6.faceScan=rowHeight=5.74,lastWhiteBottom=1422.9,whiteRows=79,minimumRows=7,breakY=1457.3
  diag: tableau6.region=1230.1-1422.9
  diag: tableau6=D,D,D,Eight_Clubs,Seven_Diamonds,Six_Clubs,Five_Diamonds,Four_Clubs,Three_Diamonds
  diag: wasteOcr:relevant=true,ms=59,overlapped=false
  diag: waste=fused-Two-Hearts:TH
  diag: waste-regions=exact:757-895:match-Two-Hearts@0.62,legacy:750-907:match-Two-Hearts@0.76
  diag: waste-rank-scores={Ace=0.45088017, Two=0.39446366, Three=0.38706017, Four=0.40894148, Five=0.4257703, Six=0.37886873, Seven=0.33313218, Eight=0.37717122, Nine=0.3993644, Ten=0.43274853, Jack=0.40771705, Queen=0.49776286, King=0.46153846}
  diag: waste-suit-scores={Hearts=0.9632986, Diamonds=0.87304157}
  diag: whole@756,503,895,713:ocr=miss:empty;corner@756,503,817,566:ocr=miss:empty;whole@749,503,907,713:ocr=miss:empty;corner@749,503,819,566:ocr=miss:empty;whole@707,503,845,713:ocr='5'@0.62
  diag: livePlayScreen=true
  diag: gameFooter=true
  diag: lobbyScreen=false
  diag: knownFaceUp=27
  diag: timing:total=156ms,tableau=140ms[c0=50,c1=12,c2=4,c3=20,c4=16,c5=22,c6=15],scrub=0ms,deckConstraint=2ms,recognize:hits=29,misses=2,missTime=96ms,missReason:newKey=0,fingerprint=2,bounds=0
  recognition:
  slot foundation:0 4D conf=0.90 rank=rank-png-strong@0.90 {4:0.90 A:0.72 J:0.68 8:0.63} suit=suit-png@0.96 {D:0.92 H:0.82} post=[ink-ratio:red=0.1584,black=0.0000,inkRed=true]
  slot foundation:1 2C conf=0.83 rank=rank-png-strong@0.83 {2:0.83 7:0.77 J:0.72 3:0.72} suit=suit-png@0.81 {C:0.81 S:0.74} post=[black-tiebreak:full=C0.81/S0.74,top=C0.58/S0.52,branch=wideMarginDirect->Clubs; ink-ratio:red=0.0000,black=0.1811,inkRed=false]
  slot foundation:2 4S conf=0.90 rank=rank-png-strong@0.90 {4:0.90 A:0.71 J:0.69 8:0.63} suit=suit-png@0.48 {C:0.81 S:0.78} post=[black-tiebreak:full=C0.81/S0.78,top=C0.53/S0.48,shape=Spades@1.08;branch=topClub-strongSpadeShapeOverride->Spades; ink-ratio:red=0.0000,black=0.1667,inkRed=false; black-tiebreak2:full=C0.81/S0.78,top=C0.53/S0.48,shape=Spades@1.08;branch=topClub-strongSpadeShapeOverride->Spades]
  slot tableau:0 KH conf=0.89 rank=rank-png-strong@0.89 {K:0.89 6:0.82 8:0.80 5:0.79} suit=suit-png@0.99 {H:0.95 D:0.81} post=[ink-ratio:red=0.2685,black=0.0000,inkRed=true,inkRegion=header; cascade:firstFaceTop=837.7,bottomTop=937.5,faceUpStep=48.90,geomCount=3,finalCount=3,bottomRank=Jack,leadingRank=King,rankCount=3,diff=0,applied=false,boundary=[not-face-down@faceDownCount=0:teal=0.000,white=0.519,red=0.352,black=0.000],exposedIndex=0,distanceFromBottom=2]
  slot tableau:0:1 QC conf=0.86 rank=rank-png-strong@0.86 {Q:0.86 9:0.75 8:0.72 10:0.71} suit=suit-opencv@0.52 {S:0.91 C:0.89} post=[ocr=miss:empty; ink-ratio:red=0.0000,black=0.3426,inkRed=false,inkRegion=header; post-black-suit:Spades->Clubs; black-tiebreak2:full=C0.66/S0.66,top=C0.74/S0.69,shape=none;branch=topLeaderDirect->Clubs; cascade:firstFaceTop=837.7,bottomTop=937.5,faceUpStep=48.90,geomCount=3,finalCount=3,bottomRank=Jack,leadingRank=King,rankCount=3,diff=0,applied=false,boundary=[not-face-down@faceDownCount=0:teal=0.000,white=0.519,red=0.352,black=0.000],exposedIndex=1,distanceFromBottom=1; deck-constraint:QC~->QC]
  slot tableau:0:2 JH conf=0.83 rank=rank-png-strong@0.83 {J:0.83 4:0.71 7:0.70 3:0.68} suit=suit-png@0.98 {H:0.94 D:0.80} post=[ink-ratio:red=0.1689,black=0.0400,inkRed=true; cascade:firstFaceTop=837.7,bottomTop=937.5,faceUpStep=48.90,geomCount=3,finalCount=3,bottomRank=Jack,leadingRank=King,rankCount=3,diff=0,applied=false,boundary=[not-face-down@faceDownCount=0:teal=0.000,white=0.519,red=0.352,black=0.000]]
  slot tableau:2 KC conf=0.93 rank=rank-png-strong@0.93 {K:0.93 2:0.78 8:0.78 10:0.78} suit=suit-png@0.82 {S:0.90 C:0.88} post=[black-tiebreak:full=C0.88/S0.90,top=C0.82/S0.86,shape=Clubs@0.36;branch=topSpade-clubShapeVetoWins->Clubs; ink-ratio:red=0.0000,black=0.2361,inkRed=false; cascade:firstFaceTop=837.7,bottomTop=840.0,faceUpStep=48.90,geomCount=1,finalCount=1,bottomRank=King,leadingRank=King,rankCount=1,diff=0,applied=false,boundary=[ran-out-of-room]]
  slot tableau:3 KD conf=0.87 rank=rank-png-strong@0.87 {K:0.87 8:0.78 6:0.78 A:0.76} suit=suit-png@0.98 {D:0.94 H:0.84} post=[ink-ratio:red=0.1759,black=0.0000,inkRed=true,inkRegion=header; cascade:firstFaceTop=837.7,bottomTop=1081.0,faceUpStep=48.90,geomCount=6,finalCount=6,bottomRank=Eight,leadingRank=King,rankCount=6,diff=0,applied=false,boundary=[not-face-down@faceDownCount=0:teal=0.000,white=0.648,red=0.204,black=0.000],exposedIndex=0,distanceFromBottom=5]
  slot tableau:3:1 QS conf=0.91 rank=rank-png-strong@0.91 {Q:0.91 9:0.80 8:0.75 6:0.74} suit=suit-png@0.93 {S:0.93 C:0.87} post=[black-tiebreak:full=C0.87/S0.93,top=C0.81/S0.91,branch=wideMarginDirect->Spades; ink-ratio:red=0.0000,black=0.2778,inkRed=false,inkRegion=header; cascade:firstFaceTop=837.7,bottomTop=1081.0,faceUpStep=48.90,geomCount=6,finalCount=6,bottomRank=Eight,leadingRank=King,rankCount=6,diff=0,applied=false,boundary=[not-face-down@faceDownCount=0:teal=0.000,white=0.648,red=0.204,black=0.000],exposedIndex=1,distanceFromBottom=4]
  slot tableau:3:2 JD conf=0.88 rank=rank-png-strong@0.88 {J:0.88 4:0.82 7:0.73 A:0.72} suit=suit-png@0.85 {D:0.81 H:0.78} post=[ocr=miss:empty; ink-ratio:red=0.1759,black=0.0000,inkRed=true,inkRegion=header; cascade:firstFaceTop=837.7,bottomTop=1081.0,faceUpStep=48.90,geomCount=6,finalCount=6,bottomRank=Eight,leadingRank=King,rankCount=6,diff=0,applied=false,boundary=[not-face-down@faceDownCount=0:teal=0.000,white=0.648,red=0.204,black=0.000],exposedIndex=2,distanceFromBottom=3]
  slot tableau:3:3 10S~ conf=0.72 rank=rank-png-strong@0.87 {10:0.87 Q:0.74 8:0.71 9:0.70} suit=suit-png@0.82 {H:0.82 S:0.80 D:0.77 C:0.74} post=[ink-ratio:red=0.0556,black=0.2315,inkRed=null,inkRegion=header; geom-override:direct=Ten_Hearts,conf=0.87,to=Ten_Spades; deck-constraint:10S->10S~]
  slot tableau:3:4 9D~ conf=0.81 rank=rank-png-strong@0.81 {9:0.81 8:0.80 2:0.78 K:0.78} suit=suit-png@0.96 {D:0.92 H:0.87} post=[ink-ratio:red=0.2222,black=0.0000,inkRed=true,inkRegion=header; cascade:firstFaceTop=837.7,bottomTop=1081.0,faceUpStep=48.90,geomCount=6,finalCount=6,bottomRank=Eight,leadingRank=King,rankCount=6,diff=0,applied=false,boundary=[not-face-down@faceDownCount=0:teal=0.000,white=0.648,red=0.204,black=0.000],exposedIndex=4,distanceFromBottom=1; deck-constraint:9D->9D~]
  slot tableau:3:5 8S conf=0.90 rank=rank-png-strong@0.90 {8:0.90 6:0.81 3:0.78 9:0.77} suit=suit-png@0.95 {S:0.95 C:0.88} post=[black-tiebreak:full=C0.88/S0.95,top=C0.79/S0.95,branch=wideMarginDirect->Spades; ink-ratio:red=0.0000,black=0.2200,inkRed=false; cascade:firstFaceTop=837.7,bottomTop=1081.0,faceUpStep=48.90,geomCount=6,finalCount=6,bottomRank=Eight,leadingRank=King,rankCount=6,diff=0,applied=false,boundary=[not-face-down@faceDownCount=0:teal=0.000,white=0.648,red=0.204,black=0.000]]
  slot tableau:4:1 5H conf=0.81 rank=rank-png-strong@0.81 {5:0.81 3:0.77 6:0.76 8:0.76} suit=suit-png@0.99 {H:0.95 D:0.81} post=[ink-ratio:red=0.2378,black=0.0000,inkRed=true; cascade:firstFaceTop=882.1,bottomTop=885.9,faceUpStep=48.90,geomCount=1,finalCount=1,bottomRank=Five,leadingRank=Five,rankCount=1,diff=0,applied=false,boundary=[ran-out-of-room]]
  slot tableau:5:4 9C~ conf=0.87 rank=rank-png-strong@0.87 {9:0.87 A:0.86 8:0.83 Q:0.82} suit=suit-png@0.93 {C:0.93 S:0.88} post=[black-tiebreak:full=C0.93/S0.88,top=C0.93/S0.82,shape=Spades@1.12;branch=topLeaderDirect->Clubs; ink-ratio:red=0.0000,black=0.1852,inkRed=false,inkRegion=header; cascade:firstFaceTop=1015.1,bottomTop=1276.0,faceUpStep=48.90,geomCount=6,finalCount=6,bottomRank=Four,leadingRank=Nine,rankCount=6,diff=0,applied=false,boundary=[not-face-down@faceDownCount=4:teal=0.315,white=0.593,red=0.000,black=0.056],exposedIndex=0,distanceFromBottom=5; deck-constraint:9C->9C~]
  slot tableau:5:5 8D~ conf=0.87 rank=rank-png-strong@0.87 {8:0.87 A:0.86 9:0.83 4:0.82} suit=suit-png@0.87 {D:0.87 H:0.76} post=[ink-ratio:red=0.1759,black=0.0370,inkRed=true,inkRegion=header; cascade:firstFaceTop=1015.1,bottomTop=1276.0,faceUpStep=48.90,geomCount=6,finalCount=6,bottomRank=Four,leadingRank=Nine,rankCount=6,diff=0,applied=false,boundary=[not-face-down@faceDownCount=4:teal=0.315,white=0.593,red=0.000,black=0.056],exposedIndex=1,distanceFromBottom=4; deck-constraint:8D->8D~]
  slot tableau:5:7 6D~ conf=0.87 rank=rank-png-strong@0.87 {6:0.87 A:0.83 4:0.81 8:0.81} suit=suit-png@0.87 {D:0.87 H:0.76} post=[ink-ratio:red=0.1852,black=0.0185,inkRed=true,inkRegion=header; cascade:firstFaceTop=1015.1,bottomTop=1276.0,faceUpStep=48.90,geomCount=6,finalCount=6,bottomRank=Four,leadingRank=Nine,rankCount=6,diff=0,applied=false,boundary=[not-face-down@faceDownCount=4:teal=0.315,white=0.593,red=0.000,black=0.056],exposedIndex=3,distanceFromBottom=2; deck-constraint:6D->6D~]
  slot tableau:5:8 5C~ conf=0.84 rank=rank-png-strong@0.84 {5:0.84 6:0.83 8:0.80 9:0.80} suit=suit-png@0.79 {C:0.79 D:0.79 H:0.72 S:0.67} post=[ink-ratio:red=0.0278,black=0.1759,inkRed=null,inkRegion=header; cascade:firstFaceTop=1015.1,bottomTop=1276.0,faceUpStep=48.90,geomCount=6,finalCount=6,bottomRank=Four,leadingRank=Nine,rankCount=6,diff=0,applied=false,boundary=[not-face-down@faceDownCount=4:teal=0.315,white=0.593,red=0.000,black=0.056],exposedIndex=4,distanceFromBottom=1; deck-constraint:5C->5C~]
  slot tableau:5:9 4H conf=0.89 rank=rank-png-strong@0.89 {4:0.89 A:0.74 J:0.71 8:0.66} suit=suit-png@0.99 {H:0.95 D:0.79} post=[ink-ratio:red=0.1875,black=0.0000,inkRed=true; cascade:firstFaceTop=1015.1,bottomTop=1276.0,faceUpStep=48.90,geomCount=6,finalCount=6,bottomRank=Four,leadingRank=Nine,rankCount=6,diff=0,applied=false,boundary=[not-face-down@faceDownCount=4:teal=0.315,white=0.593,red=0.000,black=0.056]]
  slot tableau:6:3 8C conf=0.93 rank=rank-png-strong@0.93 {8:0.93 9:0.84 6:0.83 A:0.83} suit=suit-png@0.91 {C:0.90 S:0.85} post=[black-tiebreak:full=C0.90/S0.85,top=C0.91/S0.83,shape=Spades@0.60;branch=topLeaderDirect->Clubs; ink-ratio:red=0.0000,black=0.2407,inkRed=false,inkRegion=header; cascade:firstFaceTop=970.7,bottomTop=1230.1,faceUpStep=48.90,geomCount=6,finalCount=6,bottomRank=Three,leadingRank=Eight,rankCount=6,diff=0,applied=false,boundary=[not-face-down@faceDownCount=3:teal=0.000,white=0.519,red=0.000,black=0.130],exposedIndex=0,distanceFromBottom=5]
  slot tableau:6:4 7D~ conf=0.95 rank=rank-png-strong@0.95 {7:0.95 2:0.86 3:0.77 J:0.76} suit=suit-png@0.98 {D:0.94 H:0.83} post=[ocr=miss:empty; ink-ratio:red=0.1759,black=0.0556,inkRed=true,inkRegion=header; cascade:firstFaceTop=970.7,bottomTop=1230.1,faceUpStep=48.90,geomCount=6,finalCount=6,bottomRank=Three,leadingRank=Eight,rankCount=6,diff=0,applied=false,boundary=[not-face-down@faceDownCount=3:teal=0.000,white=0.519,red=0.000,black=0.130],exposedIndex=1,distanceFromBottom=4; deck-constraint:7D->7D~]
  slot tableau:6:5 6C~ conf=0.92 rank=rank-png-strong@0.92 {6:0.92 A:0.83 8:0.83 5:0.83} suit=suit-png@0.92 {C:0.90 S:0.86} post=[black-tiebreak:full=C0.90/S0.86,top=C0.92/S0.84,shape=Spades@0.60;branch=topLeaderDirect->Clubs; ink-ratio:red=0.0000,black=0.2500,inkRed=false,inkRegion=header; cascade:firstFaceTop=970.7,bottomTop=1230.1,faceUpStep=48.90,geomCount=6,finalCount=6,bottomRank=Three,leadingRank=Eight,rankCount=6,diff=0,applied=false,boundary=[not-face-down@faceDownCount=3:teal=0.000,white=0.519,red=0.000,black=0.130],exposedIndex=2,distanceFromBottom=3; deck-constraint:6C->6C~]
  slot tableau:6:6 5D conf=0.94 rank=rank-png-strong@0.94 {5:0.94 6:0.83 K:0.81 9:0.80} suit=suit-png@0.96 {D:0.92 H:0.84} post=[ink-ratio:red=0.1574,black=0.0556,inkRed=true,inkRegion=header; cascade:firstFaceTop=970.7,bottomTop=1230.1,faceUpStep=48.90,geomCount=6,finalCount=6,bottomRank=Three,leadingRank=Eight,rankCount=6,diff=0,applied=false,boundary=[not-face-down@faceDownCount=3:teal=0.000,white=0.519,red=0.000,black=0.130],exposedIndex=3,distanceFromBottom=2]
  slot tableau:6:7 4C conf=0.95 rank=rank-png-strong@0.95 {4:0.95 A:0.86 6:0.75 J:0.74} suit=suit-png@0.91 {C:0.89 S:0.86} post=[black-tiebreak:full=C0.89/S0.86,top=C0.91/S0.85,shape=Spades@0.60;branch=topLeaderDirect->Clubs; ink-ratio:red=0.0000,black=0.2315,inkRed=false,inkRegion=header; cascade:firstFaceTop=970.7,bottomTop=1230.1,faceUpStep=48.90,geomCount=6,finalCount=6,bottomRank=Three,leadingRank=Eight,rankCount=6,diff=0,applied=false,boundary=[not-face-down@faceDownCount=3:teal=0.000,white=0.519,red=0.000,black=0.130],exposedIndex=4,distanceFromBottom=1]
  slot tableau:6:8 3H~ conf=0.82 rank=rank-png-strong@0.82 {3:0.82 J:0.77 8:0.76 2:0.73} suit=suit-png@0.94 {H:0.94 D:0.80} post=[ink-ratio:red=0.1898,black=0.0417,inkRed=true; cascade:firstFaceTop=970.7,bottomTop=1230.1,faceUpStep=48.90,geomCount=6,finalCount=6,bottomRank=Three,leadingRank=Eight,rankCount=6,diff=0,applied=false,boundary=[not-face-down@faceDownCount=3:teal=0.000,white=0.519,red=0.000,black=0.130]; deck-constraint:3H->3H~]
  slot waste 2H conf=0.76 rank=rank-ocr@0.62 {Q:0.50 K:0.46 A:0.45 10:0.43} suit=suit-png@0.96 {H:0.96 D:0.87} post=[waste-fusion:legacy=Two_Hearts,tight=Two_Hearts; whole@756,503,895,713:ocr=miss:empty;corner@756,503,817,566:ocr=miss:empty;whole@749,503,907,713:ocr=miss:empty;corner@749,503,819,566:ocr=miss:empty;whole@707,503,845,713:ocr='5'@0.62; ink-ratio:red=0.1574,black=0.0000,inkRed=true; ocr='2'@0.62; ink-ratio:red=0.1934,black=0.0000,inkRed=true]
18:02:49.898 OUTCOME=ARROW status=Best: Draw from stock score=8.0 (draw) 114ms conf=0.84 known=26
  frame=1080x2340 elapsed=114ms conf=0.84 knownFaceUp=26
  timing: queueDelay=20ms detect=114ms select=2ms total=136ms
  move=Draw from stock score=8.0 rationale=draw
  runner-up:
    1. Foundation 3 -> Tableau 5 score=-57.0 (pull-from-foundation)
    2. Foundation 2 -> Tableau 7 score=-57.0 (pull-from-foundation)
    3. Tableau 7 -> Tableau 5 score=-207.0 (defer-no-reveal-stack,lookahead+10.0,reversible)
  from=(991,608) to=(828,608)
  signature=|Four_Diamonds;Two_Clubs;Four_Spades;-|King_Hearts,Queen_Clubs,Jack_Hearts;;King_Clubs;King_Diamonds,Queen_Spades,Jack_Diamonds,Ten_Spades,Nine_Diamonds,Eight_Spades;D,Five_Hearts;D,D,D,D,Nine_Clubs,Eight_Diamonds,Seven_Clubs,Six_Diamonds,Five_Clubs,Four_Hearts;D,D,D,Eight_Clubs,Seven_Diamonds,Six_Clubs,Five_Diamonds,Four_Clubs,Three_Hearts
  diag: boardConfidence=0.85
  diag: profile=solitaire_smash_s25
  diag: stock=face-down-stock
  diag: foundation0=match-Four-Diamonds@0.90:FD
  diag: foundation1=match-Two-Clubs@0.83:TC
  diag: foundation2=match-Four-Spades@0.90:FS
  diag: foundation3=empty-color:null
  diag: tableau0.faceScan=rowHeight=5.74,lastWhiteBottom=1130.3,whiteRows=50,minimumRows=7,breakY=1164.7
  diag: tableau0.region=937.5-1130.3
  diag: tableau0=King_Diamonds,Queen_Clubs,Jack_Diamonds
  diag: tableau1.faceScan=rowHeight=5.74,lastWhiteBottom=1027.0,whiteRows=1,minimumRows=7,breakY=1061.5
  diag: tableau1=
  diag: tableau2.faceScan=rowHeight=5.74,lastWhiteBottom=1032.8,whiteRows=34,minimumRows=7,breakY=1067.2
  diag: tableau2.region=840.0-1032.8
  diag: tableau2=King_Clubs
  diag: tableau3.faceScan=rowHeight=5.74,lastWhiteBottom=1273.7,whiteRows=73,minimumRows=7,breakY=1308.1
  diag: tableau3.region=1081.0-1273.7
  diag: tableau3=King_Diamonds,Queen_Clubs,Jack_Diamonds,Ten_Clubs,Nine_Diamonds,Eight_Clubs
  diag: tableau4.faceScan=rowHeight=5.74,lastWhiteBottom=1078.7,whiteRows=35,minimumRows=7,breakY=1113.1
  diag: tableau4.region=885.9-1078.7
  diag: tableau4=D,Five_Hearts
  diag: tableau5.faceScan=rowHeight=5.74,lastWhiteBottom=1468.8,whiteRows=78,minimumRows=7,breakY=1503.2
  diag: tableau5.region=1276.0-1468.8
  diag: tableau5=D,D,D,D,Nine_Clubs,Eight_Diamonds,Seven_Clubs,Six_Diamonds,Five_Clubs,Four_Diamonds
  diag: tableau6.faceScan=rowHeight=5.74,lastWhiteBottom=1422.9,whiteRows=79,minimumRows=7,breakY=1457.3
  diag: tableau6.region=1230.1-1422.9
  diag: tableau6=D,D,D,Eight_Clubs,Seven_Diamonds,Six_Clubs,Five_Diamonds,Four_Clubs,Three_Diamonds
  diag: wasteOcr:relevant=false,ms=0,overlapped=false
  diag: waste=empty-color:null
  diag: waste-regions=exact:700-847:empty-color,legacy:750-907:empty-color
  diag: waste-rank-scores={Ace=0.0, Two=0.0, Three=0.0, Four=0.0, Five=0.0, Six=0.0, Seven=0.0, Eight=0.0, Nine=0.0, Ten=0.0, Jack=0.0, Queen=0.0, King=0.0}
  diag: waste-suit-scores={Hearts=0.0, Diamonds=0.0, Clubs=0.0, Spades=0.0}
  diag: livePlayScreen=true
  diag: gameFooter=true
  diag: lobbyScreen=false
  diag: knownFaceUp=26
  diag: timing:total=112ms,tableau=210ms[c0=73,c1=2,c2=3,c3=19,c4=85,c5=14,c6=14],scrub=0ms,deckConstraint=2ms,recognize:hits=27,misses=4,missTime=84ms,missReason:newKey=0,fingerprint=4,bounds=0
  recognition:
  slot foundation:0 4D conf=0.90 rank=rank-png-strong@0.90 {4:0.90 A:0.72 J:0.68 8:0.63} suit=suit-png@0.96 {D:0.92 H:0.82} post=[ink-ratio:red=0.1584,black=0.0000,inkRed=true]
  slot foundation:1 2C conf=0.83 rank=rank-png-strong@0.83 {2:0.83 7:0.77 J:0.72 3:0.72} suit=suit-png@0.81 {C:0.81 S:0.74} post=[black-tiebreak:full=C0.81/S0.74,top=C0.58/S0.52,branch=wideMarginDirect->Clubs; ink-ratio:red=0.0000,black=0.1811,inkRed=false]
  slot foundation:2 4S conf=0.90 rank=rank-png-strong@0.90 {4:0.90 A:0.71 J:0.69 8:0.63} suit=suit-png@0.48 {C:0.81 S:0.78} post=[black-tiebreak:full=C0.81/S0.78,top=C0.53/S0.48,shape=Spades@1.08;branch=topClub-strongSpadeShapeOverride->Spades; ink-ratio:red=0.0000,black=0.1667,inkRed=false; black-tiebreak2:full=C0.81/S0.78,top=C0.53/S0.48,shape=Spades@1.08;branch=topClub-strongSpadeShapeOverride->Spades]
  slot tableau:0 KH conf=0.89 rank=rank-png-strong@0.89 {K:0.89 6:0.82 8:0.80 5:0.79} suit=suit-png@0.99 {H:0.95 D:0.81} post=[ink-ratio:red=0.2685,black=0.0000,inkRed=true,inkRegion=header; cascade:firstFaceTop=837.7,bottomTop=937.5,faceUpStep=48.90,geomCount=3,finalCount=3,bottomRank=Jack,leadingRank=King,rankCount=3,diff=0,applied=false,boundary=[not-face-down@faceDownCount=0:teal=0.000,white=0.519,red=0.352,black=0.000],exposedIndex=0,distanceFromBottom=2]
  slot tableau:0:1 QC conf=0.86 rank=rank-png-strong@0.86 {Q:0.86 9:0.75 8:0.72 10:0.71} suit=suit-opencv@0.52 {S:0.91 C:0.89} post=[ocr=miss:empty; ink-ratio:red=0.0000,black=0.3426,inkRed=false,inkRegion=header; post-black-suit:Spades->Clubs; black-tiebreak2:full=C0.66/S0.66,top=C0.74/S0.69,shape=none;branch=topLeaderDirect->Clubs; cascade:firstFaceTop=837.7,bottomTop=937.5,faceUpStep=48.90,geomCount=3,finalCount=3,bottomRank=Jack,leadingRank=King,rankCount=3,diff=0,applied=false,boundary=[not-face-down@faceDownCount=0:teal=0.000,white=0.519,red=0.352,black=0.000],exposedIndex=1,distanceFromBottom=1; deck-constraint:QC~->QC]
  slot tableau:0:2 JH conf=0.83 rank=rank-png-strong@0.83 {J:0.83 4:0.71 7:0.70 3:0.68} suit=suit-png@0.98 {H:0.94 D:0.80} post=[ink-ratio:red=0.1689,black=0.0400,inkRed=true; cascade:firstFaceTop=837.7,bottomTop=937.5,faceUpStep=48.90,geomCount=3,finalCount=3,bottomRank=Jack,leadingRank=King,rankCount=3,diff=0,applied=false,boundary=[not-face-down@faceDownCount=0:teal=0.000,white=0.519,red=0.352,black=0.000]]
  slot tableau:2 KC conf=0.93 rank=rank-png-strong@0.93 {K:0.93 2:0.78 8:0.78 10:0.78} suit=suit-png@0.82 {S:0.90 C:0.88} post=[black-tiebreak:full=C0.88/S0.90,top=C0.82/S0.86,shape=Clubs@0.36;branch=topSpade-clubShapeVetoWins->Clubs; ink-ratio:red=0.0000,black=0.2361,inkRed=false; cascade:firstFaceTop=837.7,bottomTop=840.0,faceUpStep=48.90,geomCount=1,finalCount=1,bottomRank=King,leadingRank=King,rankCount=1,diff=0,applied=false,boundary=[ran-out-of-room]]
  slot tableau:3 KD conf=0.87 rank=rank-png-strong@0.87 {K:0.87 6:0.81 8:0.81 5:0.78} suit=suit-png@0.98 {D:0.94 H:0.84} post=[ink-ratio:red=0.2685,black=0.0000,inkRed=true,inkRegion=header; cascade:firstFaceTop=837.7,bottomTop=1081.0,faceUpStep=48.90,geomCount=6,finalCount=6,bottomRank=Eight,leadingRank=King,rankCount=6,diff=0,applied=false,boundary=[not-face-down@faceDownCount=0:teal=0.000,white=0.667,red=0.333,black=0.000],exposedIndex=0,distanceFromBottom=5]
  slot tableau:3:1 QS conf=0.91 rank=rank-png-strong@0.91 {Q:0.91 9:0.80 8:0.75 6:0.74} suit=suit-png@0.93 {S:0.93 C:0.87} post=[black-tiebreak:full=C0.87/S0.93,top=C0.81/S0.91,branch=wideMarginDirect->Spades; ink-ratio:red=0.0000,black=0.2778,inkRed=false,inkRegion=header; cascade:firstFaceTop=837.7,bottomTop=1081.0,faceUpStep=48.90,geomCount=6,finalCount=6,bottomRank=Eight,leadingRank=King,rankCount=6,diff=0,applied=false,boundary=[not-face-down@faceDownCount=0:teal=0.000,white=0.667,red=0.333,black=0.000],exposedIndex=1,distanceFromBottom=4]
  slot tableau:3:2 JD conf=0.88 rank=rank-png-strong@0.88 {J:0.88 4:0.82 7:0.73 A:0.72} suit=suit-png@0.97 {D:0.93 H:0.85} post=[ocr=miss:empty; ink-ratio:red=0.1759,black=0.0000,inkRed=true,inkRegion=header; cascade:firstFaceTop=837.7,bottomTop=1081.0,faceUpStep=48.90,geomCount=6,finalCount=6,bottomRank=Eight,leadingRank=King,rankCount=6,diff=0,applied=false,boundary=[not-face-down@faceDownCount=0:teal=0.000,white=0.667,red=0.333,black=0.000],exposedIndex=2,distanceFromBottom=3]
  slot tableau:3:3 10S~ conf=0.87 rank=rank-png-strong@0.87 {10:0.87 Q:0.74 8:0.71 9:0.70} suit=suit-png@0.89 {S:0.94 C:0.89} post=[black-tiebreak:full=C0.89/S0.94,top=C0.79/S0.89,shape=none;branch=topLeaderDirect->Spades; ink-ratio:red=0.0000,black=0.2870,inkRed=false,inkRegion=header; cascade:firstFaceTop=837.7,bottomTop=1081.0,faceUpStep=48.90,geomCount=6,finalCount=6,bottomRank=Eight,leadingRank=King,rankCount=6,diff=0,applied=false,boundary=[not-face-down@faceDownCount=0:teal=0.000,white=0.667,red=0.333,black=0.000],exposedIndex=3,distanceFromBottom=2; deck-constraint:10S->10S~]
  slot tableau:3:4 9D~ conf=0.81 rank=rank-png-strong@0.81 {9:0.81 8:0.80 2:0.78 K:0.78} suit=suit-png@0.96 {D:0.92 H:0.87} post=[ink-ratio:red=0.2222,black=0.0000,inkRed=true,inkRegion=header; cascade:firstFaceTop=837.7,bottomTop=1081.0,faceUpStep=48.90,geomCount=6,finalCount=6,bottomRank=Eight,leadingRank=King,rankCount=6,diff=0,applied=false,boundary=[not-face-down@faceDownCount=0:teal=0.000,white=0.667,red=0.333,black=0.000],exposedIndex=4,distanceFromBottom=1; deck-constraint:9D->9D~]
  slot tableau:3:5 8S conf=0.90 rank=rank-png-strong@0.90 {8:0.90 6:0.81 3:0.78 9:0.77} suit=suit-png@0.95 {S:0.95 C:0.88} post=[black-tiebreak:full=C0.88/S0.95,top=C0.79/S0.95,branch=wideMarginDirect->Spades; ink-ratio:red=0.0000,black=0.2200,inkRed=false; cascade:firstFaceTop=837.7,bottomTop=1081.0,faceUpStep=48.90,geomCount=6,finalCount=6,bottomRank=Eight,leadingRank=King,rankCount=6,diff=0,applied=false,boundary=[not-face-down@faceDownCount=0:teal=0.000,white=0.667,red=0.333,black=0.000]]
  slot tableau:4:1 5H conf=0.81 rank=rank-png-strong@0.81 {5:0.81 3:0.77 6:0.76 8:0.76} suit=suit-png@0.99 {H:0.95 D:0.81} post=[ink-ratio:red=0.2000,black=0.0000,inkRed=true; cascade:firstFaceTop=882.1,bottomTop=885.9,faceUpStep=48.90,geomCount=1,finalCount=1,bottomRank=Five,leadingRank=Five,rankCount=1,diff=0,applied=false,boundary=[ran-out-of-room]]
  slot tableau:5:4 9C~ conf=0.87 rank=rank-png-strong@0.87 {9:0.87 A:0.86 8:0.83 Q:0.82} suit=suit-png@0.93 {C:0.93 S:0.88} post=[black-tiebreak:full=C0.93/S0.88,top=C0.93/S0.82,shape=Spades@1.12;branch=topLeaderDirect->Clubs; ink-ratio:red=0.0000,black=0.1852,inkRed=false,inkRegion=header; cascade:firstFaceTop=1015.1,bottomTop=1276.0,faceUpStep=48.90,geomCount=6,finalCount=6,bottomRank=Four,leadingRank=Nine,rankCount=6,diff=0,applied=false,boundary=[not-face-down@faceDownCount=4:teal=0.315,white=0.593,red=0.000,black=0.056],exposedIndex=0,distanceFromBottom=5; deck-constraint:9C->9C~]
  slot tableau:5:5 8D~ conf=0.87 rank=rank-png-strong@0.87 {8:0.87 A:0.86 9:0.83 4:0.82} suit=suit-png@0.87 {D:0.87 H:0.76} post=[ink-ratio:red=0.1759,black=0.0370,inkRed=true,inkRegion=header; cascade:firstFaceTop=1015.1,bottomTop=1276.0,faceUpStep=48.90,geomCount=6,finalCount=6,bottomRank=Four,leadingRank=Nine,rankCount=6,diff=0,applied=false,boundary=[not-face-down@faceDownCount=4:teal=0.315,white=0.593,red=0.000,black=0.056],exposedIndex=1,distanceFromBottom=4; deck-constraint:8D->8D~]
  slot tableau:5:7 6D~ conf=0.87 rank=rank-png-strong@0.87 {6:0.87 A:0.83 4:0.81 8:0.81} suit=suit-png@0.87 {D:0.87 H:0.76} post=[ink-ratio:red=0.1852,black=0.0185,inkRed=true,inkRegion=header; cascade:firstFaceTop=1015.1,bottomTop=1276.0,faceUpStep=48.90,geomCount=6,finalCount=6,bottomRank=Four,leadingRank=Nine,rankCount=6,diff=0,applied=false,boundary=[not-face-down@faceDownCount=4:teal=0.315,white=0.593,red=0.000,black=0.056],exposedIndex=3,distanceFromBottom=2; deck-constraint:6D->6D~]
  slot tableau:5:8 5C~ conf=0.84 rank=rank-png-strong@0.84 {5:0.84 6:0.83 8:0.80 9:0.80} suit=suit-png@0.79 {C:0.79 D:0.79 H:0.72 S:0.67} post=[ink-ratio:red=0.0278,black=0.1759,inkRed=null,inkRegion=header; cascade:firstFaceTop=1015.1,bottomTop=1276.0,faceUpStep=48.90,geomCount=6,finalCount=6,bottomRank=Four,leadingRank=Nine,rankCount=6,diff=0,applied=false,boundary=[not-face-down@faceDownCount=4:teal=0.315,white=0.593,red=0.000,black=0.056],exposedIndex=4,distanceFromBottom=1; deck-constraint:5C->5C~]
  slot tableau:5:9 4H conf=0.89 rank=rank-png-strong@0.89 {4:0.89 A:0.74 J:0.71 8:0.66} suit=suit-png@0.99 {H:0.95 D:0.79} post=[ink-ratio:red=0.1875,black=0.0000,inkRed=true; cascade:firstFaceTop=1015.1,bottomTop=1276.0,faceUpStep=48.90,geomCount=6,finalCount=6,bottomRank=Four,leadingRank=Nine,rankCount=6,diff=0,applied=false,boundary=[not-face-down@faceDownCount=4:teal=0.315,white=0.593,red=0.000,black=0.056]]
  slot tableau:6:3 8C conf=0.93 rank=rank-png-strong@0.93 {8:0.93 9:0.84 6:0.83 A:0.83} suit=suit-png@0.91 {C:0.90 S:0.85} post=[black-tiebreak:full=C0.90/S0.85,top=C0.91/S0.83,shape=Spades@0.60;branch=topLeaderDirect->Clubs; ink-ratio:red=0.0000,black=0.2407,inkRed=false,inkRegion=header; cascade:firstFaceTop=970.7,bottomTop=1230.1,faceUpStep=48.90,geomCount=6,finalCount=6,bottomRank=Three,leadingRank=Eight,rankCount=6,diff=0,applied=false,boundary=[not-face-down@faceDownCount=3:teal=0.000,white=0.519,red=0.000,black=0.130],exposedIndex=0,distanceFromBottom=5]
  slot tableau:6:4 7D~ conf=0.95 rank=rank-png-strong@0.95 {7:0.95 2:0.86 3:0.77 J:0.76} suit=suit-png@0.98 {D:0.94 H:0.83} post=[ocr=miss:empty; ink-ratio:red=0.1759,black=0.0556,inkRed=true,inkRegion=header; cascade:firstFaceTop=970.7,bottomTop=1230.1,faceUpStep=48.90,geomCount=6,finalCount=6,bottomRank=Three,leadingRank=Eight,rankCount=6,diff=0,applied=false,boundary=[not-face-down@faceDownCount=3:teal=0.000,white=0.519,red=0.000,black=0.130],exposedIndex=1,distanceFromBottom=4; deck-constraint:7D->7D~]
  slot tableau:6:5 6C~ conf=0.92 rank=rank-png-strong@0.92 {6:0.92 A:0.83 8:0.83 5:0.83} suit=suit-png@0.92 {C:0.90 S:0.86} post=[black-tiebreak:full=C0.90/S0.86,top=C0.92/S0.84,shape=Spades@0.60;branch=topLeaderDirect->Clubs; ink-ratio:red=0.0000,black=0.2500,inkRed=false,inkRegion=header; cascade:firstFaceTop=970.7,bottomTop=1230.1,faceUpStep=48.90,geomCount=6,finalCount=6,bottomRank=Three,leadingRank=Eight,rankCount=6,diff=0,applied=false,boundary=[not-face-down@faceDownCount=3:teal=0.000,white=0.519,red=0.000,black=0.130],exposedIndex=2,distanceFromBottom=3; deck-constraint:6C->6C~]
  slot tableau:6:6 5D conf=0.94 rank=rank-png-strong@0.94 {5:0.94 6:0.83 K:0.81 9:0.80} suit=suit-png@0.96 {D:0.92 H:0.84} post=[ink-ratio:red=0.1574,black=0.0556,inkRed=true,inkRegion=header; cascade:firstFaceTop=970.7,bottomTop=1230.1,faceUpStep=48.90,geomCount=6,finalCount=6,bottomRank=Three,leadingRank=Eight,rankCount=6,diff=0,applied=false,boundary=[not-face-down@faceDownCount=3:teal=0.000,white=0.519,red=0.000,black=0.130],exposedIndex=3,distanceFromBottom=2]
  slot tableau:6:7 4C conf=0.95 rank=rank-png-strong@0.95 {4:0.95 A:0.86 6:0.75 J:0.74} suit=suit-png@0.91 {C:0.89 S:0.86} post=[black-tiebreak:full=C0.89/S0.86,top=C0.91/S0.85,shape=Spades@0.60;branch=topLeaderDirect->Clubs; ink-ratio:red=0.0000,black=0.2315,inkRed=false,inkRegion=header; cascade:firstFaceTop=970.7,bottomTop=1230.1,faceUpStep=48.90,geomCount=6,finalCount=6,bottomRank=Three,leadingRank=Eight,rankCount=6,diff=0,applied=false,boundary=[not-face-down@faceDownCount=3:teal=0.000,white=0.519,red=0.000,black=0.130],exposedIndex=4,distanceFromBottom=1]
  slot tableau:6:8 3H~ conf=0.82 rank=rank-png-strong@0.82 {3:0.82 J:0.77 8:0.76 2:0.73} suit=suit-png@0.94 {H:0.94 D:0.80} post=[ink-ratio:red=0.1898,black=0.0417,inkRed=true; cascade:firstFaceTop=970.7,bottomTop=1230.1,faceUpStep=48.90,geomCount=6,finalCount=6,bottomRank=Three,leadingRank=Eight,rankCount=6,diff=0,applied=false,boundary=[not-face-down@faceDownCount=3:teal=0.000,white=0.519,red=0.000,black=0.130]; deck-constraint:3H->3H~]
18:02:50.698 OUTCOME=ARROW status=Best: Draw from stock score=8.0 (draw) 387ms conf=0.75 known=26
  frame=1080x2340 elapsed=387ms conf=0.75 knownFaceUp=26
  timing: queueDelay=80ms detect=387ms select=2ms total=469ms
  move=Draw from stock score=8.0 rationale=draw
  runner-up:
    1. Foundation 3 -> Tableau 5 score=-57.0 (pull-from-foundation)
    2. Foundation 2 -> Tableau 7 score=-57.0 (pull-from-foundation)
    3. Tableau 7 -> Tableau 5 score=-207.0 (defer-no-reveal-stack,lookahead+10.0,reversible)
  from=(991,608) to=(828,608)
  signature=U_R|Four_Diamonds;Two_Clubs;Four_Spades;-|King_Hearts,Queen_Clubs,Jack_Hearts;;King_Clubs;King_Diamonds,Queen_Spades,Jack_Diamonds,Ten_Spades,Nine_Diamonds,Eight_Spades;D,Five_Hearts;D,D,D,D,Nine_Clubs,Eight_Diamonds,Seven_Clubs,Six_Diamonds,Five_Clubs,Four_Hearts;D,D,D,Eight_Clubs,Seven_Diamonds,Six_Clubs,Five_Diamonds,Four_Clubs,Three_Hearts
  diag: boardConfidence=0.85
  diag: profile=solitaire_smash_s25
  diag: stock=face-down-stock
  diag: foundation0=match-Four-Diamonds@0.90:FD
  diag: foundation1=match-Two-Clubs@0.83:TC
  diag: foundation2=match-Four-Spades@0.90:FS
  diag: foundation3=empty-color:null
  diag: tableau0.faceScan=rowHeight=5.74,lastWhiteBottom=1130.3,whiteRows=50,minimumRows=7,breakY=1164.7
  diag: tableau0.region=937.5-1130.3
  diag: tableau0=King_Diamonds,Queen_Clubs,Jack_Diamonds
  diag: tableau1.faceScan=rowHeight=5.74,lastWhiteBottom=1027.0,whiteRows=1,minimumRows=7,breakY=1061.5
  diag: tableau1=
  diag: tableau2.faceScan=rowHeight=5.74,lastWhiteBottom=1032.8,whiteRows=34,minimumRows=7,breakY=1067.2
  diag: tableau2.region=840.0-1032.8
  diag: tableau2=King_Clubs
  diag: tableau3.faceScan=rowHeight=5.74,lastWhiteBottom=1273.7,whiteRows=73,minimumRows=7,breakY=1308.1
  diag: tableau3.region=1081.0-1273.7
  diag: tableau3=King_Diamonds,Queen_Clubs,Jack_Diamonds,Ten_Clubs,Nine_Diamonds,Eight_Clubs
  diag: tableau4.faceScan=rowHeight=5.74,lastWhiteBottom=1078.7,whiteRows=35,minimumRows=7,breakY=1113.1
  diag: tableau4.region=885.9-1078.7
  diag: tableau4=D,Five_Hearts
  diag: tableau5.faceScan=rowHeight=5.74,lastWhiteBottom=1468.8,whiteRows=78,minimumRows=7,breakY=1503.2
  diag: tableau5.region=1276.0-1468.8
  diag: tableau5=D,D,D,D,Nine_Clubs,Eight_Diamonds,Seven_Clubs,Six_Diamonds,Five_Clubs,Four_Diamonds
  diag: tableau6.faceScan=rowHeight=5.74,lastWhiteBottom=1422.9,whiteRows=79,minimumRows=7,breakY=1457.3
  diag: tableau6.region=1230.1-1422.9
  diag: tableau6=D,D,D,Eight_Clubs,Seven_Diamonds,Six_Clubs,Five_Diamonds,Four_Clubs,Three_Diamonds
  diag: wasteOcr:relevant=false,ms=0,overlapped=false
  diag: waste=face-up-color-red:null
  diag: waste-regions=exact:759-897:face-up-color-red,legacy:750-907:face-up-color-red
  diag: waste-rank-scores={Ace=0.4958084, Two=0.4669446, Three=0.36624774, Four=0.44846052, Five=0.28099173, Six=0.44621515, Seven=0.4639321, Eight=0.40344828, Nine=0.3256855, Ten=0.39910313, Jack=0.43425488, Queen=0.3471654, King=0.42818132}
  diag: waste-suit-scores={Hearts=0.0, Diamonds=0.0, Clubs=0.0, Spades=0.0}
  diag: livePlayScreen=true
  diag: gameFooter=true
  diag: lobbyScreen=false
  diag: knownFaceUp=26
  diag: timing:total=379ms,tableau=143ms[c0=64,c1=2,c2=2,c3=18,c4=16,c5=16,c6=25],scrub=0ms,deckConstraint=1ms,recognize:hits=29,misses=2,missTime=317ms,missReason:newKey=0,fingerprint=2,bounds=0
  recognition:
  slot foundation:0 4D conf=0.90 rank=rank-png-strong@0.90 {4:0.90 A:0.72 J:0.68 8:0.63} suit=suit-png@0.96 {D:0.92 H:0.82} post=[ink-ratio:red=0.1584,black=0.0000,inkRed=true]
  slot foundation:1 2C conf=0.83 rank=rank-png-strong@0.83 {2:0.83 7:0.77 J:0.72 3:0.72} suit=suit-png@0.81 {C:0.81 S:0.74} post=[black-tiebreak:full=C0.81/S0.74,top=C0.58/S0.52,branch=wideMarginDirect->Clubs; ink-ratio:red=0.0000,black=0.1811,inkRed=false]
  slot foundation:2 4S conf=0.90 rank=rank-png-strong@0.90 {4:0.90 A:0.71 J:0.69 8:0.63} suit=suit-png@0.48 {C:0.81 S:0.78} post=[black-tiebreak:full=C0.81/S0.78,top=C0.53/S0.48,shape=Spades@1.08;branch=topClub-strongSpadeShapeOverride->Spades; ink-ratio:red=0.0000,black=0.1667,inkRed=false; black-tiebreak2:full=C0.81/S0.78,top=C0.53/S0.48,shape=Spades@1.08;branch=topClub-strongSpadeShapeOverride->Spades]
  slot tableau:0 KH conf=0.89 rank=rank-png-strong@0.89 {K:0.89 6:0.82 8:0.80 5:0.79} suit=suit-png@0.99 {H:0.95 D:0.81} post=[ink-ratio:red=0.2685,black=0.0000,inkRed=true,inkRegion=header; cascade:firstFaceTop=837.7,bottomTop=937.5,faceUpStep=48.90,geomCount=3,finalCount=3,bottomRank=Jack,leadingRank=King,rankCount=3,diff=0,applied=false,boundary=[not-face-down@faceDownCount=0:teal=0.000,white=0.519,red=0.352,black=0.000],exposedIndex=0,distanceFromBottom=2]
  slot tableau:0:1 QC conf=0.86 rank=rank-png-strong@0.86 {Q:0.86 9:0.75 8:0.72 10:0.71} suit=suit-opencv@0.52 {S:0.91 C:0.89} post=[ocr=miss:empty; ink-ratio:red=0.0000,black=0.3426,inkRed=false,inkRegion=header; post-black-suit:Spades->Clubs; black-tiebreak2:full=C0.66/S0.66,top=C0.74/S0.69,shape=none;branch=topLeaderDirect->Clubs; cascade:firstFaceTop=837.7,bottomTop=937.5,faceUpStep=48.90,geomCount=3,finalCount=3,bottomRank=Jack,leadingRank=King,rankCount=3,diff=0,applied=false,boundary=[not-face-down@faceDownCount=0:teal=0.000,white=0.519,red=0.352,black=0.000],exposedIndex=1,distanceFromBottom=1; deck-constraint:QC~->QC]
  slot tableau:0:2 JH conf=0.83 rank=rank-png-strong@0.83 {J:0.83 4:0.71 7:0.70 3:0.68} suit=suit-png@0.98 {H:0.94 D:0.80} post=[ink-ratio:red=0.1689,black=0.0400,inkRed=true; cascade:firstFaceTop=837.7,bottomTop=937.5,faceUpStep=48.90,geomCount=3,finalCount=3,bottomRank=Jack,leadingRank=King,rankCount=3,diff=0,applied=false,boundary=[not-face-down@faceDownCount=0:teal=0.000,white=0.519,red=0.352,black=0.000]]
  slot tableau:2 KC conf=0.93 rank=rank-png-strong@0.93 {K:0.93 2:0.78 8:0.78 10:0.78} suit=suit-png@0.82 {S:0.90 C:0.88} post=[black-tiebreak:full=C0.88/S0.90,top=C0.82/S0.86,shape=Clubs@0.36;branch=topSpade-clubShapeVetoWins->Clubs; ink-ratio:red=0.0000,black=0.2361,inkRed=false; cascade:firstFaceTop=837.7,bottomTop=840.0,faceUpStep=48.90,geomCount=1,finalCount=1,bottomRank=King,leadingRank=King,rankCount=1,diff=0,applied=false,boundary=[ran-out-of-room]]
  slot tableau:3 KD conf=0.87 rank=rank-png-strong@0.87 {K:0.87 6:0.81 8:0.81 5:0.78} suit=suit-png@0.98 {D:0.94 H:0.84} post=[ink-ratio:red=0.2685,black=0.0000,inkRed=true,inkRegion=header; cascade:firstFaceTop=837.7,bottomTop=1081.0,faceUpStep=48.90,geomCount=6,finalCount=6,bottomRank=Eight,leadingRank=King,rankCount=6,diff=0,applied=false,boundary=[not-face-down@faceDownCount=0:teal=0.000,white=0.667,red=0.333,black=0.000],exposedIndex=0,distanceFromBottom=5]
  slot tableau:3:1 QS conf=0.91 rank=rank-png-strong@0.91 {Q:0.91 9:0.80 8:0.75 6:0.74} suit=suit-png@0.93 {S:0.93 C:0.87} post=[black-tiebreak:full=C0.87/S0.93,top=C0.81/S0.91,branch=wideMarginDirect->Spades; ink-ratio:red=0.0000,black=0.2778,inkRed=false,inkRegion=header; cascade:firstFaceTop=837.7,bottomTop=1081.0,faceUpStep=48.90,geomCount=6,finalCount=6,bottomRank=Eight,leadingRank=King,rankCount=6,diff=0,applied=false,boundary=[not-face-down@faceDownCount=0:teal=0.000,white=0.667,red=0.333,black=0.000],exposedIndex=1,distanceFromBottom=4]
  slot tableau:3:2 JD conf=0.88 rank=rank-png-strong@0.88 {J:0.88 4:0.82 7:0.73 A:0.72} suit=suit-png@0.97 {D:0.93 H:0.85} post=[ocr=miss:empty; ink-ratio:red=0.1759,black=0.0000,inkRed=true,inkRegion=header; cascade:firstFaceTop=837.7,bottomTop=1081.0,faceUpStep=48.90,geomCount=6,finalCount=6,bottomRank=Eight,leadingRank=King,rankCount=6,diff=0,applied=false,boundary=[not-face-down@faceDownCount=0:teal=0.000,white=0.667,red=0.333,black=0.000],exposedIndex=2,distanceFromBottom=3]
  slot tableau:3:3 10S~ conf=0.87 rank=rank-png-strong@0.87 {10:0.87 Q:0.74 8:0.71 9:0.70} suit=suit-png@0.89 {S:0.94 C:0.89} post=[black-tiebreak:full=C0.89/S0.94,top=C0.79/S0.89,shape=none;branch=topLeaderDirect->Spades; ink-ratio:red=0.0000,black=0.2870,inkRed=false,inkRegion=header; cascade:firstFaceTop=837.7,bottomTop=1081.0,faceUpStep=48.90,geomCount=6,finalCount=6,bottomRank=Eight,leadingRank=King,rankCount=6,diff=0,applied=false,boundary=[not-face-down@faceDownCount=0:teal=0.000,white=0.667,red=0.333,black=0.000],exposedIndex=3,distanceFromBottom=2; deck-constraint:10S->10S~]
  slot tableau:3:4 9D~ conf=0.81 rank=rank-png-strong@0.81 {9:0.81 8:0.80 2:0.78 K:0.78} suit=suit-png@0.96 {D:0.92 H:0.87} post=[ink-ratio:red=0.2222,black=0.0000,inkRed=true,inkRegion=header; cascade:firstFaceTop=837.7,bottomTop=1081.0,faceUpStep=48.90,geomCount=6,finalCount=6,bottomRank=Eight,leadingRank=King,rankCount=6,diff=0,applied=false,boundary=[not-face-down@faceDownCount=0:teal=0.000,white=0.667,red=0.333,black=0.000],exposedIndex=4,distanceFromBottom=1; deck-constraint:9D->9D~]
  slot tableau:3:5 8S conf=0.90 rank=rank-png-strong@0.90 {8:0.90 6:0.81 3:0.78 9:0.77} suit=suit-png@0.95 {S:0.95 C:0.88} post=[black-tiebreak:full=C0.88/S0.95,top=C0.79/S0.95,branch=wideMarginDirect->Spades; ink-ratio:red=0.0000,black=0.2200,inkRed=false; cascade:firstFaceTop=837.7,bottomTop=1081.0,faceUpStep=48.90,geomCount=6,finalCount=6,bottomRank=Eight,leadingRank=King,rankCount=6,diff=0,applied=false,boundary=[not-face-down@faceDownCount=0:teal=0.000,white=0.667,red=0.333,black=0.000]]
  slot tableau:4:1 5H conf=0.81 rank=rank-png-strong@0.81 {5:0.81 3:0.77 6:0.76 8:0.76} suit=suit-png@0.99 {H:0.95 D:0.81} post=[ink-ratio:red=0.2000,black=0.0000,inkRed=true; cascade:firstFaceTop=882.1,bottomTop=885.9,faceUpStep=48.90,geomCount=1,finalCount=1,bottomRank=Five,leadingRank=Five,rankCount=1,diff=0,applied=false,boundary=[ran-out-of-room]]
  slot tableau:5:4 9C~ conf=0.87 rank=rank-png-strong@0.87 {9:0.87 A:0.86 8:0.83 Q:0.82} suit=suit-png@0.93 {C:0.93 S:0.88} post=[black-tiebreak:full=C0.93/S0.88,top=C0.93/S0.82,shape=Spades@1.12;branch=topLeaderDirect->Clubs; ink-ratio:red=0.0000,black=0.1852,inkRed=false,inkRegion=header; cascade:firstFaceTop=1015.1,bottomTop=1276.0,faceUpStep=48.90,geomCount=6,finalCount=6,bottomRank=Four,leadingRank=Nine,rankCount=6,diff=0,applied=false,boundary=[not-face-down@faceDownCount=4:teal=0.315,white=0.593,red=0.000,black=0.056],exposedIndex=0,distanceFromBottom=5; deck-constraint:9C->9C~]
  slot tableau:5:5 8D~ conf=0.87 rank=rank-png-strong@0.87 {8:0.87 A:0.86 9:0.83 4:0.82} suit=suit-png@0.87 {D:0.87 H:0.76} post=[ink-ratio:red=0.1759,black=0.0370,inkRed=true,inkRegion=header; cascade:firstFaceTop=1015.1,bottomTop=1276.0,faceUpStep=48.90,geomCount=6,finalCount=6,bottomRank=Four,leadingRank=Nine,rankCount=6,diff=0,applied=false,boundary=[not-face-down@faceDownCount=4:teal=0.315,white=0.593,red=0.000,black=0.056],exposedIndex=1,distanceFromBottom=4; deck-constraint:8D->8D~]
  slot tableau:5:7 6D~ conf=0.87 rank=rank-png-strong@0.87 {6:0.87 A:0.83 4:0.81 8:0.81} suit=suit-png@0.87 {D:0.87 H:0.76} post=[ink-ratio:red=0.1852,black=0.0185,inkRed=true,inkRegion=header; cascade:firstFaceTop=1015.1,bottomTop=1276.0,faceUpStep=48.90,geomCount=6,finalCount=6,bottomRank=Four,leadingRank=Nine,rankCount=6,diff=0,applied=false,boundary=[not-face-down@faceDownCount=4:teal=0.315,white=0.593,red=0.000,black=0.056],exposedIndex=3,distanceFromBottom=2; deck-constraint:6D->6D~]
  slot tableau:5:8 5C~ conf=0.84 rank=rank-png-strong@0.84 {5:0.84 6:0.83 8:0.80 9:0.80} suit=suit-png@0.79 {C:0.79 D:0.79 H:0.72 S:0.67} post=[ink-ratio:red=0.0278,black=0.1759,inkRed=null,inkRegion=header; cascade:firstFaceTop=1015.1,bottomTop=1276.0,faceUpStep=48.90,geomCount=6,finalCount=6,bottomRank=Four,leadingRank=Nine,rankCount=6,diff=0,applied=false,boundary=[not-face-down@faceDownCount=4:teal=0.315,white=0.593,red=0.000,black=0.056],exposedIndex=4,distanceFromBottom=1; deck-constraint:5C->5C~]
  slot tableau:5:9 4H conf=0.89 rank=rank-png-strong@0.89 {4:0.89 A:0.74 J:0.71 8:0.66} suit=suit-png@0.99 {H:0.95 D:0.79} post=[ink-ratio:red=0.1875,black=0.0000,inkRed=true; cascade:firstFaceTop=1015.1,bottomTop=1276.0,faceUpStep=48.90,geomCount=6,finalCount=6,bottomRank=Four,leadingRank=Nine,rankCount=6,diff=0,applied=false,boundary=[not-face-down@faceDownCount=4:teal=0.315,white=0.593,red=0.000,black=0.056]]
  slot tableau:6:3 8C conf=0.93 rank=rank-png-strong@0.93 {8:0.93 9:0.84 6:0.83 A:0.83} suit=suit-png@0.91 {C:0.90 S:0.85} post=[black-tiebreak:full=C0.90/S0.85,top=C0.91/S0.83,shape=Spades@0.60;branch=topLeaderDirect->Clubs; ink-ratio:red=0.0000,black=0.2407,inkRed=false,inkRegion=header; cascade:firstFaceTop=970.7,bottomTop=1230.1,faceUpStep=48.90,geomCount=6,finalCount=6,bottomRank=Three,leadingRank=Eight,rankCount=6,diff=0,applied=false,boundary=[not-face-down@faceDownCount=3:teal=0.000,white=0.519,red=0.000,black=0.130],exposedIndex=0,distanceFromBottom=5]
  slot tableau:6:4 7D~ conf=0.95 rank=rank-png-strong@0.95 {7:0.95 2:0.86 3:0.77 J:0.76} suit=suit-png@0.98 {D:0.94 H:0.83} post=[ocr=miss:empty; ink-ratio:red=0.1759,black=0.0556,inkRed=true,inkRegion=header; cascade:firstFaceTop=970.7,bottomTop=1230.1,faceUpStep=48.90,geomCount=6,finalCount=6,bottomRank=Three,leadingRank=Eight,rankCount=6,diff=0,applied=false,boundary=[not-face-down@faceDownCount=3:teal=0.000,white=0.519,red=0.000,black=0.130],exposedIndex=1,distanceFromBottom=4; deck-constraint:7D->7D~]
  slot tableau:6:5 6C~ conf=0.92 rank=rank-png-strong@0.92 {6:0.92 A:0.83 8:0.83 5:0.83} suit=suit-png@0.92 {C:0.90 S:0.86} post=[black-tiebreak:full=C0.90/S0.86,top=C0.92/S0.84,shape=Spades@0.60;branch=topLeaderDirect->Clubs; ink-ratio:red=0.0000,black=0.2500,inkRed=false,inkRegion=header; cascade:firstFaceTop=970.7,bottomTop=1230.1,faceUpStep=48.90,geomCount=6,finalCount=6,bottomRank=Three,leadingRank=Eight,rankCount=6,diff=0,applied=false,boundary=[not-face-down@faceDownCount=3:teal=0.000,white=0.519,red=0.000,black=0.130],exposedIndex=2,distanceFromBottom=3; deck-constraint:6C->6C~]
  slot tableau:6:6 5D conf=0.94 rank=rank-png-strong@0.94 {5:0.94 6:0.83 K:0.81 9:0.80} suit=suit-png@0.96 {D:0.92 H:0.84} post=[ink-ratio:red=0.1574,black=0.0556,inkRed=true,inkRegion=header; cascade:firstFaceTop=970.7,bottomTop=1230.1,faceUpStep=48.90,geomCount=6,finalCount=6,bottomRank=Three,leadingRank=Eight,rankCount=6,diff=0,applied=false,boundary=[not-face-down@faceDownCount=3:teal=0.000,white=0.519,red=0.000,black=0.130],exposedIndex=3,distanceFromBottom=2]
  slot tableau:6:7 4C conf=0.95 rank=rank-png-strong@0.95 {4:0.95 A:0.86 6:0.75 J:0.74} suit=suit-png@0.91 {C:0.89 S:0.86} post=[black-tiebreak:full=C0.89/S0.86,top=C0.91/S0.85,shape=Spades@0.60;branch=topLeaderDirect->Clubs; ink-ratio:red=0.0000,black=0.2315,inkRed=false,inkRegion=header; cascade:firstFaceTop=970.7,bottomTop=1230.1,faceUpStep=48.90,geomCount=6,finalCount=6,bottomRank=Three,leadingRank=Eight,rankCount=6,diff=0,applied=false,boundary=[not-face-down@faceDownCount=3:teal=0.000,white=0.519,red=0.000,black=0.130],exposedIndex=4,distanceFromBottom=1]
  slot tableau:6:8 3H~ conf=0.82 rank=rank-png-strong@0.82 {3:0.82 J:0.77 8:0.76 2:0.73} suit=suit-png@0.94 {H:0.94 D:0.80} post=[ink-ratio:red=0.1898,black=0.0417,inkRed=true; cascade:firstFaceTop=970.7,bottomTop=1230.1,faceUpStep=48.90,geomCount=6,finalCount=6,bottomRank=Three,leadingRank=Eight,rankCount=6,diff=0,applied=false,boundary=[not-face-down@faceDownCount=3:teal=0.000,white=0.519,red=0.000,black=0.130]; deck-constraint:3H->3H~]
  slot waste ? conf=0.55 rank=? {7:0.47 2:0.46 A:0.46 4:0.45} suit=? {H:0.00 D:0.00} post=[ocr=miss:empty]
18:02:51.224 OUTCOME=ARROW status=Best: Draw from stock score=8.0 (draw) 519ms conf=0.80 known=27
  frame=1080x2340 elapsed=519ms conf=0.80 knownFaceUp=27
  timing: queueDelay=22ms detect=519ms select=2ms total=543ms
  move=Draw from stock score=8.0 rationale=draw
  runner-up:
    1. Foundation 3 -> Tableau 5 score=-57.0 (pull-from-foundation)
    2. Foundation 2 -> Tableau 7 score=-57.0 (pull-from-foundation)
    3. Tableau 7 -> Tableau 5 score=-207.0 (defer-no-reveal-stack,lookahead+10.0,reversible)
  from=(991,608) to=(826,608)
  signature=Jack_Clubs|Four_Diamonds;Two_Clubs;Four_Spades;-|King_Hearts,Queen_Clubs,Jack_Hearts;;King_Clubs;King_Diamonds,Queen_Spades,Jack_Diamonds,Ten_Spades,Nine_Diamonds,Eight_Spades;D,Five_Hearts;D,D,D,D,Nine_Clubs,Eight_Diamonds,Seven_Clubs,Six_Diamonds,Five_Clubs,Four_Hearts;D,D,D,Eight_Clubs,Seven_Diamonds,Six_Clubs,Five_Diamonds,Four_Clubs,Three_Hearts
  diag: boardConfidence=0.85
  diag: profile=solitaire_smash_s25
  diag: stock=face-down-stock
  diag: foundation0=match-Four-Diamonds@0.90:FD
  diag: foundation1=match-Two-Clubs@0.83:TC
  diag: foundation2=match-Four-Spades@0.90:FS
  diag: foundation3=empty-color:null
  diag: tableau0.faceScan=rowHeight=5.74,lastWhiteBottom=1130.3,whiteRows=50,minimumRows=7,breakY=1164.7
  diag: tableau0.region=937.5-1130.3
  diag: tableau0=King_Diamonds,Queen_Clubs,Jack_Diamonds
  diag: tableau1.faceScan=rowHeight=5.74,lastWhiteBottom=1027.0,whiteRows=1,minimumRows=7,breakY=1061.5
  diag: tableau1=
  diag: tableau2.faceScan=rowHeight=5.74,lastWhiteBottom=1032.8,whiteRows=34,minimumRows=7,breakY=1067.2
  diag: tableau2.region=840.0-1032.8
  diag: tableau2=King_Clubs
  diag: tableau3.faceScan=rowHeight=5.74,lastWhiteBottom=1273.7,whiteRows=73,minimumRows=7,breakY=1308.1
  diag: tableau3.region=1081.0-1273.7
  diag: tableau3=King_Diamonds,Queen_Clubs,Jack_Diamonds,Ten_Clubs,Nine_Diamonds,Eight_Clubs
  diag: tableau4.faceScan=rowHeight=5.74,lastWhiteBottom=1078.7,whiteRows=35,minimumRows=7,breakY=1113.1
  diag: tableau4.region=885.9-1078.7
  diag: tableau4=D,Five_Hearts
  diag: tableau5.faceScan=rowHeight=5.74,lastWhiteBottom=1468.8,whiteRows=78,minimumRows=7,breakY=1503.2
  diag: tableau5.region=1276.0-1468.8
  diag: tableau5=D,D,D,D,Nine_Clubs,Eight_Diamonds,Seven_Clubs,Six_Diamonds,Five_Clubs,Four_Diamonds
  diag: tableau6.faceScan=rowHeight=5.74,lastWhiteBottom=1422.9,whiteRows=79,minimumRows=7,breakY=1457.3
  diag: tableau6.region=1230.1-1422.9
  diag: tableau6=D,D,D,Eight_Clubs,Seven_Diamonds,Six_Clubs,Five_Diamonds,Four_Clubs,Three_Diamonds
  diag: wasteOcr:relevant=true,ms=104,overlapped=true
  diag: waste=fused-Jack-Clubs:JC
  diag: waste-regions=exact:757-895:match-Four-Clubs@0.56,legacy:750-907:match-Jack-Clubs@0.76
  diag: waste-rank-scores={Ace=0.38053098, Two=0.28167203, Three=0.37271005, Four=0.36214605, Five=0.40846825, Six=0.38226482, Seven=0.15696888, Eight=0.38154194, Nine=0.35785756, Ten=0.34920636, Jack=0.375, Queen=0.42412698, King=0.34129694}
  diag: waste-suit-scores={Clubs=0.79936475, Spades=0.7149271}
  diag: waste-disagreement=tight:Four_Clubs,legacy:Jack_Clubs
  diag: whole@756,503,895,713:ocr=miss:empty;corner@756,503,817,566:ocr='J'@0.62
  diag: waste-ocr-rank=Jack
  diag: livePlayScreen=true
  diag: gameFooter=true
  diag: lobbyScreen=false
  diag: knownFaceUp=27
  diag: timing:total=516ms,tableau=139ms[c0=70,c1=2,c2=4,c3=15,c4=9,c5=18,c6=20],scrub=0ms,deckConstraint=1ms,recognize:hits=29,misses=2,missTime=130ms,missReason:newKey=0,fingerprint=2,bounds=0
  recognition:
  slot foundation:0 4D conf=0.90 rank=rank-png-strong@0.90 {4:0.90 A:0.72 J:0.68 8:0.63} suit=suit-png@0.96 {D:0.92 H:0.82} post=[ink-ratio:red=0.1584,black=0.0000,inkRed=true]
  slot foundation:1 2C conf=0.83 rank=rank-png-strong@0.83 {2:0.83 7:0.77 J:0.72 3:0.72} suit=suit-png@0.81 {C:0.81 S:0.74} post=[black-tiebreak:full=C0.81/S0.74,top=C0.58/S0.52,branch=wideMarginDirect->Clubs; ink-ratio:red=0.0000,black=0.1811,inkRed=false]
  slot foundation:2 4S conf=0.90 rank=rank-png-strong@0.90 {4:0.90 A:0.71 J:0.69 8:0.63} suit=suit-png@0.48 {C:0.81 S:0.78} post=[black-tiebreak:full=C0.81/S0.78,top=C0.53/S0.48,shape=Spades@1.08;branch=topClub-strongSpadeShapeOverride->Spades; ink-ratio:red=0.0000,black=0.1667,inkRed=false; black-tiebreak2:full=C0.81/S0.78,top=C0.53/S0.48,shape=Spades@1.08;branch=topClub-strongSpadeShapeOverride->Spades]
  slot tableau:0 KH conf=0.89 rank=rank-png-strong@0.89 {K:0.89 6:0.82 8:0.80 5:0.79} suit=suit-png@0.99 {H:0.95 D:0.81} post=[ink-ratio:red=0.2685,black=0.0000,inkRed=true,inkRegion=header; cascade:firstFaceTop=837.7,bottomTop=937.5,faceUpStep=48.90,geomCount=3,finalCount=3,bottomRank=Jack,leadingRank=King,rankCount=3,diff=0,applied=false,boundary=[not-face-down@faceDownCount=0:teal=0.000,white=0.519,red=0.352,black=0.000],exposedIndex=0,distanceFromBottom=2]
  slot tableau:0:1 QC conf=0.86 rank=rank-png-strong@0.86 {Q:0.86 9:0.75 8:0.72 10:0.71} suit=suit-opencv@0.52 {S:0.91 C:0.89} post=[ocr=miss:empty; ink-ratio:red=0.0000,black=0.3426,inkRed=false,inkRegion=header; post-black-suit:Spades->Clubs; black-tiebreak2:full=C0.66/S0.66,top=C0.74/S0.69,shape=none;branch=topLeaderDirect->Clubs; cascade:firstFaceTop=837.7,bottomTop=937.5,faceUpStep=48.90,geomCount=3,finalCount=3,bottomRank=Jack,leadingRank=King,rankCount=3,diff=0,applied=false,boundary=[not-face-down@faceDownCount=0:teal=0.000,white=0.519,red=0.352,black=0.000],exposedIndex=1,distanceFromBottom=1; deck-constraint:QC~->QC]
  slot tableau:0:2 JH conf=0.83 rank=rank-png-strong@0.83 {J:0.83 4:0.71 7:0.70 3:0.68} suit=suit-png@0.98 {H:0.94 D:0.80} post=[ink-ratio:red=0.1689,black=0.0400,inkRed=true; cascade:firstFaceTop=837.7,bottomTop=937.5,faceUpStep=48.90,geomCount=3,finalCount=3,bottomRank=Jack,leadingRank=King,rankCount=3,diff=0,applied=false,boundary=[not-face-down@faceDownCount=0:teal=0.000,white=0.519,red=0.352,black=0.000]]
  slot tableau:2 KC conf=0.93 rank=rank-png-strong@0.93 {K:0.93 2:0.78 8:0.78 10:0.78} suit=suit-png@0.82 {S:0.90 C:0.88} post=[black-tiebreak:full=C0.88/S0.90,top=C0.82/S0.86,shape=Clubs@0.36;branch=topSpade-clubShapeVetoWins->Clubs; ink-ratio:red=0.0000,black=0.2361,inkRed=false; cascade:firstFaceTop=837.7,bottomTop=840.0,faceUpStep=48.90,geomCount=1,finalCount=1,bottomRank=King,leadingRank=King,rankCount=1,diff=0,applied=false,boundary=[ran-out-of-room]]
  slot tableau:3 KD conf=0.87 rank=rank-png-strong@0.87 {K:0.87 6:0.81 8:0.81 5:0.78} suit=suit-png@0.98 {D:0.94 H:0.84} post=[ink-ratio:red=0.2685,black=0.0000,inkRed=true,inkRegion=header; cascade:firstFaceTop=837.7,bottomTop=1081.0,faceUpStep=48.90,geomCount=6,finalCount=6,bottomRank=Eight,leadingRank=King,rankCount=6,diff=0,applied=false,boundary=[not-face-down@faceDownCount=0:teal=0.000,white=0.667,red=0.333,black=0.000],exposedIndex=0,distanceFromBottom=5]
  slot tableau:3:1 QS conf=0.91 rank=rank-png-strong@0.91 {Q:0.91 9:0.80 8:0.75 6:0.74} suit=suit-png@0.93 {S:0.93 C:0.87} post=[black-tiebreak:full=C0.87/S0.93,top=C0.81/S0.91,branch=wideMarginDirect->Spades; ink-ratio:red=0.0000,black=0.2778,inkRed=false,inkRegion=header; cascade:firstFaceTop=837.7,bottomTop=1081.0,faceUpStep=48.90,geomCount=6,finalCount=6,bottomRank=Eight,leadingRank=King,rankCount=6,diff=0,applied=false,boundary=[not-face-down@faceDownCount=0:teal=0.000,white=0.667,red=0.333,black=0.000],exposedIndex=1,distanceFromBottom=4]
  slot tableau:3:2 JD conf=0.88 rank=rank-png-strong@0.88 {J:0.88 4:0.82 7:0.73 A:0.72} suit=suit-png@0.97 {D:0.93 H:0.85} post=[ocr=miss:empty; ink-ratio:red=0.1759,black=0.0000,inkRed=true,inkRegion=header; cascade:firstFaceTop=837.7,bottomTop=1081.0,faceUpStep=48.90,geomCount=6,finalCount=6,bottomRank=Eight,leadingRank=King,rankCount=6,diff=0,applied=false,boundary=[not-face-down@faceDownCount=0:teal=0.000,white=0.667,red=0.333,black=0.000],exposedIndex=2,distanceFromBottom=3]
  slot tableau:3:3 10S~ conf=0.87 rank=rank-png-strong@0.87 {10:0.87 Q:0.74 8:0.71 9:0.70} suit=suit-png@0.89 {S:0.94 C:0.89} post=[black-tiebreak:full=C0.89/S0.94,top=C0.79/S0.89,shape=none;branch=topLeaderDirect->Spades; ink-ratio:red=0.0000,black=0.2870,inkRed=false,inkRegion=header; cascade:firstFaceTop=837.7,bottomTop=1081.0,faceUpStep=48.90,geomCount=6,finalCount=6,bottomRank=Eight,leadingRank=King,rankCount=6,diff=0,applied=false,boundary=[not-face-down@faceDownCount=0:teal=0.000,white=0.667,red=0.333,black=0.000],exposedIndex=3,distanceFromBottom=2; deck-constraint:10S->10S~]
  slot tableau:3:4 9D~ conf=0.81 rank=rank-png-strong@0.81 {9:0.81 8:0.80 2:0.78 K:0.78} suit=suit-png@0.96 {D:0.92 H:0.87} post=[ink-ratio:red=0.2222,black=0.0000,inkRed=true,inkRegion=header; cascade:firstFaceTop=837.7,bottomTop=1081.0,faceUpStep=48.90,geomCount=6,finalCount=6,bottomRank=Eight,leadingRank=King,rankCount=6,diff=0,applied=false,boundary=[not-face-down@faceDownCount=0:teal=0.000,white=0.667,red=0.333,black=0.000],exposedIndex=4,distanceFromBottom=1; deck-constraint:9D->9D~]
  slot tableau:3:5 8S conf=0.90 rank=rank-png-strong@0.90 {8:0.90 6:0.81 3:0.78 9:0.77} suit=suit-png@0.95 {S:0.95 C:0.88} post=[black-tiebreak:full=C0.88/S0.95,top=C0.79/S0.95,branch=wideMarginDirect->Spades; ink-ratio:red=0.0000,black=0.2200,inkRed=false; cascade:firstFaceTop=837.7,bottomTop=1081.0,faceUpStep=48.90,geomCount=6,finalCount=6,bottomRank=Eight,leadingRank=King,rankCount=6,diff=0,applied=false,boundary=[not-face-down@faceDownCount=0:teal=0.000,white=0.667,red=0.333,black=0.000]]
  slot tableau:4:1 5H conf=0.81 rank=rank-png-strong@0.81 {5:0.81 3:0.77 6:0.76 8:0.76} suit=suit-png@0.99 {H:0.95 D:0.81} post=[ink-ratio:red=0.2000,black=0.0000,inkRed=true; cascade:firstFaceTop=882.1,bottomTop=885.9,faceUpStep=48.90,geomCount=1,finalCount=1,bottomRank=Five,leadingRank=Five,rankCount=1,diff=0,applied=false,boundary=[ran-out-of-room]]
  slot tableau:5:4 9C~ conf=0.87 rank=rank-png-strong@0.87 {9:0.87 A:0.86 8:0.83 Q:0.82} suit=suit-png@0.93 {C:0.93 S:0.88} post=[black-tiebreak:full=C0.93/S0.88,top=C0.93/S0.82,shape=Spades@1.12;branch=topLeaderDirect->Clubs; ink-ratio:red=0.0000,black=0.1852,inkRed=false,inkRegion=header; cascade:firstFaceTop=1015.1,bottomTop=1276.0,faceUpStep=48.90,geomCount=6,finalCount=6,bottomRank=Four,leadingRank=Nine,rankCount=6,diff=0,applied=false,boundary=[not-face-down@faceDownCount=4:teal=0.315,white=0.593,red=0.000,black=0.056],exposedIndex=0,distanceFromBottom=5; deck-constraint:9C->9C~]
  slot tableau:5:5 8D~ conf=0.87 rank=rank-png-strong@0.87 {8:0.87 A:0.86 9:0.83 4:0.82} suit=suit-png@0.87 {D:0.87 H:0.76} post=[ink-ratio:red=0.1759,black=0.0370,inkRed=true,inkRegion=header; cascade:firstFaceTop=1015.1,bottomTop=1276.0,faceUpStep=48.90,geomCount=6,finalCount=6,bottomRank=Four,leadingRank=Nine,rankCount=6,diff=0,applied=false,boundary=[not-face-down@faceDownCount=4:teal=0.315,white=0.593,red=0.000,black=0.056],exposedIndex=1,distanceFromBottom=4; deck-constraint:8D->8D~]
  slot tableau:5:7 6D~ conf=0.87 rank=rank-png-strong@0.87 {6:0.87 A:0.83 4:0.81 8:0.81} suit=suit-png@0.87 {D:0.87 H:0.76} post=[ink-ratio:red=0.1852,black=0.0185,inkRed=true,inkRegion=header; cascade:firstFaceTop=1015.1,bottomTop=1276.0,faceUpStep=48.90,geomCount=6,finalCount=6,bottomRank=Four,leadingRank=Nine,rankCount=6,diff=0,applied=false,boundary=[not-face-down@faceDownCount=4:teal=0.315,white=0.593,red=0.000,black=0.056],exposedIndex=3,distanceFromBottom=2; deck-constraint:6D->6D~]
  slot tableau:5:8 5C~ conf=0.84 rank=rank-png-strong@0.84 {5:0.84 6:0.83 8:0.80 9:0.80} suit=suit-png@0.79 {C:0.79 D:0.79 H:0.72 S:0.67} post=[ink-ratio:red=0.0278,black=0.1759,inkRed=null,inkRegion=header; cascade:firstFaceTop=1015.1,bottomTop=1276.0,faceUpStep=48.90,geomCount=6,finalCount=6,bottomRank=Four,leadingRank=Nine,rankCount=6,diff=0,applied=false,boundary=[not-face-down@faceDownCount=4:teal=0.315,white=0.593,red=0.000,black=0.056],exposedIndex=4,distanceFromBottom=1; deck-constraint:5C->5C~]
  slot tableau:5:9 4H conf=0.89 rank=rank-png-strong@0.89 {4:0.89 A:0.74 J:0.71 8:0.66} suit=suit-png@0.99 {H:0.95 D:0.79} post=[ink-ratio:red=0.1875,black=0.0000,inkRed=true; cascade:firstFaceTop=1015.1,bottomTop=1276.0,faceUpStep=48.90,geomCount=6,finalCount=6,bottomRank=Four,leadingRank=Nine,rankCount=6,diff=0,applied=false,boundary=[not-face-down@faceDownCount=4:teal=0.315,white=0.593,red=0.000,black=0.056]]
  slot tableau:6:3 8C conf=0.93 rank=rank-png-strong@0.93 {8:0.93 9:0.84 6:0.83 A:0.83} suit=suit-png@0.91 {C:0.90 S:0.85} post=[black-tiebreak:full=C0.90/S0.85,top=C0.91/S0.83,shape=Spades@0.60;branch=topLeaderDirect->Clubs; ink-ratio:red=0.0000,black=0.2407,inkRed=false,inkRegion=header; cascade:firstFaceTop=970.7,bottomTop=1230.1,faceUpStep=48.90,geomCount=6,finalCount=6,bottomRank=Three,leadingRank=Eight,rankCount=6,diff=0,applied=false,boundary=[not-face-down@faceDownCount=3:teal=0.000,white=0.519,red=0.000,black=0.130],exposedIndex=0,distanceFromBottom=5]
  slot tableau:6:4 7D~ conf=0.95 rank=rank-png-strong@0.95 {7:0.95 2:0.86 3:0.77 J:0.76} suit=suit-png@0.98 {D:0.94 H:0.83} post=[ocr=miss:empty; ink-ratio:red=0.1759,black=0.0556,inkRed=true,inkRegion=header; cascade:firstFaceTop=970.7,bottomTop=1230.1,faceUpStep=48.90,geomCount=6,finalCount=6,bottomRank=Three,leadingRank=Eight,rankCount=6,diff=0,applied=false,boundary=[not-face-down@faceDownCount=3:teal=0.000,white=0.519,red=0.000,black=0.130],exposedIndex=1,distanceFromBottom=4; deck-constraint:7D->7D~]
  slot tableau:6:5 6C~ conf=0.92 rank=rank-png-strong@0.92 {6:0.92 A:0.83 8:0.83 5:0.83} suit=suit-png@0.92 {C:0.90 S:0.86} post=[black-tiebreak:full=C0.90/S0.86,top=C0.92/S0.84,shape=Spades@0.60;branch=topLeaderDirect->Clubs; ink-ratio:red=0.0000,black=0.2500,inkRed=false,inkRegion=header; cascade:firstFaceTop=970.7,bottomTop=1230.1,faceUpStep=48.90,geomCount=6,finalCount=6,bottomRank=Three,leadingRank=Eight,rankCount=6,diff=0,applied=false,boundary=[not-face-down@faceDownCount=3:teal=0.000,white=0.519,red=0.000,black=0.130],exposedIndex=2,distanceFromBottom=3; deck-constraint:6C->6C~]
  slot tableau:6:6 5D conf=0.94 rank=rank-png-strong@0.94 {5:0.94 6:0.83 K:0.81 9:0.80} suit=suit-png@0.96 {D:0.92 H:0.84} post=[ink-ratio:red=0.1574,black=0.0556,inkRed=true,inkRegion=header; cascade:firstFaceTop=970.7,bottomTop=1230.1,faceUpStep=48.90,geomCount=6,finalCount=6,bottomRank=Three,leadingRank=Eight,rankCount=6,diff=0,applied=false,boundary=[not-face-down@faceDownCount=3:teal=0.000,white=0.519,red=0.000,black=0.130],exposedIndex=3,distanceFromBottom=2]
  slot tableau:6:7 4C conf=0.95 rank=rank-png-strong@0.95 {4:0.95 A:0.86 6:0.75 J:0.74} suit=suit-png@0.91 {C:0.89 S:0.86} post=[black-tiebreak:full=C0.89/S0.86,top=C0.91/S0.85,shape=Spades@0.60;branch=topLeaderDirect->Clubs; ink-ratio:red=0.0000,black=0.2315,inkRed=false,inkRegion=header; cascade:firstFaceTop=970.7,bottomTop=1230.1,faceUpStep=48.90,geomCount=6,finalCount=6,bottomRank=Three,leadingRank=Eight,rankCount=6,diff=0,applied=false,boundary=[not-face-down@faceDownCount=3:teal=0.000,white=0.519,red=0.000,black=0.130],exposedIndex=4,distanceFromBottom=1]
  slot tableau:6:8 3H~ conf=0.82 rank=rank-png-strong@0.82 {3:0.82 J:0.77 8:0.76 2:0.73} suit=suit-png@0.94 {H:0.94 D:0.80} post=[ink-ratio:red=0.1898,black=0.0417,inkRed=true; cascade:firstFaceTop=970.7,bottomTop=1230.1,faceUpStep=48.90,geomCount=6,finalCount=6,bottomRank=Three,leadingRank=Eight,rankCount=6,diff=0,applied=false,boundary=[not-face-down@faceDownCount=3:teal=0.000,white=0.519,red=0.000,black=0.130]; deck-constraint:3H->3H~]
  slot waste JC conf=0.76 rank=rank-opencv@0.56 {Q:0.42 5:0.41 6:0.38 8:0.38} suit=suit-png@0.80 {C:0.80 S:0.71} post=[waste-fusion:legacy=Jack_Clubs,tight=Four_Clubs; whole@756,503,895,713:ocr=miss:empty;corner@756,503,817,566:ocr='J'@0.62; waste-ocr-rank:Jack; black-tiebreak:full=C0.80/S0.71,top=C0.66/S0.53,branch=wideMarginDirect->Clubs; ink-ratio:red=0.0000,black=0.1157,inkRed=false; ocr=miss:empty; ink-ratio:red=0.0000,black=0.1358,inkRed=false]
18:02:52.137 OUTCOME=ARROW status=Best: Draw from stock score=8.0 (draw) 267ms conf=0.75 known=27
  frame=1080x2340 elapsed=267ms conf=0.75 knownFaceUp=27
  timing: queueDelay=98ms detect=267ms select=1ms total=366ms
  move=Draw from stock score=8.0 rationale=draw
  runner-up:
    1. Foundation 3 -> Tableau 5 score=-57.0 (pull-from-foundation)
    2. Foundation 2 -> Tableau 7 score=-57.0 (pull-from-foundation)
    3. Tableau 7 -> Tableau 5 score=-207.0 (defer-no-reveal-stack,lookahead+10.0,reversible)
  from=(991,608) to=(729,608)
  signature=Six_Spades|Four_Diamonds;Two_Clubs;Four_Spades;-|King_Hearts,Queen_Clubs,Jack_Hearts;;King_Clubs;King_Diamonds,Queen_Spades,Jack_Diamonds,Ten_Spades,Nine_Diamonds,Eight_Spades;D,Five_Hearts;D,D,D,D,Nine_Clubs,Eight_Diamonds,Seven_Clubs,Six_Diamonds,Five_Clubs,Four_Hearts;D,D,D,Eight_Clubs,Seven_Diamonds,Six_Clubs,Five_Diamonds,Four_Clubs,Three_Hearts
  diag: boardConfidence=0.85
  diag: profile=solitaire_smash_s25
  diag: stock=face-down-stock
  diag: foundation0=match-Four-Diamonds@0.90:FD
  diag: foundation1=match-Two-Clubs@0.83:TC
  diag: foundation2=match-Four-Spades@0.90:FS
  diag: foundation3=empty-color:null
  diag: tableau0.faceScan=rowHeight=5.74,lastWhiteBottom=1130.3,whiteRows=50,minimumRows=7,breakY=1164.7
  diag: tableau0.region=937.5-1130.3
  diag: tableau0=King_Diamonds,Queen_Clubs,Jack_Diamonds
  diag: tableau1.faceScan=rowHeight=5.74,lastWhiteBottom=1027.0,whiteRows=1,minimumRows=7,breakY=1061.5
  diag: tableau1=
  diag: tableau2.faceScan=rowHeight=5.74,lastWhiteBottom=1032.8,whiteRows=34,minimumRows=7,breakY=1067.2
  diag: tableau2.region=840.0-1032.8
  diag: tableau2=King_Clubs
  diag: tableau3.faceScan=rowHeight=5.74,lastWhiteBottom=1273.7,whiteRows=73,minimumRows=7,breakY=1308.1
  diag: tableau3.region=1081.0-1273.7
  diag: tableau3=King_Diamonds,Queen_Clubs,Jack_Diamonds,Ten_Clubs,Nine_Diamonds,Eight_Clubs
  diag: tableau4.faceScan=rowHeight=5.74,lastWhiteBottom=1078.7,whiteRows=35,minimumRows=7,breakY=1113.1
  diag: tableau4.region=885.9-1078.7
  diag: tableau4=D,Five_Hearts
  diag: tableau5.faceScan=rowHeight=5.74,lastWhiteBottom=1468.8,whiteRows=78,minimumRows=7,breakY=1503.2
  diag: tableau5.region=1276.0-1468.8
  diag: tableau5=D,D,D,D,Nine_Clubs,Eight_Diamonds,Seven_Clubs,Six_Diamonds,Five_Clubs,Four_Diamonds
  diag: tableau6.faceScan=rowHeight=5.74,lastWhiteBottom=1422.9,whiteRows=79,minimumRows=7,breakY=1457.3
  diag: tableau6.region=1230.1-1422.9
  diag: tableau6=D,D,D,Eight_Clubs,Seven_Diamonds,Six_Clubs,Five_Diamonds,Four_Clubs,Three_Diamonds
  diag: wasteOcr:relevant=true,ms=85,overlapped=true
  diag: waste=fused-Six-Clubs:SC
  diag: waste-regions=exact:660-798:match-Four-Clubs@0.56,legacy:750-907:no-card-face
  diag: waste-rank-scores={Ace=0.38053098, Two=0.28167203, Three=0.37271005, Four=0.36214605, Five=0.40846825, Six=0.38226482, Seven=0.15696888, Eight=0.38154194, Nine=0.35785756, Ten=0.34920636, Jack=0.375, Queen=0.42412698, King=0.34129694}
  diag: waste-suit-scores={Clubs=0.79936475, Spades=0.7149271}
  diag: whole@659,503,798,713:ocr=miss:empty;corner@659,503,720,566:ocr='J'@0.62
  diag: livePlayScreen=true
  diag: gameFooter=true
  diag: lobbyScreen=false
  diag: knownFaceUp=27
  diag: timing:total=266ms,tableau=103ms[c0=50,c1=2,c2=4,c3=17,c4=4,c5=13,c6=12],scrub=0ms,deckConstraint=1ms,recognize:hits=29,misses=2,missTime=99ms,missReason:newKey=0,fingerprint=2,bounds=0
  recognition:
  slot foundation:0 4D conf=0.90 rank=rank-png-strong@0.90 {4:0.90 A:0.72 J:0.68 8:0.63} suit=suit-png@0.96 {D:0.92 H:0.82} post=[ink-ratio:red=0.1584,black=0.0000,inkRed=true]
  slot foundation:1 2C conf=0.83 rank=rank-png-strong@0.83 {2:0.83 7:0.77 J:0.72 3:0.72} suit=suit-png@0.81 {C:0.81 S:0.74} post=[black-tiebreak:full=C0.81/S0.74,top=C0.58/S0.52,branch=wideMarginDirect->Clubs; ink-ratio:red=0.0000,black=0.1811,inkRed=false]
  slot foundation:2 4S conf=0.90 rank=rank-png-strong@0.90 {4:0.90 A:0.71 J:0.69 8:0.63} suit=suit-png@0.48 {C:0.81 S:0.78} post=[black-tiebreak:full=C0.81/S0.78,top=C0.53/S0.48,shape=Spades@1.08;branch=topClub-strongSpadeShapeOverride->Spades; ink-ratio:red=0.0000,black=0.1667,inkRed=false; black-tiebreak2:full=C0.81/S0.78,top=C0.53/S0.48,shape=Spades@1.08;branch=topClub-strongSpadeShapeOverride->Spades]
  slot tableau:0 KH conf=0.89 rank=rank-png-strong@0.89 {K:0.89 6:0.82 8:0.80 5:0.79} suit=suit-png@0.99 {H:0.95 D:0.81} post=[ink-ratio:red=0.2685,black=0.0000,inkRed=true,inkRegion=header; cascade:firstFaceTop=837.7,bottomTop=937.5,faceUpStep=48.90,geomCount=3,finalCount=3,bottomRank=Jack,leadingRank=King,rankCount=3,diff=0,applied=false,boundary=[not-face-down@faceDownCount=0:teal=0.000,white=0.519,red=0.352,black=0.000],exposedIndex=0,distanceFromBottom=2]
  slot tableau:0:1 QC conf=0.86 rank=rank-png-strong@0.86 {Q:0.86 9:0.75 8:0.72 10:0.71} suit=suit-opencv@0.52 {S:0.91 C:0.89} post=[ocr=miss:empty; ink-ratio:red=0.0000,black=0.3426,inkRed=false,inkRegion=header; post-black-suit:Spades->Clubs; black-tiebreak2:full=C0.66/S0.66,top=C0.74/S0.69,shape=none;branch=topLeaderDirect->Clubs; cascade:firstFaceTop=837.7,bottomTop=937.5,faceUpStep=48.90,geomCount=3,finalCount=3,bottomRank=Jack,leadingRank=King,rankCount=3,diff=0,applied=false,boundary=[not-face-down@faceDownCount=0:teal=0.000,white=0.519,red=0.352,black=0.000],exposedIndex=1,distanceFromBottom=1; deck-constraint:QC~->QC]
  slot tableau:0:2 JH conf=0.83 rank=rank-png-strong@0.83 {J:0.83 4:0.71 7:0.70 3:0.68} suit=suit-png@0.98 {H:0.94 D:0.80} post=[ink-ratio:red=0.1689,black=0.0400,inkRed=true; cascade:firstFaceTop=837.7,bottomTop=937.5,faceUpStep=48.90,geomCount=3,finalCount=3,bottomRank=Jack,leadingRank=King,rankCount=3,diff=0,applied=false,boundary=[not-face-down@faceDownCount=0:teal=0.000,white=0.519,red=0.352,black=0.000]]
  slot tableau:2 KC conf=0.93 rank=rank-png-strong@0.93 {K:0.93 2:0.78 8:0.78 10:0.78} suit=suit-png@0.82 {S:0.90 C:0.88} post=[black-tiebreak:full=C0.88/S0.90,top=C0.82/S0.86,shape=Clubs@0.36;branch=topSpade-clubShapeVetoWins->Clubs; ink-ratio:red=0.0000,black=0.2361,inkRed=false; cascade:firstFaceTop=837.7,bottomTop=840.0,faceUpStep=48.90,geomCount=1,finalCount=1,bottomRank=King,leadingRank=King,rankCount=1,diff=0,applied=false,boundary=[ran-out-of-room]]
  slot tableau:3 KD conf=0.87 rank=rank-png-strong@0.87 {K:0.87 6:0.81 8:0.81 5:0.78} suit=suit-png@0.98 {D:0.94 H:0.84} post=[ink-ratio:red=0.2685,black=0.0000,inkRed=true,inkRegion=header; cascade:firstFaceTop=837.7,bottomTop=1081.0,faceUpStep=48.90,geomCount=6,finalCount=6,bottomRank=Eight,leadingRank=King,rankCount=6,diff=0,applied=false,boundary=[not-face-down@faceDownCount=0:teal=0.000,white=0.667,red=0.333,black=0.000],exposedIndex=0,distanceFromBottom=5]
  slot tableau:3:1 QS conf=0.91 rank=rank-png-strong@0.91 {Q:0.91 9:0.80 8:0.75 6:0.74} suit=suit-png@0.93 {S:0.93 C:0.87} post=[black-tiebreak:full=C0.87/S0.93,top=C0.81/S0.91,branch=wideMarginDirect->Spades; ink-ratio:red=0.0000,black=0.2778,inkRed=false,inkRegion=header; cascade:firstFaceTop=837.7,bottomTop=1081.0,faceUpStep=48.90,geomCount=6,finalCount=6,bottomRank=Eight,leadingRank=King,rankCount=6,diff=0,applied=false,boundary=[not-face-down@faceDownCount=0:teal=0.000,white=0.667,red=0.333,black=0.000],exposedIndex=1,distanceFromBottom=4]
  slot tableau:3:2 JD conf=0.88 rank=rank-png-strong@0.88 {J:0.88 4:0.82 7:0.73 A:0.72} suit=suit-png@0.97 {D:0.93 H:0.85} post=[ocr=miss:empty; ink-ratio:red=0.1759,black=0.0000,inkRed=true,inkRegion=header; cascade:firstFaceTop=837.7,bottomTop=1081.0,faceUpStep=48.90,geomCount=6,finalCount=6,bottomRank=Eight,leadingRank=King,rankCount=6,diff=0,applied=false,boundary=[not-face-down@faceDownCount=0:teal=0.000,white=0.667,red=0.333,black=0.000],exposedIndex=2,distanceFromBottom=3]
  slot tableau:3:3 10S~ conf=0.87 rank=rank-png-strong@0.87 {10:0.87 Q:0.74 8:0.71 9:0.70} suit=suit-png@0.89 {S:0.94 C:0.89} post=[black-tiebreak:full=C0.89/S0.94,top=C0.79/S0.89,shape=none;branch=topLeaderDirect->Spades; ink-ratio:red=0.0000,black=0.2870,inkRed=false,inkRegion=header; cascade:firstFaceTop=837.7,bottomTop=1081.0,faceUpStep=48.90,geomCount=6,finalCount=6,bottomRank=Eight,leadingRank=King,rankCount=6,diff=0,applied=false,boundary=[not-face-down@faceDownCount=0:teal=0.000,white=0.667,red=0.333,black=0.000],exposedIndex=3,distanceFromBottom=2; deck-constraint:10S->10S~]
  slot tableau:3:4 9D~ conf=0.81 rank=rank-png-strong@0.81 {9:0.81 8:0.80 2:0.78 K:0.78} suit=suit-png@0.96 {D:0.92 H:0.87} post=[ink-ratio:red=0.2222,black=0.0000,inkRed=true,inkRegion=header; cascade:firstFaceTop=837.7,bottomTop=1081.0,faceUpStep=48.90,geomCount=6,finalCount=6,bottomRank=Eight,leadingRank=King,rankCount=6,diff=0,applied=false,boundary=[not-face-down@faceDownCount=0:teal=0.000,white=0.667,red=0.333,black=0.000],exposedIndex=4,distanceFromBottom=1; deck-constraint:9D->9D~]
  slot tableau:3:5 8S conf=0.90 rank=rank-png-strong@0.90 {8:0.90 6:0.81 3:0.78 9:0.77} suit=suit-png@0.95 {S:0.95 C:0.88} post=[black-tiebreak:full=C0.88/S0.95,top=C0.79/S0.95,branch=wideMarginDirect->Spades; ink-ratio:red=0.0000,black=0.2200,inkRed=false; cascade:firstFaceTop=837.7,bottomTop=1081.0,faceUpStep=48.90,geomCount=6,finalCount=6,bottomRank=Eight,leadingRank=King,rankCount=6,diff=0,applied=false,boundary=[not-face-down@faceDownCount=0:teal=0.000,white=0.667,red=0.333,black=0.000]]
  slot tableau:4:1 5H conf=0.81 rank=rank-png-strong@0.81 {5:0.81 3:0.77 6:0.76 8:0.76} suit=suit-png@0.99 {H:0.95 D:0.81} post=[ink-ratio:red=0.2000,black=0.0000,inkRed=true; cascade:firstFaceTop=882.1,bottomTop=885.9,faceUpStep=48.90,geomCount=1,finalCount=1,bottomRank=Five,leadingRank=Five,rankCount=1,diff=0,applied=false,boundary=[ran-out-of-room]]
  slot tableau:5:4 9C~ conf=0.87 rank=rank-png-strong@0.87 {9:0.87 A:0.86 8:0.83 Q:0.82} suit=suit-png@0.93 {C:0.93 S:0.88} post=[black-tiebreak:full=C0.93/S0.88,top=C0.93/S0.82,shape=Spades@1.12;branch=topLeaderDirect->Clubs; ink-ratio:red=0.0000,black=0.1852,inkRed=false,inkRegion=header; cascade:firstFaceTop=1015.1,bottomTop=1276.0,faceUpStep=48.90,geomCount=6,finalCount=6,bottomRank=Four,leadingRank=Nine,rankCount=6,diff=0,applied=false,boundary=[not-face-down@faceDownCount=4:teal=0.315,white=0.593,red=0.000,black=0.056],exposedIndex=0,distanceFromBottom=5; deck-constraint:9C->9C~]
  slot tableau:5:5 8D~ conf=0.87 rank=rank-png-strong@0.87 {8:0.87 A:0.86 9:0.83 4:0.82} suit=suit-png@0.87 {D:0.87 H:0.76} post=[ink-ratio:red=0.1759,black=0.0370,inkRed=true,inkRegion=header; cascade:firstFaceTop=1015.1,bottomTop=1276.0,faceUpStep=48.90,geomCount=6,finalCount=6,bottomRank=Four,leadingRank=Nine,rankCount=6,diff=0,applied=false,boundary=[not-face-down@faceDownCount=4:teal=0.315,white=0.593,red=0.000,black=0.056],exposedIndex=1,distanceFromBottom=4; deck-constraint:8D->8D~]
  slot tableau:5:7 6D~ conf=0.87 rank=rank-png-strong@0.87 {6:0.87 A:0.83 4:0.81 8:0.81} suit=suit-png@0.87 {D:0.87 H:0.76} post=[ink-ratio:red=0.1852,black=0.0185,inkRed=true,inkRegion=header; cascade:firstFaceTop=1015.1,bottomTop=1276.0,faceUpStep=48.90,geomCount=6,finalCount=6,bottomRank=Four,leadingRank=Nine,rankCount=6,diff=0,applied=false,boundary=[not-face-down@faceDownCount=4:teal=0.315,white=0.593,red=0.000,black=0.056],exposedIndex=3,distanceFromBottom=2; deck-constraint:6D->6D~]
  slot tableau:5:8 5C~ conf=0.84 rank=rank-png-strong@0.84 {5:0.84 6:0.83 8:0.80 9:0.80} suit=suit-png@0.79 {C:0.79 D:0.79 H:0.72 S:0.67} post=[ink-ratio:red=0.0278,black=0.1759,inkRed=null,inkRegion=header; cascade:firstFaceTop=1015.1,bottomTop=1276.0,faceUpStep=48.90,geomCount=6,finalCount=6,bottomRank=Four,leadingRank=Nine,rankCount=6,diff=0,applied=false,boundary=[not-face-down@faceDownCount=4:teal=0.315,white=0.593,red=0.000,black=0.056],exposedIndex=4,distanceFromBottom=1; deck-constraint:5C->5C~]
  slot tableau:5:9 4H conf=0.89 rank=rank-png-strong@0.89 {4:0.89 A:0.74 J:0.71 8:0.66} suit=suit-png@0.99 {H:0.95 D:0.79} post=[ink-ratio:red=0.1875,black=0.0000,inkRed=true; cascade:firstFaceTop=1015.1,bottomTop=1276.0,faceUpStep=48.90,geomCount=6,finalCount=6,bottomRank=Four,leadingRank=Nine,rankCount=6,diff=0,applied=false,boundary=[not-face-down@faceDownCount=4:teal=0.315,white=0.593,red=0.000,black=0.056]]
  slot tableau:6:3 8C conf=0.93 rank=rank-png-strong@0.93 {8:0.93 9:0.84 6:0.83 A:0.83} suit=suit-png@0.91 {C:0.90 S:0.85} post=[black-tiebreak:full=C0.90/S0.85,top=C0.91/S0.83,shape=Spades@0.60;branch=topLeaderDirect->Clubs; ink-ratio:red=0.0000,black=0.2407,inkRed=false,inkRegion=header; cascade:firstFaceTop=970.7,bottomTop=1230.1,faceUpStep=48.90,geomCount=6,finalCount=6,bottomRank=Three,leadingRank=Eight,rankCount=6,diff=0,applied=false,boundary=[not-face-down@faceDownCount=3:teal=0.000,white=0.519,red=0.000,black=0.130],exposedIndex=0,distanceFromBottom=5]
  slot tableau:6:4 7D~ conf=0.95 rank=rank-png-strong@0.95 {7:0.95 2:0.86 3:0.77 J:0.76} suit=suit-png@0.98 {D:0.94 H:0.83} post=[ocr=miss:empty; ink-ratio:red=0.1759,black=0.0556,inkRed=true,inkRegion=header; cascade:firstFaceTop=970.7,bottomTop=1230.1,faceUpStep=48.90,geomCount=6,finalCount=6,bottomRank=Three,leadingRank=Eight,rankCount=6,diff=0,applied=false,boundary=[not-face-down@faceDownCount=3:teal=0.000,white=0.519,red=0.000,black=0.130],exposedIndex=1,distanceFromBottom=4; deck-constraint:7D->7D~]
  slot tableau:6:5 6C~ conf=0.92 rank=rank-png-strong@0.92 {6:0.92 A:0.83 8:0.83 5:0.83} suit=suit-png@0.92 {C:0.90 S:0.86} post=[black-tiebreak:full=C0.90/S0.86,top=C0.92/S0.84,shape=Spades@0.60;branch=topLeaderDirect->Clubs; ink-ratio:red=0.0000,black=0.2500,inkRed=false,inkRegion=header; cascade:firstFaceTop=970.7,bottomTop=1230.1,faceUpStep=48.90,geomCount=6,finalCount=6,bottomRank=Three,leadingRank=Eight,rankCount=6,diff=0,applied=false,boundary=[not-face-down@faceDownCount=3:teal=0.000,white=0.519,red=0.000,black=0.130],exposedIndex=2,distanceFromBottom=3; deck-constraint:6C->6C~]
  slot tableau:6:6 5D conf=0.94 rank=rank-png-strong@0.94 {5:0.94 6:0.83 K:0.81 9:0.80} suit=suit-png@0.96 {D:0.92 H:0.84} post=[ink-ratio:red=0.1574,black=0.0556,inkRed=true,inkRegion=header; cascade:firstFaceTop=970.7,bottomTop=1230.1,faceUpStep=48.90,geomCount=6,finalCount=6,bottomRank=Three,leadingRank=Eight,rankCount=6,diff=0,applied=false,boundary=[not-face-down@faceDownCount=3:teal=0.000,white=0.519,red=0.000,black=0.130],exposedIndex=3,distanceFromBottom=2]
  slot tableau:6:7 4C conf=0.95 rank=rank-png-strong@0.95 {4:0.95 A:0.86 6:0.75 J:0.74} suit=suit-png@0.91 {C:0.89 S:0.86} post=[black-tiebreak:full=C0.89/S0.86,top=C0.91/S0.85,shape=Spades@0.60;branch=topLeaderDirect->Clubs; ink-ratio:red=0.0000,black=0.2315,inkRed=false,inkRegion=header; cascade:firstFaceTop=970.7,bottomTop=1230.1,faceUpStep=48.90,geomCount=6,finalCount=6,bottomRank=Three,leadingRank=Eight,rankCount=6,diff=0,applied=false,boundary=[not-face-down@faceDownCount=3:teal=0.000,white=0.519,red=0.000,black=0.130],exposedIndex=4,distanceFromBottom=1]
  slot tableau:6:8 3H~ conf=0.82 rank=rank-png-strong@0.82 {3:0.82 J:0.77 8:0.76 2:0.73} suit=suit-png@0.94 {H:0.94 D:0.80} post=[ink-ratio:red=0.1898,black=0.0417,inkRed=true; cascade:firstFaceTop=970.7,bottomTop=1230.1,faceUpStep=48.90,geomCount=6,finalCount=6,bottomRank=Three,leadingRank=Eight,rankCount=6,diff=0,applied=false,boundary=[not-face-down@faceDownCount=3:teal=0.000,white=0.519,red=0.000,black=0.130]; deck-constraint:3H->3H~]
  slot waste 6S conf=0.56 rank=rank-opencv@0.56 {Q:0.42 5:0.41 6:0.38 8:0.38} suit=suit-png@0.80 {C:0.80 S:0.71} post=[waste-fusion:legacy=null,tight=Four_Clubs; whole@659,503,798,713:ocr=miss:empty;corner@659,503,720,566:ocr='J'@0.62; ocr=miss:empty; black-tiebreak:full=C0.80/S0.71,top=C0.66/S0.53,branch=wideMarginDirect->Clubs; ink-ratio:red=0.0000,black=0.1358,inkRed=false; deck-constraint:6C->6S]
18:02:52.401 OUTCOME=ARROW status=Best: Draw from stock score=8.0 (draw) 257ms conf=0.89 known=27
  frame=1080x2340 elapsed=257ms conf=0.89 knownFaceUp=27
  timing: queueDelay=77ms detect=257ms select=2ms total=336ms
  move=Draw from stock score=8.0 rationale=draw
  runner-up:
    1. Foundation 3 -> Tableau 5 score=-57.0 (pull-from-foundation)
    2. Foundation 2 -> Tableau 7 score=-57.0 (pull-from-foundation)
    3. Tableau 7 -> Tableau 5 score=-207.0 (defer-no-reveal-stack,lookahead+10.0,reversible)
  from=(991,608) to=(835,608)
  signature=Ten_Hearts|Four_Diamonds;Two_Clubs;Four_Spades;-|King_Hearts,Queen_Clubs,Jack_Hearts;;King_Clubs;King_Diamonds,Queen_Spades,Jack_Diamonds,Ten_Spades,Nine_Diamonds,Eight_Spades;D,Five_Hearts;D,D,D,D,Nine_Clubs,Eight_Diamonds,Seven_Clubs,Six_Diamonds,Five_Clubs,Four_Hearts;D,D,D,Eight_Clubs,Seven_Diamonds,Six_Spades,Five_Diamonds,Four_Clubs,Three_Hearts
  diag: boardConfidence=0.85
  diag: profile=solitaire_smash_s25
  diag: stock=face-down-stock
  diag: foundation0=match-Four-Diamonds@0.90:FD
  diag: foundation1=match-Two-Clubs@0.83:TC
  diag: foundation2=match-Four-Spades@0.90:FS
  diag: foundation3=empty-color:null
  diag: tableau0.faceScan=rowHeight=5.74,lastWhiteBottom=1130.3,whiteRows=50,minimumRows=7,breakY=1164.7
  diag: tableau0.region=937.5-1130.3
  diag: tableau0=King_Diamonds,Queen_Clubs,Jack_Diamonds
  diag: tableau1.faceScan=rowHeight=5.74,lastWhiteBottom=1027.0,whiteRows=1,minimumRows=7,breakY=1061.5
  diag: tableau1=
  diag: tableau2.faceScan=rowHeight=5.74,lastWhiteBottom=1032.8,whiteRows=34,minimumRows=7,breakY=1067.2
  diag: tableau2.region=840.0-1032.8
  diag: tableau2=King_Clubs
  diag: tableau3.faceScan=rowHeight=5.74,lastWhiteBottom=1273.7,whiteRows=73,minimumRows=7,breakY=1308.1
  diag: tableau3.region=1081.0-1273.7
  diag: tableau3=King_Diamonds,Queen_Clubs,Jack_Diamonds,Ten_Clubs,Nine_Diamonds,Eight_Clubs
  diag: tableau4.faceScan=rowHeight=5.74,lastWhiteBottom=1078.7,whiteRows=35,minimumRows=7,breakY=1113.1
  diag: tableau4.region=885.9-1078.7
  diag: tableau4=D,Five_Hearts
  diag: tableau5.faceScan=rowHeight=5.74,lastWhiteBottom=1468.8,whiteRows=78,minimumRows=7,breakY=1503.2
  diag: tableau5.region=1276.0-1468.8
  diag: tableau5=D,D,D,D,Nine_Clubs,Eight_Diamonds,Seven_Clubs,Six_Diamonds,Five_Clubs,Four_Diamonds
  diag: tableau6.faceScan=rowHeight=5.74,lastWhiteBottom=1422.9,whiteRows=79,minimumRows=7,breakY=1457.3
  diag: tableau6.region=1230.1-1422.9
  diag: tableau6=D,D,D,Eight_Clubs,Seven_Diamonds,Six_Clubs,Five_Diamonds,Four_Clubs,Three_Diamonds
  diag: wasteOcr:relevant=true,ms=41,overlapped=true
  diag: waste=fused-Ten-Hearts:TH
  diag: waste-regions=exact:766-904:match-Ten-Hearts@0.62,legacy:750-907:match-Ten-Hearts@0.96
  diag: waste-rank-scores={Ace=0.50439024, Two=0.55599606, Three=0.52981424, Four=0.4836811, Five=0.55969065, Six=0.6172608, Seven=0.41140303, Eight=0.6028708, Nine=0.53931546, Ten=0.58502775, Jack=0.47035572, Queen=0.53974485, King=0.5484016}
  diag: waste-suit-scores={Hearts=0.96583146, Diamonds=0.87296414}
  diag: whole@765,503,904,713:ocr='10'@0.62
  diag: waste-ocr-rank=Ten
  diag: livePlayScreen=true
  diag: gameFooter=true
  diag: lobbyScreen=false
  diag: knownFaceUp=27
  diag: timing:total=254ms,tableau=116ms[c0=62,c1=2,c2=4,c3=16,c4=5,c5=14,c6=13],scrub=0ms,deckConstraint=1ms,recognize:hits=29,misses=2,missTime=138ms,missReason:newKey=0,fingerprint=2,bounds=0
  recognition:
  slot foundation:0 4D conf=0.90 rank=rank-png-strong@0.90 {4:0.90 A:0.72 J:0.68 8:0.63} suit=suit-png@0.96 {D:0.92 H:0.82} post=[ink-ratio:red=0.1584,black=0.0000,inkRed=true]
  slot foundation:1 2C conf=0.83 rank=rank-png-strong@0.83 {2:0.83 7:0.77 J:0.72 3:0.72} suit=suit-png@0.81 {C:0.81 S:0.74} post=[black-tiebreak:full=C0.81/S0.74,top=C0.58/S0.52,branch=wideMarginDirect->Clubs; ink-ratio:red=0.0000,black=0.1811,inkRed=false]
  slot foundation:2 4S conf=0.90 rank=rank-png-strong@0.90 {4:0.90 A:0.71 J:0.69 8:0.63} suit=suit-png@0.48 {C:0.81 S:0.78} post=[black-tiebreak:full=C0.81/S0.78,top=C0.53/S0.48,shape=Spades@1.08;branch=topClub-strongSpadeShapeOverride->Spades; ink-ratio:red=0.0000,black=0.1667,inkRed=false; black-tiebreak2:full=C0.81/S0.78,top=C0.53/S0.48,shape=Spades@1.08;branch=topClub-strongSpadeShapeOverride->Spades]
  slot tableau:0 KH conf=0.89 rank=rank-png-strong@0.89 {K:0.89 6:0.82 8:0.80 5:0.79} suit=suit-png@0.99 {H:0.95 D:0.81} post=[ink-ratio:red=0.2685,black=0.0000,inkRed=true,inkRegion=header; cascade:firstFaceTop=837.7,bottomTop=937.5,faceUpStep=48.90,geomCount=3,finalCount=3,bottomRank=Jack,leadingRank=King,rankCount=3,diff=0,applied=false,boundary=[not-face-down@faceDownCount=0:teal=0.000,white=0.519,red=0.352,black=0.000],exposedIndex=0,distanceFromBottom=2]
  slot tableau:0:1 QC conf=0.86 rank=rank-png-strong@0.86 {Q:0.86 9:0.75 8:0.72 10:0.71} suit=suit-opencv@0.52 {S:0.91 C:0.89} post=[ocr=miss:empty; ink-ratio:red=0.0000,black=0.3426,inkRed=false,inkRegion=header; post-black-suit:Spades->Clubs; black-tiebreak2:full=C0.66/S0.66,top=C0.74/S0.69,shape=none;branch=topLeaderDirect->Clubs; cascade:firstFaceTop=837.7,bottomTop=937.5,faceUpStep=48.90,geomCount=3,finalCount=3,bottomRank=Jack,leadingRank=King,rankCount=3,diff=0,applied=false,boundary=[not-face-down@faceDownCount=0:teal=0.000,white=0.519,red=0.352,black=0.000],exposedIndex=1,distanceFromBottom=1; deck-constraint:QC~->QC]
  slot tableau:0:2 JH conf=0.83 rank=rank-png-strong@0.83 {J:0.83 4:0.71 7:0.70 3:0.68} suit=suit-png@0.98 {H:0.94 D:0.80} post=[ink-ratio:red=0.1689,black=0.0400,inkRed=true; cascade:firstFaceTop=837.7,bottomTop=937.5,faceUpStep=48.90,geomCount=3,finalCount=3,bottomRank=Jack,leadingRank=King,rankCount=3,diff=0,applied=false,boundary=[not-face-down@faceDownCount=0:teal=0.000,white=0.519,red=0.352,black=0.000]]
  slot tableau:2 KC conf=0.93 rank=rank-png-strong@0.93 {K:0.93 2:0.78 8:0.78 10:0.78} suit=suit-png@0.82 {S:0.90 C:0.88} post=[black-tiebreak:full=C0.88/S0.90,top=C0.82/S0.86,shape=Clubs@0.36;branch=topSpade-clubShapeVetoWins->Clubs; ink-ratio:red=0.0000,black=0.2361,inkRed=false; cascade:firstFaceTop=837.7,bottomTop=840.0,faceUpStep=48.90,geomCount=1,finalCount=1,bottomRank=King,leadingRank=King,rankCount=1,diff=0,applied=false,boundary=[ran-out-of-room]]
  slot tableau:3 KD conf=0.87 rank=rank-png-strong@0.87 {K:0.87 6:0.81 8:0.81 5:0.78} suit=suit-png@0.98 {D:0.94 H:0.84} post=[ink-ratio:red=0.2685,black=0.0000,inkRed=true,inkRegion=header; cascade:firstFaceTop=837.7,bottomTop=1081.0,faceUpStep=48.90,geomCount=6,finalCount=6,bottomRank=Eight,leadingRank=King,rankCount=6,diff=0,applied=false,boundary=[not-face-down@faceDownCount=0:teal=0.000,white=0.667,red=0.333,black=0.000],exposedIndex=0,distanceFromBottom=5]
  slot tableau:3:1 QS conf=0.91 rank=rank-png-strong@0.91 {Q:0.91 9:0.80 8:0.75 6:0.74} suit=suit-png@0.93 {S:0.93 C:0.87} post=[black-tiebreak:full=C0.87/S0.93,top=C0.81/S0.91,branch=wideMarginDirect->Spades; ink-ratio:red=0.0000,black=0.2778,inkRed=false,inkRegion=header; cascade:firstFaceTop=837.7,bottomTop=1081.0,faceUpStep=48.90,geomCount=6,finalCount=6,bottomRank=Eight,leadingRank=King,rankCount=6,diff=0,applied=false,boundary=[not-face-down@faceDownCount=0:teal=0.000,white=0.667,red=0.333,black=0.000],exposedIndex=1,distanceFromBottom=4]
  slot tableau:3:2 JD conf=0.88 rank=rank-png-strong@0.88 {J:0.88 4:0.82 7:0.73 A:0.72} suit=suit-png@0.97 {D:0.93 H:0.85} post=[ocr=miss:empty; ink-ratio:red=0.1759,black=0.0000,inkRed=true,inkRegion=header; cascade:firstFaceTop=837.7,bottomTop=1081.0,faceUpStep=48.90,geomCount=6,finalCount=6,bottomRank=Eight,leadingRank=King,rankCount=6,diff=0,applied=false,boundary=[not-face-down@faceDownCount=0:teal=0.000,white=0.667,red=0.333,black=0.000],exposedIndex=2,distanceFromBottom=3]
  slot tableau:3:3 10S~ conf=0.87 rank=rank-png-strong@0.87 {10:0.87 Q:0.74 8:0.71 9:0.70} suit=suit-png@0.89 {S:0.94 C:0.89} post=[black-tiebreak:full=C0.89/S0.94,top=C0.79/S0.89,shape=none;branch=topLeaderDirect->Spades; ink-ratio:red=0.0000,black=0.2870,inkRed=false,inkRegion=header; cascade:firstFaceTop=837.7,bottomTop=1081.0,faceUpStep=48.90,geomCount=6,finalCount=6,bottomRank=Eight,leadingRank=King,rankCount=6,diff=0,applied=false,boundary=[not-face-down@faceDownCount=0:teal=0.000,white=0.667,red=0.333,black=0.000],exposedIndex=3,distanceFromBottom=2; deck-constraint:10S->10S~]
  slot tableau:3:4 9D~ conf=0.81 rank=rank-png-strong@0.81 {9:0.81 8:0.80 2:0.78 K:0.78} suit=suit-png@0.96 {D:0.92 H:0.87} post=[ink-ratio:red=0.2222,black=0.0000,inkRed=true,inkRegion=header; cascade:firstFaceTop=837.7,bottomTop=1081.0,faceUpStep=48.90,geomCount=6,finalCount=6,bottomRank=Eight,leadingRank=King,rankCount=6,diff=0,applied=false,boundary=[not-face-down@faceDownCount=0:teal=0.000,white=0.667,red=0.333,black=0.000],exposedIndex=4,distanceFromBottom=1; deck-constraint:9D->9D~]
  slot tableau:3:5 8S conf=0.90 rank=rank-png-strong@0.90 {8:0.90 6:0.81 3:0.78 9:0.77} suit=suit-png@0.95 {S:0.95 C:0.88} post=[black-tiebreak:full=C0.88/S0.95,top=C0.79/S0.95,branch=wideMarginDirect->Spades; ink-ratio:red=0.0000,black=0.2200,inkRed=false; cascade:firstFaceTop=837.7,bottomTop=1081.0,faceUpStep=48.90,geomCount=6,finalCount=6,bottomRank=Eight,leadingRank=King,rankCount=6,diff=0,applied=false,boundary=[not-face-down@faceDownCount=0:teal=0.000,white=0.667,red=0.333,black=0.000]]
  slot tableau:4:1 5H conf=0.81 rank=rank-png-strong@0.81 {5:0.81 3:0.77 6:0.76 8:0.76} suit=suit-png@0.99 {H:0.95 D:0.81} post=[ink-ratio:red=0.2000,black=0.0000,inkRed=true; cascade:firstFaceTop=882.1,bottomTop=885.9,faceUpStep=48.90,geomCount=1,finalCount=1,bottomRank=Five,leadingRank=Five,rankCount=1,diff=0,applied=false,boundary=[ran-out-of-room]]
  slot tableau:5:4 9C~ conf=0.87 rank=rank-png-strong@0.87 {9:0.87 A:0.86 8:0.83 Q:0.82} suit=suit-png@0.93 {C:0.93 S:0.88} post=[black-tiebreak:full=C0.93/S0.88,top=C0.93/S0.82,shape=Spades@1.12;branch=topLeaderDirect->Clubs; ink-ratio:red=0.0000,black=0.1852,inkRed=false,inkRegion=header; cascade:firstFaceTop=1015.1,bottomTop=1276.0,faceUpStep=48.90,geomCount=6,finalCount=6,bottomRank=Four,leadingRank=Nine,rankCount=6,diff=0,applied=false,boundary=[not-face-down@faceDownCount=4:teal=0.315,white=0.593,red=0.000,black=0.056],exposedIndex=0,distanceFromBottom=5; deck-constraint:9C->9C~]
  slot tableau:5:5 8D~ conf=0.87 rank=rank-png-strong@0.87 {8:0.87 A:0.86 9:0.83 4:0.82} suit=suit-png@0.87 {D:0.87 H:0.76} post=[ink-ratio:red=0.1759,black=0.0370,inkRed=true,inkRegion=header; cascade:firstFaceTop=1015.1,bottomTop=1276.0,faceUpStep=48.90,geomCount=6,finalCount=6,bottomRank=Four,leadingRank=Nine,rankCount=6,diff=0,applied=false,boundary=[not-face-down@faceDownCount=4:teal=0.315,white=0.593,red=0.000,black=0.056],exposedIndex=1,distanceFromBottom=4; deck-constraint:8D->8D~]
  slot tableau:5:7 6D~ conf=0.87 rank=rank-png-strong@0.87 {6:0.87 A:0.83 4:0.81 8:0.81} suit=suit-png@0.87 {D:0.87 H:0.76} post=[ink-ratio:red=0.1852,black=0.0185,inkRed=true,inkRegion=header; cascade:firstFaceTop=1015.1,bottomTop=1276.0,faceUpStep=48.90,geomCount=6,finalCount=6,bottomRank=Four,leadingRank=Nine,rankCount=6,diff=0,applied=false,boundary=[not-face-down@faceDownCount=4:teal=0.315,white=0.593,red=0.000,black=0.056],exposedIndex=3,distanceFromBottom=2; deck-constraint:6D->6D~]
  slot tableau:5:8 5C~ conf=0.84 rank=rank-png-strong@0.84 {5:0.84 6:0.83 8:0.80 9:0.80} suit=suit-png@0.79 {C:0.79 D:0.79 H:0.72 S:0.67} post=[ink-ratio:red=0.0278,black=0.1759,inkRed=null,inkRegion=header; cascade:firstFaceTop=1015.1,bottomTop=1276.0,faceUpStep=48.90,geomCount=6,finalCount=6,bottomRank=Four,leadingRank=Nine,rankCount=6,diff=0,applied=false,boundary=[not-face-down@faceDownCount=4:teal=0.315,white=0.593,red=0.000,black=0.056],exposedIndex=4,distanceFromBottom=1; deck-constraint:5C->5C~]
  slot tableau:5:9 4H conf=0.89 rank=rank-png-strong@0.89 {4:0.89 A:0.74 J:0.71 8:0.66} suit=suit-png@0.99 {H:0.95 D:0.79} post=[ink-ratio:red=0.1875,black=0.0000,inkRed=true; cascade:firstFaceTop=1015.1,bottomTop=1276.0,faceUpStep=48.90,geomCount=6,finalCount=6,bottomRank=Four,leadingRank=Nine,rankCount=6,diff=0,applied=false,boundary=[not-face-down@faceDownCount=4:teal=0.315,white=0.593,red=0.000,black=0.056]]
  slot tableau:6:3 8C conf=0.93 rank=rank-png-strong@0.93 {8:0.93 9:0.84 6:0.83 A:0.83} suit=suit-png@0.91 {C:0.90 S:0.85} post=[black-tiebreak:full=C0.90/S0.85,top=C0.91/S0.83,shape=Spades@0.60;branch=topLeaderDirect->Clubs; ink-ratio:red=0.0000,black=0.2407,inkRed=false,inkRegion=header; cascade:firstFaceTop=970.7,bottomTop=1230.1,faceUpStep=48.90,geomCount=6,finalCount=6,bottomRank=Three,leadingRank=Eight,rankCount=6,diff=0,applied=false,boundary=[not-face-down@faceDownCount=3:teal=0.000,white=0.519,red=0.000,black=0.130],exposedIndex=0,distanceFromBottom=5]
  slot tableau:6:4 7D~ conf=0.95 rank=rank-png-strong@0.95 {7:0.95 2:0.86 3:0.77 J:0.76} suit=suit-png@0.98 {D:0.94 H:0.83} post=[ocr=miss:empty; ink-ratio:red=0.1759,black=0.0556,inkRed=true,inkRegion=header; cascade:firstFaceTop=970.7,bottomTop=1230.1,faceUpStep=48.90,geomCount=6,finalCount=6,bottomRank=Three,leadingRank=Eight,rankCount=6,diff=0,applied=false,boundary=[not-face-down@faceDownCount=3:teal=0.000,white=0.519,red=0.000,black=0.130],exposedIndex=1,distanceFromBottom=4; deck-constraint:7D->7D~]
  slot tableau:6:5 6C~ conf=0.92 rank=rank-png-strong@0.92 {6:0.92 A:0.83 8:0.83 5:0.83} suit=suit-png@0.92 {C:0.90 S:0.86} post=[black-tiebreak:full=C0.90/S0.86,top=C0.92/S0.84,shape=Spades@0.60;branch=topLeaderDirect->Clubs; ink-ratio:red=0.0000,black=0.2500,inkRed=false,inkRegion=header; cascade:firstFaceTop=970.7,bottomTop=1230.1,faceUpStep=48.90,geomCount=6,finalCount=6,bottomRank=Three,leadingRank=Eight,rankCount=6,diff=0,applied=false,boundary=[not-face-down@faceDownCount=3:teal=0.000,white=0.519,red=0.000,black=0.130],exposedIndex=2,distanceFromBottom=3; deck-constraint:6C->6C~]
  slot tableau:6:6 5D conf=0.94 rank=rank-png-strong@0.94 {5:0.94 6:0.83 K:0.81 9:0.80} suit=suit-png@0.96 {D:0.92 H:0.84} post=[ink-ratio:red=0.1574,black=0.0556,inkRed=true,inkRegion=header; cascade:firstFaceTop=970.7,bottomTop=1230.1,faceUpStep=48.90,geomCount=6,finalCount=6,bottomRank=Three,leadingRank=Eight,rankCount=6,diff=0,applied=false,boundary=[not-face-down@faceDownCount=3:teal=0.000,white=0.519,red=0.000,black=0.130],exposedIndex=3,distanceFromBottom=2]
  slot tableau:6:7 4C conf=0.95 rank=rank-png-strong@0.95 {4:0.95 A:0.86 6:0.75 J:0.74} suit=suit-png@0.91 {C:0.89 S:0.86} post=[black-tiebreak:full=C0.89/S0.86,top=C0.91/S0.85,shape=Spades@0.60;branch=topLeaderDirect->Clubs; ink-ratio:red=0.0000,black=0.2315,inkRed=false,inkRegion=header; cascade:firstFaceTop=970.7,bottomTop=1230.1,faceUpStep=48.90,geomCount=6,finalCount=6,bottomRank=Three,leadingRank=Eight,rankCount=6,diff=0,applied=false,boundary=[not-face-down@faceDownCount=3:teal=0.000,white=0.519,red=0.000,black=0.130],exposedIndex=4,distanceFromBottom=1]
  slot tableau:6:8 3H~ conf=0.82 rank=rank-png-strong@0.82 {3:0.82 J:0.77 8:0.76 2:0.73} suit=suit-png@0.94 {H:0.94 D:0.80} post=[ink-ratio:red=0.1898,black=0.0417,inkRed=true; cascade:firstFaceTop=970.7,bottomTop=1230.1,faceUpStep=48.90,geomCount=6,finalCount=6,bottomRank=Three,leadingRank=Eight,rankCount=6,diff=0,applied=false,boundary=[not-face-down@faceDownCount=3:teal=0.000,white=0.519,red=0.000,black=0.130]; deck-constraint:3H->3H~]
  slot waste 10H conf=0.96 rank=rank-ocr@0.62 {6:0.62 8:0.60 10:0.59 5:0.56} suit=suit-png@0.97 {H:0.97 D:0.87} post=[waste-fusion:legacy=Ten_Hearts,tight=Ten_Hearts; whole@765,503,904,713:ocr='10'@0.62; waste-ocr-rank:Ten; ink-ratio:red=0.2940,black=0.0000,inkRed=true; ocr='10'@0.62; ink-ratio:red=0.2942,black=0.0000,inkRed=true]
18:02:54.138 OUTCOME=ARROW status=Best: Draw from stock score=8.0 (draw) 284ms conf=0.80 known=27
  frame=1080x2340 elapsed=284ms conf=0.80 knownFaceUp=27
  timing: queueDelay=66ms detect=284ms select=2ms total=352ms
  move=Draw from stock score=8.0 rationale=draw
  runner-up:
    1. Foundation 3 -> Tableau 5 score=-57.0 (pull-from-foundation)
    2. Foundation 2 -> Tableau 7 score=-57.0 (pull-from-foundation)
    3. Tableau 7 -> Tableau 5 score=-207.0 (defer-no-reveal-stack,lookahead+10.0,reversible)
  from=(991,608) to=(835,608)
  signature=Ten_Diamonds|Four_Diamonds;Two_Clubs;Four_Spades;-|King_Hearts,Queen_Clubs,Jack_Hearts;;King_Clubs;King_Diamonds,Queen_Spades,Jack_Diamonds,Ten_Spades,Nine_Diamonds,Eight_Spades;D,Five_Hearts;D,D,D,D,Nine_Clubs,Eight_Diamonds,Seven_Clubs,Six_Diamonds,Five_Clubs,Four_Hearts;D,D,D,Eight_Clubs,Seven_Diamonds,Six_Spades,Five_Diamonds,Four_Clubs,Three_Hearts
  diag: boardConfidence=0.85
  diag: profile=solitaire_smash_s25
  diag: stock=face-down-stock
  diag: foundation0=match-Four-Diamonds@0.90:FD
  diag: foundation1=match-Two-Clubs@0.83:TC
  diag: foundation2=match-Four-Spades@0.90:FS
  diag: foundation3=empty-color:null
  diag: tableau0.faceScan=rowHeight=5.74,lastWhiteBottom=1130.3,whiteRows=50,minimumRows=7,breakY=1164.7
  diag: tableau0.region=937.5-1130.3
  diag: tableau0=King_Diamonds,Queen_Clubs,Jack_Diamonds
  diag: tableau1.faceScan=rowHeight=5.74,lastWhiteBottom=1027.0,whiteRows=1,minimumRows=7,breakY=1061.5
  diag: tableau1=
  diag: tableau2.faceScan=rowHeight=5.74,lastWhiteBottom=1032.8,whiteRows=34,minimumRows=7,breakY=1067.2
  diag: tableau2.region=840.0-1032.8
  diag: tableau2=King_Clubs
  diag: tableau3.faceScan=rowHeight=5.74,lastWhiteBottom=1273.7,whiteRows=73,minimumRows=7,breakY=1308.1
  diag: tableau3.region=1081.0-1273.7
  diag: tableau3=King_Diamonds,Queen_Clubs,Jack_Diamonds,Ten_Clubs,Nine_Diamonds,Eight_Clubs
  diag: tableau4.faceScan=rowHeight=5.74,lastWhiteBottom=1078.7,whiteRows=35,minimumRows=7,breakY=1113.1
  diag: tableau4.region=885.9-1078.7
  diag: tableau4=D,Five_Hearts
  diag: tableau5.faceScan=rowHeight=5.74,lastWhiteBottom=1468.8,whiteRows=78,minimumRows=7,breakY=1503.2
  diag: tableau5.region=1276.0-1468.8
  diag: tableau5=D,D,D,D,Nine_Clubs,Eight_Diamonds,Seven_Clubs,Six_Diamonds,Five_Clubs,Four_Diamonds
  diag: tableau6.faceScan=rowHeight=5.74,lastWhiteBottom=1422.9,whiteRows=79,minimumRows=7,breakY=1457.3
  diag: tableau6.region=1230.1-1422.9
  diag: tableau6=D,D,D,Eight_Clubs,Seven_Diamonds,Six_Clubs,Five_Diamonds,Four_Clubs,Three_Diamonds
  diag: wasteOcr:relevant=true,ms=25,overlapped=true
  diag: waste=fused-Ten-Diamonds:TD
  diag: waste-regions=exact:766-904:match-Ten-Diamonds@0.62,legacy:750-907:match-Ten-Hearts-ambiguous@0.9621036
  diag: waste-rank-scores={Ace=0.5071113, Two=0.55904335, Three=0.5326781, Four=0.48654467, Five=0.563654, Six=0.62046206, Seven=0.41507313, Eight=0.60402095, Nine=0.5420734, Ten=0.5889457, Jack=0.46389496, Queen=0.5436606, King=0.54389143}
  diag: waste-suit-scores={Hearts=0.81859523, Diamonds=0.96363634}
  diag: waste-disagreement=tight:Ten_Diamonds,legacy:Ten_Hearts
  diag: whole@765,503,904,713:ocr='10'@0.62
  diag: waste-ocr-rank=Ten
  diag: livePlayScreen=true
  diag: gameFooter=true
  diag: lobbyScreen=false
  diag: knownFaceUp=27
  diag: timing:total=282ms,tableau=149ms[c0=69,c1=3,c2=10,c3=18,c4=8,c5=22,c6=19],scrub=0ms,deckConstraint=2ms,recognize:hits=29,misses=2,missTime=157ms,missReason:newKey=0,fingerprint=2,bounds=0
  recognition:
  slot foundation:0 4D conf=0.90 rank=rank-png-strong@0.90 {4:0.90 A:0.72 J:0.68 8:0.63} suit=suit-png@0.96 {D:0.92 H:0.82} post=[ink-ratio:red=0.1584,black=0.0000,inkRed=true]
  slot foundation:1 2C conf=0.83 rank=rank-png-strong@0.83 {2:0.83 7:0.77 J:0.72 3:0.72} suit=suit-png@0.81 {C:0.81 S:0.74} post=[black-tiebreak:full=C0.81/S0.74,top=C0.58/S0.52,branch=wideMarginDirect->Clubs; ink-ratio:red=0.0000,black=0.1811,inkRed=false]
  slot foundation:2 4S conf=0.90 rank=rank-png-strong@0.90 {4:0.90 A:0.71 J:0.69 8:0.63} suit=suit-png@0.48 {C:0.81 S:0.78} post=[black-tiebreak:full=C0.81/S0.78,top=C0.53/S0.48,shape=Spades@1.08;branch=topClub-strongSpadeShapeOverride->Spades; ink-ratio:red=0.0000,black=0.1667,inkRed=false; black-tiebreak2:full=C0.81/S0.78,top=C0.53/S0.48,shape=Spades@1.08;branch=topClub-strongSpadeShapeOverride->Spades]
  slot tableau:0 KH conf=0.89 rank=rank-png-strong@0.89 {K:0.89 6:0.82 8:0.80 5:0.79} suit=suit-png@0.99 {H:0.95 D:0.81} post=[ink-ratio:red=0.2685,black=0.0000,inkRed=true,inkRegion=header; cascade:firstFaceTop=837.7,bottomTop=937.5,faceUpStep=48.90,geomCount=3,finalCount=3,bottomRank=Jack,leadingRank=King,rankCount=3,diff=0,applied=false,boundary=[not-face-down@faceDownCount=0:teal=0.000,white=0.519,red=0.352,black=0.000],exposedIndex=0,distanceFromBottom=2]
  slot tableau:0:1 QC conf=0.86 rank=rank-png-strong@0.86 {Q:0.86 9:0.75 8:0.72 10:0.71} suit=suit-opencv@0.52 {S:0.91 C:0.89} post=[ocr=miss:empty; ink-ratio:red=0.0000,black=0.3426,inkRed=false,inkRegion=header; post-black-suit:Spades->Clubs; black-tiebreak2:full=C0.66/S0.66,top=C0.74/S0.69,shape=none;branch=topLeaderDirect->Clubs; cascade:firstFaceTop=837.7,bottomTop=937.5,faceUpStep=48.90,geomCount=3,finalCount=3,bottomRank=Jack,leadingRank=King,rankCount=3,diff=0,applied=false,boundary=[not-face-down@faceDownCount=0:teal=0.000,white=0.519,red=0.352,black=0.000],exposedIndex=1,distanceFromBottom=1; deck-constraint:QC~->QC]
  slot tableau:0:2 JH conf=0.83 rank=rank-png-strong@0.83 {J:0.83 4:0.71 7:0.70 3:0.68} suit=suit-png@0.98 {H:0.94 D:0.80} post=[ink-ratio:red=0.1689,black=0.0400,inkRed=true; cascade:firstFaceTop=837.7,bottomTop=937.5,faceUpStep=48.90,geomCount=3,finalCount=3,bottomRank=Jack,leadingRank=King,rankCount=3,diff=0,applied=false,boundary=[not-face-down@faceDownCount=0:teal=0.000,white=0.519,red=0.352,black=0.000]]
  slot tableau:2 KC conf=0.93 rank=rank-png-strong@0.93 {K:0.93 2:0.78 8:0.78 10:0.78} suit=suit-png@0.82 {S:0.90 C:0.88} post=[black-tiebreak:full=C0.88/S0.90,top=C0.82/S0.86,shape=Clubs@0.36;branch=topSpade-clubShapeVetoWins->Clubs; ink-ratio:red=0.0000,black=0.2361,inkRed=false; cascade:firstFaceTop=837.7,bottomTop=840.0,faceUpStep=48.90,geomCount=1,finalCount=1,bottomRank=King,leadingRank=King,rankCount=1,diff=0,applied=false,boundary=[ran-out-of-room]]
  slot tableau:3 KD conf=0.87 rank=rank-png-strong@0.87 {K:0.87 6:0.81 8:0.81 5:0.78} suit=suit-png@0.98 {D:0.94 H:0.84} post=[ink-ratio:red=0.2685,black=0.0000,inkRed=true,inkRegion=header; cascade:firstFaceTop=837.7,bottomTop=1081.0,faceUpStep=48.90,geomCount=6,finalCount=6,bottomRank=Eight,leadingRank=King,rankCount=6,diff=0,applied=false,boundary=[not-face-down@faceDownCount=0:teal=0.000,white=0.667,red=0.333,black=0.000],exposedIndex=0,distanceFromBottom=5]
  slot tableau:3:1 QS conf=0.91 rank=rank-png-strong@0.91 {Q:0.91 9:0.80 8:0.75 6:0.74} suit=suit-png@0.93 {S:0.93 C:0.87} post=[black-tiebreak:full=C0.87/S0.93,top=C0.81/S0.91,branch=wideMarginDirect->Spades; ink-ratio:red=0.0000,black=0.2778,inkRed=false,inkRegion=header; cascade:firstFaceTop=837.7,bottomTop=1081.0,faceUpStep=48.90,geomCount=6,finalCount=6,bottomRank=Eight,leadingRank=King,rankCount=6,diff=0,applied=false,boundary=[not-face-down@faceDownCount=0:teal=0.000,white=0.667,red=0.333,black=0.000],exposedIndex=1,distanceFromBottom=4]
  slot tableau:3:2 JD conf=0.88 rank=rank-png-strong@0.88 {J:0.88 4:0.82 7:0.73 A:0.72} suit=suit-png@0.97 {D:0.93 H:0.85} post=[ocr=miss:empty; ink-ratio:red=0.1759,black=0.0000,inkRed=true,inkRegion=header; cascade:firstFaceTop=837.7,bottomTop=1081.0,faceUpStep=48.90,geomCount=6,finalCount=6,bottomRank=Eight,leadingRank=King,rankCount=6,diff=0,applied=false,boundary=[not-face-down@faceDownCount=0:teal=0.000,white=0.667,red=0.333,black=0.000],exposedIndex=2,distanceFromBottom=3]
  slot tableau:3:3 10S~ conf=0.87 rank=rank-png-strong@0.87 {10:0.87 Q:0.74 8:0.71 9:0.70} suit=suit-png@0.89 {S:0.94 C:0.89} post=[black-tiebreak:full=C0.89/S0.94,top=C0.79/S0.89,shape=none;branch=topLeaderDirect->Spades; ink-ratio:red=0.0000,black=0.2870,inkRed=false,inkRegion=header; cascade:firstFaceTop=837.7,bottomTop=1081.0,faceUpStep=48.90,geomCount=6,finalCount=6,bottomRank=Eight,leadingRank=King,rankCount=6,diff=0,applied=false,boundary=[not-face-down@faceDownCount=0:teal=0.000,white=0.667,red=0.333,black=0.000],exposedIndex=3,distanceFromBottom=2; deck-constraint:10S->10S~]
  slot tableau:3:4 9D~ conf=0.81 rank=rank-png-strong@0.81 {9:0.81 8:0.80 2:0.78 K:0.78} suit=suit-png@0.96 {D:0.92 H:0.87} post=[ink-ratio:red=0.2222,black=0.0000,inkRed=true,inkRegion=header; cascade:firstFaceTop=837.7,bottomTop=1081.0,faceUpStep=48.90,geomCount=6,finalCount=6,bottomRank=Eight,leadingRank=King,rankCount=6,diff=0,applied=false,boundary=[not-face-down@faceDownCount=0:teal=0.000,white=0.667,red=0.333,black=0.000],exposedIndex=4,distanceFromBottom=1; deck-constraint:9D->9D~]
  slot tableau:3:5 8S conf=0.90 rank=rank-png-strong@0.90 {8:0.90 6:0.81 3:0.78 9:0.77} suit=suit-png@0.95 {S:0.95 C:0.88} post=[black-tiebreak:full=C0.88/S0.95,top=C0.79/S0.95,branch=wideMarginDirect->Spades; ink-ratio:red=0.0000,black=0.2200,inkRed=false; cascade:firstFaceTop=837.7,bottomTop=1081.0,faceUpStep=48.90,geomCount=6,finalCount=6,bottomRank=Eight,leadingRank=King,rankCount=6,diff=0,applied=false,boundary=[not-face-down@faceDownCount=0:teal=0.000,white=0.667,red=0.333,black=0.000]]
  slot tableau:4:1 5H conf=0.81 rank=rank-png-strong@0.81 {5:0.81 3:0.77 6:0.76 8:0.76} suit=suit-png@0.99 {H:0.95 D:0.81} post=[ink-ratio:red=0.2000,black=0.0000,inkRed=true; cascade:firstFaceTop=882.1,bottomTop=885.9,faceUpStep=48.90,geomCount=1,finalCount=1,bottomRank=Five,leadingRank=Five,rankCount=1,diff=0,applied=false,boundary=[ran-out-of-room]]
  slot tableau:5:4 9C~ conf=0.87 rank=rank-png-strong@0.87 {9:0.87 A:0.86 8:0.83 Q:0.82} suit=suit-png@0.93 {C:0.93 S:0.88} post=[black-tiebreak:full=C0.93/S0.88,top=C0.93/S0.82,shape=Spades@1.12;branch=topLeaderDirect->Clubs; ink-ratio:red=0.0000,black=0.1852,inkRed=false,inkRegion=header; cascade:firstFaceTop=1015.1,bottomTop=1276.0,faceUpStep=48.90,geomCount=6,finalCount=6,bottomRank=Four,leadingRank=Nine,rankCount=6,diff=0,applied=false,boundary=[not-face-down@faceDownCount=4:teal=0.315,white=0.593,red=0.000,black=0.056],exposedIndex=0,distanceFromBottom=5; deck-constraint:9C->9C~]
  slot tableau:5:5 8D~ conf=0.87 rank=rank-png-strong@0.87 {8:0.87 A:0.86 9:0.83 4:0.82} suit=suit-png@0.87 {D:0.87 H:0.76} post=[ink-ratio:red=0.1759,black=0.0370,inkRed=true,inkRegion=header; cascade:firstFaceTop=1015.1,bottomTop=1276.0,faceUpStep=48.90,geomCount=6,finalCount=6,bottomRank=Four,leadingRank=Nine,rankCount=6,diff=0,applied=false,boundary=[not-face-down@faceDownCount=4:teal=0.315,white=0.593,red=0.000,black=0.056],exposedIndex=1,distanceFromBottom=4; deck-constraint:8D->8D~]
  slot tableau:5:7 6D~ conf=0.87 rank=rank-png-strong@0.87 {6:0.87 A:0.83 4:0.81 8:0.81} suit=suit-png@0.87 {D:0.87 H:0.76} post=[ink-ratio:red=0.1852,black=0.0185,inkRed=true,inkRegion=header; cascade:firstFaceTop=1015.1,bottomTop=1276.0,faceUpStep=48.90,geomCount=6,finalCount=6,bottomRank=Four,leadingRank=Nine,rankCount=6,diff=0,applied=false,boundary=[not-face-down@faceDownCount=4:teal=0.315,white=0.593,red=0.000,black=0.056],exposedIndex=3,distanceFromBottom=2; deck-constraint:6D->6D~]
  slot tableau:5:8 5C~ conf=0.84 rank=rank-png-strong@0.84 {5:0.84 6:0.83 8:0.80 9:0.80} suit=suit-png@0.79 {C:0.79 D:0.79 H:0.72 S:0.67} post=[ink-ratio:red=0.0278,black=0.1759,inkRed=null,inkRegion=header; cascade:firstFaceTop=1015.1,bottomTop=1276.0,faceUpStep=48.90,geomCount=6,finalCount=6,bottomRank=Four,leadingRank=Nine,rankCount=6,diff=0,applied=false,boundary=[not-face-down@faceDownCount=4:teal=0.315,white=0.593,red=0.000,black=0.056],exposedIndex=4,distanceFromBottom=1; deck-constraint:5C->5C~]
  slot tableau:5:9 4H conf=0.89 rank=rank-png-strong@0.89 {4:0.89 A:0.74 J:0.71 8:0.66} suit=suit-png@0.99 {H:0.95 D:0.79} post=[ink-ratio:red=0.1875,black=0.0000,inkRed=true; cascade:firstFaceTop=1015.1,bottomTop=1276.0,faceUpStep=48.90,geomCount=6,finalCount=6,bottomRank=Four,leadingRank=Nine,rankCount=6,diff=0,applied=false,boundary=[not-face-down@faceDownCount=4:teal=0.315,white=0.593,red=0.000,black=0.056]]
  slot tableau:6:3 8C conf=0.93 rank=rank-png-strong@0.93 {8:0.93 9:0.84 6:0.83 A:0.83} suit=suit-png@0.91 {C:0.90 S:0.85} post=[black-tiebreak:full=C0.90/S0.85,top=C0.91/S0.83,shape=Spades@0.60;branch=topLeaderDirect->Clubs; ink-ratio:red=0.0000,black=0.2407,inkRed=false,inkRegion=header; cascade:firstFaceTop=970.7,bottomTop=1230.1,faceUpStep=48.90,geomCount=6,finalCount=6,bottomRank=Three,leadingRank=Eight,rankCount=6,diff=0,applied=false,boundary=[not-face-down@faceDownCount=3:teal=0.000,white=0.519,red=0.000,black=0.130],exposedIndex=0,distanceFromBottom=5]
  slot tableau:6:4 7D~ conf=0.95 rank=rank-png-strong@0.95 {7:0.95 2:0.86 3:0.77 J:0.76} suit=suit-png@0.98 {D:0.94 H:0.83} post=[ocr=miss:empty; ink-ratio:red=0.1759,black=0.0556,inkRed=true,inkRegion=header; cascade:firstFaceTop=970.7,bottomTop=1230.1,faceUpStep=48.90,geomCount=6,finalCount=6,bottomRank=Three,leadingRank=Eight,rankCount=6,diff=0,applied=false,boundary=[not-face-down@faceDownCount=3:teal=0.000,white=0.519,red=0.000,black=0.130],exposedIndex=1,distanceFromBottom=4; deck-constraint:7D->7D~]
  slot tableau:6:5 6C~ conf=0.92 rank=rank-png-strong@0.92 {6:0.92 A:0.83 8:0.83 5:0.83} suit=suit-png@0.92 {C:0.90 S:0.86} post=[black-tiebreak:full=C0.90/S0.86,top=C0.92/S0.84,shape=Spades@0.60;branch=topLeaderDirect->Clubs; ink-ratio:red=0.0000,black=0.2500,inkRed=false,inkRegion=header; cascade:firstFaceTop=970.7,bottomTop=1230.1,faceUpStep=48.90,geomCount=6,finalCount=6,bottomRank=Three,leadingRank=Eight,rankCount=6,diff=0,applied=false,boundary=[not-face-down@faceDownCount=3:teal=0.000,white=0.519,red=0.000,black=0.130],exposedIndex=2,distanceFromBottom=3; deck-constraint:6C->6C~]
  slot tableau:6:6 5D conf=0.94 rank=rank-png-strong@0.94 {5:0.94 6:0.83 K:0.81 9:0.80} suit=suit-png@0.96 {D:0.92 H:0.84} post=[ink-ratio:red=0.1574,black=0.0556,inkRed=true,inkRegion=header; cascade:firstFaceTop=970.7,bottomTop=1230.1,faceUpStep=48.90,geomCount=6,finalCount=6,bottomRank=Three,leadingRank=Eight,rankCount=6,diff=0,applied=false,boundary=[not-face-down@faceDownCount=3:teal=0.000,white=0.519,red=0.000,black=0.130],exposedIndex=3,distanceFromBottom=2]
  slot tableau:6:7 4C conf=0.95 rank=rank-png-strong@0.95 {4:0.95 A:0.86 6:0.75 J:0.74} suit=suit-png@0.91 {C:0.89 S:0.86} post=[black-tiebreak:full=C0.89/S0.86,top=C0.91/S0.85,shape=Spades@0.60;branch=topLeaderDirect->Clubs; ink-ratio:red=0.0000,black=0.2315,inkRed=false,inkRegion=header; cascade:firstFaceTop=970.7,bottomTop=1230.1,faceUpStep=48.90,geomCount=6,finalCount=6,bottomRank=Three,leadingRank=Eight,rankCount=6,diff=0,applied=false,boundary=[not-face-down@faceDownCount=3:teal=0.000,white=0.519,red=0.000,black=0.130],exposedIndex=4,distanceFromBottom=1]
  slot tableau:6:8 3H~ conf=0.82 rank=rank-png-strong@0.82 {3:0.82 J:0.77 8:0.76 2:0.73} suit=suit-png@0.94 {H:0.94 D:0.80} post=[ink-ratio:red=0.1898,black=0.0417,inkRed=true; cascade:firstFaceTop=970.7,bottomTop=1230.1,faceUpStep=48.90,geomCount=6,finalCount=6,bottomRank=Three,leadingRank=Eight,rankCount=6,diff=0,applied=false,boundary=[not-face-down@faceDownCount=3:teal=0.000,white=0.519,red=0.000,black=0.130]; deck-constraint:3H->3H~]
  slot waste 10D conf=0.96 rank=rank-ocr@0.62 {6:0.62 8:0.60 10:0.59 5:0.56} suit=suit-png@1.00 {D:0.96 H:0.82} post=[waste-fusion:legacy=Ten_Hearts,tight=Ten_Diamonds; whole@765,503,904,713:ocr='10'@0.62; waste-ocr-rank:Ten; ink-ratio:red=0.2639,black=0.0463,inkRed=true; ocr='10'@0.62; ink-ratio:red=0.2819,black=0.0000,inkRed=true]
18:03:00.264 OUTCOME=ARROW status=Best: Draw from stock score=7.0 (draw) 5099ms conf=0.62 known=13
  frame=1080x2340 elapsed=5099ms conf=0.62 knownFaceUp=13
  timing: queueDelay=11ms detect=5099ms select=0ms total=5110ms
  move=Draw from stock score=7.0 rationale=draw
  from=(991,608) to=(828,608)
  signature=U_B|Ten_Spades;U_B;U_B;U_B|Ten_Spades,Ten_Spades,Ten_Spades,Ten_Spades,Ten_Spades,Ten_Spades,Ten_Spades,Ten_Spades,Ten_Spades,Ten_Spades,Ten_Spades,Ten_Spades,U;U;;;;U,U,U,U,U,U,U,U,U,U,U,U,U;U,U,U,U,U,U,U,U,U,U,U,U,U
  diag: boardConfidence=0.85
  diag: profile=solitaire_smash_s25
  diag: stock=match-Seven-Spades@0.62
  diag: foundation0=match-Ten-Spades@0.64:TS
  diag: foundation1=face-up-color-black:AC
  diag: foundation2=face-up-color-black:AC
  diag: foundation3=face-up-color-black:AC
  diag: tableau0.faceScan=rowHeight=5.74,lastWhiteBottom=1818.7,whiteRows=168,minimumRows=7,breakY=none
  diag: tableau0[top]=face-up-color-black
  diag: tableau0.region=1626.0-1818.7
  diag: tableau0=Ten_Clubs,Ten_Spades,Ten_Clubs,Ten_Clubs,Ten_Clubs,Ten_Clubs,Ten_Clubs,Ten_Clubs,Ten_Clubs,Ten_Clubs,Ten_Clubs,Ten_Clubs,U
  diag: tableau1.faceScan=rowHeight=5.74,lastWhiteBottom=935.2,whiteRows=17,minimumRows=7,breakY=975.4
  diag: tableau1[top]=no-card-face
  diag: tableau1.region=837.7-1030.5
  diag: tableau1=U
  diag: tableau2.faceScan=rowHeight=5.74,lastWhiteBottom=849.2,whiteRows=2,minimumRows=7,breakY=895.1
  diag: tableau2=
  diag: tableau3.faceScan=rowHeight=5.74,lastWhiteBottom=895.1,whiteRows=2,minimumRows=7,breakY=929.5
  diag: tableau3=
  diag: tableau4.faceScan=rowHeight=5.74,lastWhiteBottom=900.8,whiteRows=6,minimumRows=7,breakY=958.2
  diag: tableau4=
  diag: tableau5.faceScan=rowHeight=5.74,lastWhiteBottom=1623.7,whiteRows=123,minimumRows=7,breakY=1658.1
  diag: tableau5[top]=no-card-face
  diag: tableau5.region=1430.9-1623.7
  diag: tableau5=U,U,U,U,U,U,U,U,U,U,U,U,U
  diag: tableau6.faceScan=rowHeight=5.74,lastWhiteBottom=1818.7,whiteRows=171,minimumRows=7,breakY=none
  diag: tableau6[top]=face-up-color-black
  diag: tableau6.region=1626.0-1818.7
  diag: tableau6=U,U,U,U,U,U,U,U,U,U,U,U,U
  diag: wasteOcr:relevant=false,ms=3446,overlapped=false
  diag: waste=face-up-color-black-rank=null:null
  diag: waste-regions=exact:769-907:face-up-color-black-rank=null,legacy:750-907:face-up-color-black-rank=null
  diag: waste-rank-scores={Ace=0.21815807, Two=0.30607188, Three=0.3210191, Four=0.17712691, Five=0.3632184, Six=0.24055782, Seven=0.42021278, Eight=0.27175745, Nine=0.2778098, Ten=0.26954493, Jack=0.24070573, Queen=0.33848053, King=0.25}
  diag: waste-suit-scores={Hearts=0.8241688, Diamonds=0.6727472, Clubs=0.6901988, Spades=0.7329843}
  diag: livePlayScreen=true
  diag: gameFooter=true
  diag: lobbyScreen=false
  diag: knownFaceUp=13
  diag: timing:total=5097ms,tableau=7529ms[c0=2461,c1=7,c2=1,c3=1,c4=1,c5=107,c6=4951],scrub=0ms,deckConstraint=1ms,recognize:hits=0,misses=46,missTime=14533ms,missReason:newKey=28,fingerprint=18,bounds=0
  recognition:
  slot stock 7S conf=0.62 rank=rank-png@0.62 {7:0.62 5:0.58 8:0.56 10:0.55} suit=suit-png@0.62 {S:0.73 C:0.70} post=[ocr=miss:empty; black-tiebreak:full=C0.70/S0.73,top=C0.56/S0.62,shape=Clubs@0.36;branch=topSpade-widePeakOnlyNoVeto->Spades; ink-ratio:red=0.0174,black=0.3181,inkRed=false]
  slot foundation:0 10S conf=0.64 rank=rank-png@0.64 {K:0.70 8:0.66 10:0.64 9:0.64} suit=suit-png@0.67 {S:0.76 C:0.71} post=[ocr=miss:empty; black-tiebreak:full=C0.71/S0.76,top=C0.56/S0.67,shape=Clubs@0.36;branch=topSpade-widePeakOnlyNoVeto->Spades; ink-ratio:red=0.0000,black=0.3930,inkRed=false; black-tiebreak2:full=C0.71/S0.76,top=C0.56/S0.67,shape=Clubs@0.36;branch=topSpade-widePeakOnlyNoVeto->Spades]
  slot foundation:1 ? conf=0.55 rank=? {5:0.56 7:0.50 K:0.48 9:0.48} suit=? {S:0.33 C:0.30} post=[ocr=miss:empty]
  slot foundation:2 ? conf=0.55 rank=? {7:0.43 5:0.36 2:0.35 Q:0.31} suit=? {C:0.26 S:0.25} post=[ocr=miss:empty]
  slot foundation:3 ? conf=0.55 rank=? {7:0.42 5:0.36 2:0.31 3:0.29} suit=? {C:0.26 S:0.25} post=[ocr=miss:empty]
  slot tableau:0 10C~ conf=0.80 rank=rank-png-strong@0.80 {K:0.85 8:0.85 6:0.83 9:0.83} suit=suit-ambiguous-black {C:0.00 S:0.00} post=[ink-ratio:red=0.0000,black=0.1667,inkRed=false,inkRegion=header; black-tiebreak:branch=belowFloor->ambiguous; black-tiebreak2:branch=belowFloor->ambiguous; cascade:firstFaceTop=837.7,bottomTop=1626.0,faceUpStep=48.90,geomCount=13,finalCount=13,bottomRank=Ace,n/a,boundary=[not-face-down@faceDownCount=0:teal=0.000,white=0.667,red=0.000,black=0.167],exposedIndex=0,distanceFromBottom=12]
  slot tableau:0:1 10S~ conf=0.80 rank=rank-png-strong@0.80 {K:0.85 8:0.85 6:0.83 9:0.83} suit=suit-ambiguous-black {S:0.34 C:0.27} post=[ink-ratio:red=0.0000,black=0.1667,inkRed=false,inkRegion=header; black-tiebreak:branch=belowFloor->ambiguous; black-tiebreak2:branch=belowFloor->ambiguous; cascade:firstFaceTop=837.7,bottomTop=1626.0,faceUpStep=48.90,geomCount=13,finalCount=13,bottomRank=Ace,n/a,boundary=[not-face-down@faceDownCount=0:teal=0.000,white=0.667,red=0.000,black=0.167],exposedIndex=1,distanceFromBottom=11]
  slot tableau:0:2 10C~ conf=0.80 rank=rank-png-strong@0.80 {K:0.85 8:0.85 6:0.83 9:0.83} suit=suit-ambiguous-black {C:0.00 S:0.00} post=[ink-ratio:red=0.0000,black=0.1667,inkRed=false,inkRegion=header; black-tiebreak:branch=belowFloor->ambiguous; black-tiebreak2:branch=belowFloor->ambiguous; cascade:firstFaceTop=837.7,bottomTop=1626.0,faceUpStep=48.90,geomCount=13,finalCount=13,bottomRank=Ace,n/a,boundary=[not-face-down@faceDownCount=0:teal=0.000,white=0.667,red=0.000,black=0.167],exposedIndex=2,distanceFromBottom=10]
  slot tableau:0:3 10C~ conf=0.80 rank=rank-png-strong@0.80 {K:0.85 8:0.85 6:0.83 9:0.83} suit=suit-ambiguous-black {C:0.00 S:0.00} post=[ink-ratio:red=0.0000,black=0.1667,inkRed=false,inkRegion=header; black-tiebreak:branch=belowFloor->ambiguous; black-tiebreak2:branch=belowFloor->ambiguous; cascade:firstFaceTop=837.7,bottomTop=1626.0,faceUpStep=48.90,geomCount=13,finalCount=13,bottomRank=Ace,n/a,boundary=[not-face-down@faceDownCount=0:teal=0.000,white=0.667,red=0.000,black=0.167],exposedIndex=3,distanceFromBottom=9]
  slot tableau:0:4 10C~ conf=0.80 rank=rank-png-strong@0.80 {K:0.85 8:0.85 6:0.83 9:0.83} suit=suit-ambiguous-black {C:0.00 S:0.00} post=[ink-ratio:red=0.0000,black=0.1667,inkRed=false,inkRegion=header; black-tiebreak:branch=belowFloor->ambiguous; black-tiebreak2:branch=belowFloor->ambiguous; cascade:firstFaceTop=837.7,bottomTop=1626.0,faceUpStep=48.90,geomCount=13,finalCount=13,bottomRank=Ace,n/a,boundary=[not-face-down@faceDownCount=0:teal=0.000,white=0.667,red=0.000,black=0.167],exposedIndex=4,distanceFromBottom=8]
  slot tableau:0:5 10C~ conf=0.80 rank=rank-png-strong@0.80 {K:0.85 8:0.85 6:0.83 9:0.83} suit=suit-ambiguous-black {C:0.00 S:0.00} post=[ink-ratio:red=0.0000,black=0.1667,inkRed=false,inkRegion=header; black-tiebreak:branch=belowFloor->ambiguous; black-tiebreak2:branch=belowFloor->ambiguous; cascade:firstFaceTop=837.7,bottomTop=1626.0,faceUpStep=48.90,geomCount=13,finalCount=13,bottomRank=Ace,n/a,boundary=[not-face-down@faceDownCount=0:teal=0.000,white=0.667,red=0.000,black=0.167],exposedIndex=5,distanceFromBottom=7]
  slot tableau:0:6 10C~ conf=0.80 rank=rank-png-strong@0.80 {K:0.85 8:0.85 6:0.83 9:0.83} suit=suit-ambiguous-black {C:0.00 S:0.00} post=[ink-ratio:red=0.0000,black=0.1667,inkRed=false,inkRegion=header; black-tiebreak:branch=belowFloor->ambiguous; black-tiebreak2:branch=belowFloor->ambiguous; cascade:firstFaceTop=837.7,bottomTop=1626.0,faceUpStep=48.90,geomCount=13,finalCount=13,bottomRank=Ace,n/a,boundary=[not-face-down@faceDownCount=0:teal=0.000,white=0.667,red=0.000,black=0.167],exposedIndex=6,distanceFromBottom=6]
  slot tableau:0:7 10C~ conf=0.80 rank=rank-png-strong@0.80 {K:0.85 8:0.85 6:0.83 9:0.83} suit=suit-ambiguous-black {C:0.00 S:0.00} post=[ink-ratio:red=0.0000,black=0.1667,inkRed=false,inkRegion=header; black-tiebreak:branch=belowFloor->ambiguous; black-tiebreak2:branch=belowFloor->ambiguous; cascade:firstFaceTop=837.7,bottomTop=1626.0,faceUpStep=48.90,geomCount=13,finalCount=13,bottomRank=Ace,n/a,boundary=[not-face-down@faceDownCount=0:teal=0.000,white=0.667,red=0.000,black=0.167],exposedIndex=7,distanceFromBottom=5]
  slot tableau:0:8 10C~ conf=0.80 rank=rank-png-strong@0.80 {K:0.85 8:0.85 6:0.83 9:0.83} suit=suit-ambiguous-black {C:0.00 S:0.00} post=[ink-ratio:red=0.0000,black=0.1667,inkRed=false,inkRegion=header; black-tiebreak:branch=belowFloor->ambiguous; black-tiebreak2:branch=belowFloor->ambiguous; cascade:firstFaceTop=837.7,bottomTop=1626.0,faceUpStep=48.90,geomCount=13,finalCount=13,bottomRank=Ace,n/a,boundary=[not-face-down@faceDownCount=0:teal=0.000,white=0.667,red=0.000,black=0.167],exposedIndex=8,distanceFromBottom=4]
  slot tableau:0:9 10C~ conf=0.80 rank=rank-png-strong@0.80 {K:0.85 8:0.85 6:0.83 9:0.83} suit=suit-ambiguous-black {C:0.00 S:0.00} post=[ink-ratio:red=0.0000,black=0.1667,inkRed=false,inkRegion=header; black-tiebreak:branch=belowFloor->ambiguous; black-tiebreak2:branch=belowFloor->ambiguous; cascade:firstFaceTop=837.7,bottomTop=1626.0,faceUpStep=48.90,geomCount=13,finalCount=13,bottomRank=Ace,n/a,boundary=[not-face-down@faceDownCount=0:teal=0.000,white=0.667,red=0.000,black=0.167],exposedIndex=9,distanceFromBottom=3]
  slot tableau:0:10 10C~ conf=0.80 rank=rank-png-strong@0.80 {K:0.85 8:0.85 6:0.83 9:0.83} suit=suit-ambiguous-black {C:0.00 S:0.00} post=[ink-ratio:red=0.0000,black=0.1667,inkRed=false,inkRegion=header; black-tiebreak:branch=belowFloor->ambiguous; black-tiebreak2:branch=belowFloor->ambiguous; cascade:firstFaceTop=837.7,bottomTop=1626.0,faceUpStep=48.90,geomCount=13,finalCount=13,bottomRank=Ace,n/a,boundary=[not-face-down@faceDownCount=0:teal=0.000,white=0.667,red=0.000,black=0.167],exposedIndex=10,distanceFromBottom=2]
  slot tableau:0:11 10C~ conf=0.80 rank=rank-png-strong@0.80 {K:0.85 8:0.85 6:0.83 9:0.83} suit=suit-ambiguous-black {C:0.00 S:0.00} post=[ink-ratio:red=0.0000,black=0.1667,inkRed=false,inkRegion=header; black-tiebreak:branch=belowFloor->ambiguous; black-tiebreak2:branch=belowFloor->ambiguous; cascade:firstFaceTop=837.7,bottomTop=1626.0,faceUpStep=48.90,geomCount=13,finalCount=13,bottomRank=Ace,n/a,boundary=[not-face-down@faceDownCount=0:teal=0.000,white=0.667,red=0.000,black=0.167],exposedIndex=11,distanceFromBottom=1]
  slot tableau:0:12 ? conf=0.55 rank=? {K:0.43 10:0.37 8:0.34 Q:0.33} suit=? {C:0.00 S:0.00} post=[ocr=miss:empty; cascade:firstFaceTop=837.7,bottomTop=1626.0,faceUpStep=48.90,geomCount=13,finalCount=13,bottomRank=Ace,n/a,boundary=[not-face-down@faceDownCount=0:teal=0.000,white=0.667,red=0.000,black=0.167]]
  slot tableau:6:12 ? conf=0.55 rank=? {K:0.56 6:0.53 J:0.51 A:0.50} suit=? {S:0.15 C:0.12} post=[ocr=miss:empty; cascade:firstFaceTop=837.7,bottomTop=1626.0,faceUpStep=48.90,geomCount=13,finalCount=13,bottomRank=Ace,n/a,boundary=[not-face-down@faceDownCount=0:teal=0.000,white=0.778,red=0.000,black=0.167]]
  slot waste ? conf=0.40 rank=? {7:0.41 5:0.35 Q:0.31 3:0.31} suit=suit-png@0.62 {S:0.71 C:0.67} post=[ocr=miss:empty; black-tiebreak:full=C0.67/S0.71,top=C0.56/S0.62,shape=Clubs@0.36;branch=topSpade-widePeakOnlyNoVeto->Spades; ink-ratio:red=0.0069,black=0.0301,inkRed=false]
18:03:03.193 === new deal detected (foundation-drop-3) - rejected-move history cleared ===
18:03:03.193 OUTCOME=ARROW status=Best: Recycle waste to stock score=-2.5 (recycle) 2920ms conf=0.55 known=13
  frame=1080x2340 elapsed=2920ms conf=0.55 knownFaceUp=13
  timing: queueDelay=140ms detect=2920ms select=1ms total=3061ms
  move=Recycle waste to stock score=-2.5 rationale=recycle
  from=(991,608) to=(828,608)
  signature=U_B|-;King_Clubs;-;-|;U,Ten_Spades,Ten_Spades,Ten_Spades,Ten_Spades,Ten_Spades,Ten_Spades,Ten_Spades,Ten_Spades,Ten_Spades,Ten_Spades,Ten_Spades,U;U,U,U,U,U,U,U,U,U,U,U;U,U,U,U,Ten_Spades,U,U,U,U,U,U,U,U;U,U,U,U,U,U,U,U,U,U,U,U,U;U,U,U,U,U,U,U,U,U,U,U,U,U;
  diag: boardConfidence=0.85
  diag: profile=solitaire_smash_s25
  diag: stock=no-card-face
  diag: foundation0=no-card-face:null
  diag: foundation1=match-King-Clubs-ambiguous@0.61864406:KC
  diag: foundation2=no-card-face:null
  diag: foundation3=no-card-face:null
  diag: tableau0.faceScan=rowHeight=5.74,lastWhiteBottom=-1.0,whiteRows=0,minimumRows=7,breakY=none
  diag: tableau0=
  diag: tableau1.faceScan=rowHeight=5.74,lastWhiteBottom=1721.2,whiteRows=145,minimumRows=7,breakY=1755.6
  diag: tableau1[top]=face-up-color-black-rank=null
  diag: tableau1.region=1528.4-1721.2
  diag: tableau1=U,Ten_Clubs,Ten_Clubs,Ten_Spades,Ten_Spades,Ten_Spades,Ten_Spades,Ten_Clubs,Ten_Spades,Ten_Clubs,Ten_Clubs,Ten_Clubs,U
  diag: tableau2.faceScan=rowHeight=5.74,lastWhiteBottom=1531.9,whiteRows=119,minimumRows=7,breakY=1566.3
  diag: tableau2[top]=no-card-face
  diag: tableau2.region=1339.1-1531.9
  diag: tableau2=U,U,U,U,U,U,U,U,U,U,U
  diag: tableau3.faceScan=rowHeight=5.74,lastWhiteBottom=1721.2,whiteRows=153,minimumRows=7,breakY=1755.6
  diag: tableau3[top]=no-card-face
  diag: tableau3.region=1528.4-1721.2
  diag: tableau3=U,U,U,U,Ten_Spades,U,U,U,U,U,U,U,U
  diag: tableau4.faceScan=rowHeight=5.74,lastWhiteBottom=1721.2,whiteRows=152,minimumRows=7,breakY=1755.6
  diag: tableau4[top]=no-card-face
  diag: tableau4.region=1528.4-1721.2
  diag: tableau4=U,U,U,U,U,U,U,U,U,U,U,U,U
  diag: tableau5.faceScan=rowHeight=5.74,lastWhiteBottom=1721.2,whiteRows=154,minimumRows=7,breakY=1755.6
  diag: tableau5[top]=no-card-face
  diag: tableau5.region=1528.4-1721.2
  diag: tableau5=U,U,U,U,U,U,U,U,U,U,U,U,U
  diag: tableau6.faceScan=rowHeight=5.74,lastWhiteBottom=-1.0,whiteRows=0,minimumRows=7,breakY=946.7
  diag: tableau6=
  diag: wasteOcr:relevant=false,ms=2175,overlapped=false
  diag: waste=face-up-color-black-rank=null:null
  diag: waste-regions=exact:743-881:no-card-face,legacy:750-907:face-up-color-black-rank=null
  diag: waste-rank-scores={Ace=0.17881292, Two=0.14263804, Three=0.13963965, Four=0.08065995, Five=0.1282917, Six=0.10306407, Seven=0.10992617, Eight=0.115409, Nine=0.09944751, Ten=0.13148789, Jack=0.15302218, Queen=0.06851312, King=0.17024128}
  diag: waste-suit-scores={Hearts=0.5978756, Diamonds=0.54260653, Clubs=0.46153846, Spades=0.49030787}
  diag: livePlayScreen=true
  diag: gameFooter=true
  diag: lobbyScreen=false
  diag: knownFaceUp=13
  diag: timing:total=2909ms,tableau=10320ms[c0=59,c1=2637,c2=2807,c3=2579,c4=121,c5=2103,c6=14],scrub=0ms,deckConstraint=1ms,recognize:hits=0,misses=69,missTime=10422ms,missReason:newKey=49,fingerprint=20,bounds=0
  recognition:
  slot foundation:1 KC~ conf=0.62 rank=rank-png@0.62 {K:0.62 6:0.51 8:0.51 10:0.49} suit=suit-ambiguous-black {C:0.23 S:0.22} post=[ocr=miss:empty; ink-ratio:red=0.0000,black=0.2243,inkRed=false; black-tiebreak:branch=belowFloor->ambiguous; black-tiebreak2:branch=belowFloor->ambiguous]
  slot tableau:1:1 10C~ conf=0.80 rank=rank-png-strong@0.80 {K:0.84 8:0.84 9:0.83 6:0.82} suit=suit-ambiguous-black {C:0.03 S:0.02} post=[ink-ratio:red=0.0093,black=0.2130,inkRed=false,inkRegion=header; black-tiebreak:branch=belowFloor->ambiguous; black-tiebreak2:branch=belowFloor->ambiguous; cascade:firstFaceTop=837.7,bottomTop=1528.4,faceUpStep=48.90,geomCount=13,finalCount=13,bottomRank=Ace,n/a,boundary=[not-face-down@faceDownCount=0:teal=0.000,white=0.685,red=0.111,black=0.111],exposedIndex=1,distanceFromBottom=11]
  slot tableau:1:2 10C~ conf=0.80 rank=rank-png-strong@0.80 {K:0.84 8:0.84 9:0.83 6:0.82} suit=suit-png@0.70 {C:0.56 S:0.52} post=[black-tiebreak:full=C0.56/S0.52,top=C0.70/S0.54,shape=Clubs@0.36;branch=topLeaderDirect->Clubs; ink-ratio:red=0.0000,black=0.2500,inkRed=false,inkRegion=header; post-black-suit:marked-ambiguous; black-tiebreak2:full=C0.45/S0.44,top=C0.39/S0.35,shape=none;branch=topLeaderDirect->Clubs; cascade:firstFaceTop=837.7,bottomTop=1528.4,faceUpStep=48.90,geomCount=13,finalCount=13,bottomRank=Ace,n/a,boundary=[not-face-down@faceDownCount=0:teal=0.000,white=0.685,red=0.111,black=0.111],exposedIndex=2,distanceFromBottom=10]
  slot tableau:1:3 10S conf=0.80 rank=rank-png-strong@0.80 {K:0.84 8:0.84 9:0.83 6:0.82} suit=suit-shape-black@0.95 {S:0.41 C:0.37} post=[ink-ratio:red=0.0000,black=0.2870,inkRed=false,inkRegion=header; cascade:firstFaceTop=837.7,bottomTop=1528.4,faceUpStep=48.90,geomCount=13,finalCount=13,bottomRank=Ace,n/a,boundary=[not-face-down@faceDownCount=0:teal=0.000,white=0.685,red=0.111,black=0.111],exposedIndex=3,distanceFromBottom=9]
  slot tableau:1:4 10S~ conf=0.80 rank=rank-png-strong@0.80 {K:0.84 8:0.84 9:0.83 6:0.82} suit=suit-png@0.67 {S:0.64 C:0.59} post=[black-tiebreak:full=C0.59/S0.64,top=C0.54/S0.67,shape=Clubs@0.36;branch=topSpade-widePeakOnlyNoVeto->Spades; ink-ratio:red=0.0000,black=0.2407,inkRed=false,inkRegion=header; post-black-suit:marked-ambiguous; black-tiebreak2:branch=belowFloor->ambiguous; cascade:firstFaceTop=837.7,bottomTop=1528.4,faceUpStep=48.90,geomCount=13,finalCount=13,bottomRank=Ace,n/a,boundary=[not-face-down@faceDownCount=0:teal=0.000,white=0.685,red=0.111,black=0.111],exposedIndex=4,distanceFromBottom=8]
  slot tableau:1:5 10S~ conf=0.80 rank=rank-png-strong@0.80 {K:0.84 8:0.84 9:0.83 6:0.82} suit=suit-png@0.55 {C:0.51 S:0.48} post=[black-tiebreak:full=C0.51/S0.48,top=C0.55/S0.46,shape=Clubs@0.36;branch=topLeaderDirect->Clubs; ink-ratio:red=0.0000,black=0.2315,inkRed=false,inkRegion=header; post-black-suit:Clubs->Spades; black-tiebreak2:branch=belowFloor->ambiguous; cascade:firstFaceTop=837.7,bottomTop=1528.4,faceUpStep=48.90,geomCount=13,finalCount=13,bottomRank=Ace,n/a,boundary=[not-face-down@faceDownCount=0:teal=0.000,white=0.685,red=0.111,black=0.111],exposedIndex=5,distanceFromBottom=7; deck-constraint:10S->10S~]
  slot tableau:1:6 10S~ conf=0.80 rank=rank-png-strong@0.80 {K:0.84 8:0.84 9:0.83 6:0.82} suit=suit-png@0.53 {S:0.53 C:0.45} post=[black-tiebreak:full=C0.45/S0.53,top=C0.29/S0.41,branch=wideMarginDirect->Spades; ink-ratio:red=0.0000,black=0.2593,inkRed=false,inkRegion=header; post-black-suit:marked-ambiguous; black-tiebreak2:branch=belowFloor->ambiguous; cascade:firstFaceTop=837.7,bottomTop=1528.4,faceUpStep=48.90,geomCount=13,finalCount=13,bottomRank=Ace,n/a,boundary=[not-face-down@faceDownCount=0:teal=0.000,white=0.685,red=0.111,black=0.111],exposedIndex=6,distanceFromBottom=6]
  slot tableau:1:7 10C~ conf=0.80 rank=rank-png-strong@0.80 {K:0.84 8:0.84 9:0.83 6:0.82} suit=suit-ambiguous-black {C:0.11 S:0.08} post=[ink-ratio:red=0.0000,black=0.2315,inkRed=false,inkRegion=header; black-tiebreak:branch=belowFloor->ambiguous; black-tiebreak2:branch=belowFloor->ambiguous; cascade:firstFaceTop=837.7,bottomTop=1528.4,faceUpStep=48.90,geomCount=13,finalCount=13,bottomRank=Ace,n/a,boundary=[not-face-down@faceDownCount=0:teal=0.000,white=0.685,red=0.111,black=0.111],exposedIndex=7,distanceFromBottom=5]
  slot tableau:1:8 10S~ conf=0.80 rank=rank-png-strong@0.80 {K:0.84 8:0.84 9:0.83 6:0.82} suit=suit-ambiguous-black {C:0.26 S:0.25} post=[ink-ratio:red=0.0000,black=0.2593,inkRed=false,inkRegion=header; black-tiebreak:branch=belowFloor->ambiguous; post-black-suit:Clubs->Spades; black-tiebreak2:branch=belowFloor->ambiguous; cascade:firstFaceTop=837.7,bottomTop=1528.4,faceUpStep=48.90,geomCount=13,finalCount=13,bottomRank=Ace,n/a,boundary=[not-face-down@faceDownCount=0:teal=0.000,white=0.685,red=0.111,black=0.111],exposedIndex=8,distanceFromBottom=4; deck-constraint:10S->10S~]
  slot tableau:1:9 10C~ conf=0.80 rank=rank-png-strong@0.80 {K:0.84 8:0.84 9:0.83 6:0.82} suit=suit-ambiguous-black {C:0.18 S:0.17} post=[ink-ratio:red=0.0000,black=0.2315,inkRed=false,inkRegion=header; black-tiebreak:branch=belowFloor->ambiguous; black-tiebreak2:branch=belowFloor->ambiguous; cascade:firstFaceTop=837.7,bottomTop=1528.4,faceUpStep=48.90,geomCount=13,finalCount=13,bottomRank=Ace,n/a,boundary=[not-face-down@faceDownCount=0:teal=0.000,white=0.685,red=0.111,black=0.111],exposedIndex=9,distanceFromBottom=3]
  slot tableau:1:10 10C~ conf=0.80 rank=rank-png-strong@0.80 {K:0.84 8:0.84 9:0.83 6:0.82} suit=suit-ambiguous-black {C:0.25 S:0.23} post=[ink-ratio:red=0.0000,black=0.2407,inkRed=false,inkRegion=header; black-tiebreak:branch=belowFloor->ambiguous; post-black-suit:cleared-ambiguous; black-tiebreak2:full=C0.40/S0.38,top=C0.58/S0.44,shape=Clubs@0.36;branch=topLeaderDirect->Clubs; cascade:firstFaceTop=837.7,bottomTop=1528.4,faceUpStep=48.90,geomCount=13,finalCount=13,bottomRank=Ace,n/a,boundary=[not-face-down@faceDownCount=0:teal=0.000,white=0.685,red=0.111,black=0.111],exposedIndex=10,distanceFromBottom=2; deck-constraint:10C->10C~]
  slot tableau:1:11 10C~ conf=0.80 rank=rank-png-strong@0.80 {K:0.84 8:0.84 9:0.83 6:0.82} suit=suit-ambiguous-black {C:0.00 S:0.00} post=[ink-ratio:red=0.0000,black=0.2222,inkRed=false,inkRegion=header; black-tiebreak:branch=belowFloor->ambiguous; black-tiebreak2:branch=belowFloor->ambiguous; cascade:firstFaceTop=837.7,bottomTop=1528.4,faceUpStep=48.90,geomCount=13,finalCount=13,bottomRank=Ace,n/a,boundary=[not-face-down@faceDownCount=0:teal=0.000,white=0.685,red=0.111,black=0.111],exposedIndex=11,distanceFromBottom=1]
  slot tableau:1:12 ? conf=0.40 rank=? {10:0.60 Q:0.58 8:0.57 7:0.56} suit=suit-png@0.64 {S:0.74 C:0.71} post=[ocr=miss:empty; black-tiebreak:full=C0.71/S0.74,top=C0.58/S0.64,shape=Clubs@0.36;branch=topSpade-widePeakOnlyNoVeto->Spades; ink-ratio:red=0.0000,black=0.1400,inkRed=false; cascade:firstFaceTop=837.7,bottomTop=1528.4,faceUpStep=48.90,geomCount=13,finalCount=13,bottomRank=Ace,n/a,boundary=[not-face-down@faceDownCount=0:teal=0.000,white=0.685,red=0.111,black=0.111]]
  slot tableau:3:4 10S~ conf=0.55 rank=rank-ocr@0.55 {4:0.42 9:0.41 6:0.39 A:0.39} suit=suit-png@0.56 {S:0.53 C:0.52} post=[ocr='VIOlatE'@0.55; black-tiebreak:full=C0.52/S0.53,top=C0.50/S0.56,shape=Spades@1.20;branch=topLeaderDirect->Spades; ink-ratio:red=0.0000,black=0.0648,inkRed=false,inkRegion=header; post-black-suit:marked-ambiguous; black-tiebreak2:branch=belowFloor->ambiguous; cascade:firstFaceTop=837.7,bottomTop=1528.4,faceUpStep=48.90,geomCount=13,finalCount=13,bottomRank=Ace,n/a,boundary=[not-face-down@faceDownCount=0:teal=0.000,white=0.685,red=0.000,black=0.093],exposedIndex=4,distanceFromBottom=8]
  slot waste ? conf=0.40 rank=? {J:0.21 10:0.19 Q:0.19 8:0.15} suit=suit-png@0.55 {S:0.77 C:0.75} post=[ocr=miss:empty; black-tiebreak:full=C0.75/S0.77,top=C0.55/S0.64,shape=Clubs@0.70;branch=topSpade-clubLobeEvidence->Clubs; ink-ratio:red=0.0000,black=0.1389,inkRed=false]
18:03:05.931 OUTCOME=NOT_PLAY_SCREEN status=Waiting for game board… 2728ms
  frame=1080x2340 elapsed=2728ms conf=0.60 knownFaceUp=0
  timing: queueDelay=0ms detect=2728ms select=0ms total=2728ms
  move=- score=- rationale=-
  from=null to=null
  signature=null
  diag: boardConfidence=0.85
  diag: profile=solitaire_smash_s25
  diag: stock=no-card-face
  diag: foundation0=match-Jack-Spades@0.45:JS
  diag: foundation1=face-up-color-black:AC
  diag: foundation2=face-up-color-black:AC
  diag: foundation3=face-up-color-black:AC
  diag: tableau0.faceScan=rowHeight=5.74,lastWhiteBottom=1825.2,whiteRows=173,minimumRows=7,breakY=none
  diag: tableau0.region=1632.4-1825.2
  diag: tableau0=U,U,U,U,U,U,U,U,U,U,King_Clubs,Queen_Diamonds,Jack_Spades
  diag: tableau1.faceScan=rowHeight=5.74,lastWhiteBottom=1032.8,whiteRows=34,minimumRows=7,breakY=1067.2
  diag: tableau1.region=840.0-1032.8
  diag: tableau1=Ten_Spades
  diag: tableau2.faceScan=rowHeight=5.74,lastWhiteBottom=1032.8,whiteRows=33,minimumRows=7,breakY=1067.2
  diag: tableau2.region=840.0-1032.8
  diag: tableau2=Ten_Clubs
  diag: tableau3.faceScan=rowHeight=5.74,lastWhiteBottom=1825.2,whiteRows=173,minimumRows=7,breakY=none
  diag: tableau3[top]=no-card-face
  diag: tableau3.region=1632.4-1825.2
  diag: tableau3=U,U,U,U,U,U,U,U,U,U,U,U,U
  diag: tableau4.faceScan=rowHeight=5.74,lastWhiteBottom=1825.2,whiteRows=173,minimumRows=7,breakY=none
  diag: tableau4[top]=no-card-face
  diag: tableau4.region=1632.4-1825.2
  diag: tableau4=U,U,U,U,U,U,U,U,U,U,U,U,U
  diag: tableau5.faceScan=rowHeight=5.74,lastWhiteBottom=1825.2,whiteRows=173,minimumRows=7,breakY=none
  diag: tableau5[top]=no-card-face
  diag: tableau5.region=1632.4-1825.2
  diag: tableau5=U,U,U,U,U,U,U,U,U,U,U,U,U
  diag: tableau6.faceScan=rowHeight=5.74,lastWhiteBottom=1825.2,whiteRows=173,minimumRows=7,breakY=none
  diag: tableau6[top]=no-card-face
  diag: tableau6.region=1632.4-1825.2
  diag: tableau6=U,U,U,U,U,U,U,U,U,U,U,U,U
  diag: wasteOcr:relevant=false,ms=1088,overlapped=false
  diag: waste=face-up-color-black:null
  diag: waste-regions=exact:769-907:no-card-face,legacy:750-907:face-up-color-black
  diag: waste-rank-scores={Ace=0.050078247, Two=0.10871303, Three=0.10946052, Four=0.050816696, Five=0.1022409, Six=0.092307694, Seven=0.078364566, Eight=0.09055118, Nine=0.08315412, Ten=0.068327405, Jack=0.11940298, Queen=0.033044845, King=0.07783183}
  diag: waste-suit-scores={Hearts=0.0, Diamonds=0.0, Clubs=0.0, Spades=0.0}
  diag: livePlayScreen=false
  diag: gameFooter=false
  diag: lobbyScreen=false
  diag: knownFaceUp=6
  diag: timing:total=2700ms,tableau=9758ms[c0=2646,c1=1672,c2=1584,c3=1854,c4=1305,c5=599,c6=100],scrub=0ms,deckConstraint=17ms,recognize:hits=0,misses=75,missTime=15384ms,missReason:newKey=28,fingerprint=47,bounds=0
  recognition:
  slot foundation:0 JC conf=0.45 rank=rank-opencv@0.45 {J:0.18 4:0.16 7:0.14 Q:0.14} suit=suit-png@0.60 {S:0.60 C:0.53} post=[ocr=miss:empty; black-tiebreak:full=C0.53/S0.60,top=C0.48/S0.63,branch=wideMarginDirect->Spades; ink-ratio:red=0.0000,black=0.0473,inkRed=false; deck-constraint:JS->JC]
  slot foundation:1 ? conf=0.55 rank=? {2:0.31 3:0.29 7:0.29 4:0.28} suit=? {S:0.45 C:0.43} post=[ocr=miss:unparsed='de']
  slot foundation:2 ? conf=0.55 rank=? {4:0.32 J:0.29 A:0.28 7:0.28} suit=? {C:0.00 S:0.00} post=[ocr=miss:unparsed='th']
  slot foundation:3 ? conf=0.55 rank=? {4:0.31 7:0.29 5:0.28 A:0.28} suit=? {C:0.00 S:0.00} post=[ocr=miss:empty]
  slot tableau:0:12 JS conf=0.53 rank=rank-opencv@0.53 {J:0.17 4:0.16 7:0.13 5:0.13} suit=suit-png@0.55 {S:0.55 C:0.46} post=[ocr=miss:empty; black-tiebreak:full=C0.46/S0.55,top=C0.40/S0.54,branch=wideMarginDirect->Spades; ink-ratio:red=0.0000,black=0.0311,inkRed=false; cascade:firstFaceTop=837.7,bottomTop=1632.4,faceUpStep=48.90,geomCount=13,finalCount=13,bottomRank=Jack,leadingRank=Jack,rankCount=1,diff=-12,applied=false,boundary=[not-face-down@faceDownCount=0:teal=0.000,white=0.852,red=0.000,black=0.111]]
  slot tableau:1 10S conf=0.60 rank=rank-glyph@0.60 {2:0.35 7:0.32 5:0.31 3:0.31} suit=suit-png@0.52 {S:0.40 C:0.35} post=[ocr=miss:unparsed='/go'; black-tiebreak:full=C0.35/S0.40,top=C0.40/S0.52,shape=none;branch=topLeaderDirect->Spades; ink-ratio:red=0.0000,black=0.0718,inkRed=false; black-tiebreak2:full=C0.35/S0.40,top=C0.40/S0.52,shape=none;branch=topLeaderDirect->Spades; cascade:firstFaceTop=837.7,bottomTop=840.0,faceUpStep=48.90,geomCount=1,finalCount=1,bottomRank=Ten,leadingUnknown,boundary=[ran-out-of-room]]
  slot tableau:2 10C conf=0.60 rank=rank-glyph@0.60 {4:0.31 Q:0.29 10:0.29 A:0.29} suit=suit-ambiguous-black {C:0.00 S:0.00} post=[ocr=miss:empty; ink-ratio:red=0.0000,black=0.0671,inkRed=false; black-tiebreak:branch=belowFloor->ambiguous; black-tiebreak2:branch=belowFloor->ambiguous; cascade:firstFaceTop=837.7,bottomTop=840.0,faceUpStep=48.90,geomCount=1,finalCount=1,bottomRank=Ten,leadingUnknown,boundary=[ran-out-of-room]; deck-constraint:10C~->10C]
  slot waste ? conf=0.55 rank=? {4:0.22 7:0.20 J:0.19 A:0.18} suit=? {C:0.00 S:0.00} post=[ocr=miss:empty]
18:04:11.494 === golden evaluate ===
18:04:11.494 Golden set: 151 samples, 5317 labeled slots
18:04:11.494 Accuracy: 97% (5179/5317)
18:04:11.494 Rank errors: 62  Suit errors: 87  Occupancy: 24  Missing: 4
18:04:11.494 Confusions:
18:04:11.494   Clubs → Spades (24)
18:04:11.494   FaceDown → FaceUp (18)
18:04:11.494   Spades → Clubs (14)
18:04:11.494   Hearts → Diamonds (9)
18:04:11.494   Diamonds → Hearts (8)
18:04:11.495   Spades → Hearts (7)
18:04:11.495   Hearts → Spades (5)
18:04:11.495   Spades → Diamonds (5)
18:04:11.495 Red suit confusions (H↔D):
18:04:11.495   Hearts → Diamonds (9)
18:04:11.495   Diamonds → Hearts (8)
18:04:11.495 Black suit confusions (C↔S):
18:04:11.495   Clubs → Spades (24)
18:04:11.495   Spades → Clubs (14)
18:04:11.495 Examples:
18:04:11.495   20260814_125606 waste occupancy QD vs ?
18:04:11.495   20260815_224212 waste 6S vs 6C
18:04:11.495   20260818_080819 tableau:5 QS vs QC~
18:04:11.495   20260819_202405 tableau:5 occupancy DOWN vs 9D
18:04:11.495   20260819_202405 tableau:5 occupancy DOWN vs 9D
18:04:11.495   20260819_210739 waste JS vs JC
18:04:11.496   20260819_211539 tableau:3 8D vs 7C~
18:04:11.496   20260819_211539 tableau:3 7C vs 6D~
18:04:11.496   20260819_211539 tableau:3 5S vs 4H~
18:04:11.496   20260819_211539 tableau:3 4H vs 3S~
18:04:11.496   20260819_211539 tableau:3 3S vs 2D~
18:04:11.496   20260819_212027 tableau:3 occupancy DOWN vs 8C~
18:04:11.502 Mismatch traces (138):
18:04:11.502   20260814_125606 waste QD vs ? | rank=? {2:0.61 7:0.61 K:0.61 6:0.55} | suit=suit-png@0.96 {D:0.92 H:0.86} | post=[ocr=miss:empty; ink-ratio:red=0.1829,black=0.0000,inkRed=true] | diag=face-up-color-red-rank=null | probe=whole@704,503,843,713:ocr=miss:empty;corner@704,503,765,566:ocr=miss:empty
18:04:11.502   20260815_224212 waste 6S vs 6C | rank=rank-ocr@0.62 {5:0.50 J:0.47 Q:0.45 3:0.45} | suit=suit-png@0.83 {C:0.83 S:0.77} | post=[waste-fusion:legacy=Four_Clubs,tight=Six_Clubs; whole@756,503,895,713:ocr='6'@0.62; waste-ocr-rank:Six; black-tiebreak:full=C0.83/S0.77,top=C0.65/S0.47,branch=wideMarginDirect->Clubs; ink-ratio:red=0.0000,black=0.1644,inkRed=false; ocr='6'@0.62; ink-ratio:red=0.0000,black=0.1934,inkRed=false] | diag=fused-Six-Clubs | probe=whole@756,503,895,713:ocr='6'@0.62
18:04:11.502   20260818_080819 tableau:5 QS vs QC~ | rank=rank-png-strong@0.86 {A:0.86 8:0.83 Q:0.82 4:0.82} | suit=suit-png@0.70 {C:0.70 S:0.63} | post=[black-tiebreak:full=C0.70/S0.63,top=C0.55/S0.38,branch=wideMarginDirect->Clubs; ink-ratio:red=0.0000,black=0.1389,inkRed=false,inkRegion=header; geom-override:direct=Ace_Clubs,conf=0.86,to=Queen_Clubs; deck-constraint:QC->QC~] | diag=geom-override:match-Ace-Clubs@0.86 | probe=ocr=miss:empty
18:04:11.503   20260819_202405 tableau:5 DOWN vs 9D | rank=rank-png-strong@0.85 {9:0.85 8:0.82 3:0.78 5:0.77} | suit=suit-png@0.98 {D:0.94 H:0.85} | post=[ink-ratio:red=0.2133,black=0.0000,inkRed=true; cascade:firstFaceTop=1103.7,bottomTop=1081.0,faceUpStep=48.90,geomCount=1,finalCount=1,bottomRank=Nine,leadingRank=King,rankCount=5,diff=4,applied=false,boundary=[ran-out-of-room]] | diag=match-Nine-Diamonds@0.85
18:04:11.503   20260819_202405 tableau:5 DOWN vs 9D | rank=rank-png-strong@0.85 {9:0.85 8:0.82 3:0.78 5:0.77} | suit=suit-png@0.98 {D:0.94 H:0.85} | post=[ink-ratio:red=0.2133,black=0.0000,inkRed=true; cascade:firstFaceTop=1103.7,bottomTop=1081.0,faceUpStep=48.90,geomCount=1,finalCount=1,bottomRank=Nine,leadingRank=King,rankCount=5,diff=4,applied=false,boundary=[ran-out-of-room]] | diag=match-Nine-Diamonds@0.85
18:04:11.503   20260819_210739 waste JS vs JC | rank=rank-opencv@0.56 {Q:0.42 5:0.41 6:0.38 8:0.38} | suit=suit-png@0.83 {C:0.83 S:0.77} | post=[waste-fusion:legacy=Jack_Clubs,tight=Four_Clubs; whole@756,503,895,713:ocr='J'@0.62; waste-ocr-rank:Jack; black-tiebreak:full=C0.83/S0.77,top=C0.65/S0.47,branch=wideMarginDirect->Clubs; ink-ratio:red=0.0000,black=0.1250,inkRed=false; ocr=miss:empty; ink-ratio:red=0.0000,black=0.1379,inkRed=false] | diag=fused-Jack-Clubs | probe=whole@756,503,895,713:ocr='J'@0.62
18:04:11.503   20260819_211539 tableau:3 8D vs 7C~ | rank=rank-png-strong@0.92 {7:0.92 2:0.84 3:0.78 J:0.73} | suit=suit-png@0.94 {C:0.94 S:0.86} | post=[ocr='7'@0.62; black-tiebreak:full=C0.94/S0.86,top=C0.95/S0.82,branch=wideMarginDirect->Clubs; ink-ratio:red=0.0000,black=0.2037,inkRed=false,inkRegion=header; cascade:firstFaceTop=926.4,bottomTop=1476.8,faceUpStep=48.90,geomCount=12,finalCount=12,bottomRank=Two,leadingRank=King,rankCount=12,diff=0,applied=false,boundary=[not-face-down@faceDownCount=2:teal=0.000,white=0.796,red=0.000,black=0.204],exposedIndex=6,distanceFromBottom=5; deck-constraint:7C->7C~] | diag=match-Seven-Clubs@0.92 | probe=ocr=miss:empty
18:04:11.503   20260819_211539 tableau:3 7C vs 6D~ | rank=rank-png-strong@0.89 {6:0.89 A:0.83 8:0.82 4:0.81} | suit=suit-png@1.00 {D:0.96 H:0.82} | post=[ink-ratio:red=0.2130,black=0.0000,inkRed=true,inkRegion=header; cascade:firstFaceTop=926.4,bottomTop=1476.8,faceUpStep=48.90,geomCount=12,finalCount=12,bottomRank=Two,leadingRank=King,rankCount=12,diff=0,applied=false,boundary=[not-face-down@faceDownCount=2:teal=0.000,white=0.796,red=0.000,black=0.204],exposedIndex=7,distanceFromBottom=4; deck-constraint:6D->6D~] | diag=match-Six-Diamonds@0.89 | probe=ocr=miss:empty
18:04:11.503   20260819_211539 tableau:3 5S vs 4H~ | rank=rank-png-strong@0.91 {4:0.91 A:0.85 9:0.76 J:0.76} | suit=suit-png@0.97 {H:0.93 D:0.85} | post=[ink-ratio:red=0.2407,black=0.0000,inkRed=true,inkRegion=header; cascade:firstFaceTop=926.4,bottomTop=1476.8,faceUpStep=48.90,geomCount=12,finalCount=12,bottomRank=Two,leadingRank=King,rankCount=12,diff=0,applied=false,boundary=[not-face-down@faceDownCount=2:teal=0.000,white=0.796,red=0.000,black=0.204],exposedIndex=9,distanceFromBottom=2; deck-constraint:4H->4H~] | diag=match-Four-Hearts@0.91 | probe=ocr='4'@0.62
18:04:11.504   20260819_211539 tableau:3 4H vs 3S~ | rank=rank-png-strong@0.90 {3:0.90 8:0.80 9:0.80 2:0.80} | suit=suit-png@0.98 {S:0.93 C:0.89} | post=[black-tiebreak:full=C0.89/S0.93,top=C0.81/S0.98,shape=Spades@1.30;branch=topLeaderDirect->Spades; ink-ratio:red=0.0000,black=0.2130,inkRed=false,inkRegion=header; cascade:firstFaceTop=926.4,bottomTop=1476.8,faceUpStep=48.90,geomCount=12,finalCount=12,bottomRank=Two,leadingRank=King,rankCount=12,diff=0,applied=false,boundary=[not-face-down@faceDownCount=2:teal=0.000,white=0.796,red=0.000,black=0.204],exposedIndex=10,distanceFromBottom=1; deck-constraint:3S->3S~] | diag=match-Three-Spades@0.90 | probe=ocr='3'@0.62
18:04:11.504   20260819_211539 tableau:3 3S vs 2D~ | rank=rank-png-strong@0.87 {2:0.87 7:0.78 3:0.74 J:0.73} | suit=suit-png@0.94 {H:0.90 D:0.87} | post=[ink-ratio:red=0.1933,black=0.0356,inkRed=true; cascade:firstFaceTop=926.4,bottomTop=1476.8,faceUpStep=48.90,geomCount=12,finalCount=12,bottomRank=Two,leadingRank=King,rankCount=12,diff=0,applied=false,boundary=[not-face-down@faceDownCount=2:teal=0.000,white=0.796,red=0.000,black=0.204]; deck-constraint:2D->2D~] | diag=match-Two-Diamonds@0.87 | probe=ocr='2'@0.62
18:04:11.504   20260819_212027 tableau:3 DOWN vs 8C~ | rank=rank-png-strong@0.88 {8:0.88 9:0.83 A:0.83 6:0.82} | suit=suit-png@0.94 {C:0.94 S:0.86} | post=[black-tiebreak:full=C0.94/S0.86,top=C0.96/S0.84,branch=wideMarginDirect->Clubs; ink-ratio:red=0.0000,black=0.2037,inkRed=false,inkRegion=header; cascade:firstFaceTop=926.4,bottomTop=1035.1,faceUpStep=48.90,geomCount=3,finalCount=3,bottomRank=Six,leadingRank=Eight,rankCount=3,diff=0,applied=false,boundary=[not-face-down@faceDownCount=2:teal=0.000,white=0.833,red=0.000,black=0.130],exposedIndex=0,distanceFromBottom=2; deck-constraint:8C->8C~] | diag=match-Eight-Clubs@0.88
18:04:11.504   20260819_212027 tableau:3 8C vs 7H~ | rank=rank-png-strong@0.91 {7:0.91 2:0.86 3:0.78 J:0.75} | suit=suit-png@0.93 {H:0.93 D:0.85} | post=[ocr='7'@0.62; ink-ratio:red=0.2407,black=0.0000,inkRed=true,inkRegion=header; cascade:firstFaceTop=926.4,bottomTop=1035.1,faceUpStep=48.90,geomCount=3,finalCount=3,bottomRank=Six,leadingRank=Eight,rankCount=3,diff=0,applied=false,boundary=[not-face-down@faceDownCount=2:teal=0.000,white=0.833,red=0.000,black=0.130],exposedIndex=1,distanceFromBottom=1; deck-constraint:7H->7H~] | diag=match-Seven-Hearts@0.91 | probe=ocr=miss:empty
18:04:11.504   20260819_212027 tableau:6 8H vs JC~ | rank=rank-png@0.65 {J:0.65 4:0.56 5:0.55 3:0.53} | suit=suit-ambiguous-red {H:0.62 D:0.61} | post=[ocr=miss:empty; ink-ratio:red=0.1759,black=0.1481,inkRed=true,inkRegion=header; geom-override:direct=Jack_Hearts,conf=0.65,to=Jack_Clubs] | diag=geom-override:match-Jack-Hearts-ambiguous@0.6491872 | inferred=[rank=? {J:0.61 3:0.60 5:0.58 6:0.56} | suit=? {D:0.61 C:0.60 H:0.54 S:0.52} | post=[ocr=miss:empty; rejected:known=false,conf=0.55] | diag=inferred-cascade:face-up-color-unknown] | probe=ocr='8'@0.62
18:04:11.504   20260819_212423 tableau:3 DOWN vs 8C~ | rank=rank-png-strong@0.88 {8:0.88 9:0.83 A:0.83 6:0.82} | suit=suit-png@0.94 {C:0.94 S:0.86} | post=[black-tiebreak:full=C0.94/S0.86,top=C0.96/S0.84,branch=wideMarginDirect->Clubs; ink-ratio:red=0.0000,black=0.2037,inkRed=false,inkRegion=header; cascade:firstFaceTop=926.4,bottomTop=1081.0,faceUpStep=48.90,geomCount=4,finalCount=4,bottomRank=Five,leadingRank=Eight,rankCount=4,diff=0,applied=false,boundary=[not-face-down@faceDownCount=2:teal=0.000,white=0.833,red=0.000,black=0.130],exposedIndex=0,distanceFromBottom=3; deck-constraint:8C->8C~] | diag=match-Eight-Clubs@0.88
18:04:11.505   20260819_212423 tableau:3 DOWN vs 7H~ | rank=rank-png-strong@0.91 {7:0.91 2:0.86 3:0.78 J:0.75} | suit=suit-png@0.93 {H:0.93 D:0.85} | post=[ocr='7'@0.62; ink-ratio:red=0.2407,black=0.0000,inkRed=true,inkRegion=header; cascade:firstFaceTop=926.4,bottomTop=1081.0,faceUpStep=48.90,geomCount=4,finalCount=4,bottomRank=Five,leadingRank=Eight,rankCount=4,diff=0,applied=false,boundary=[not-face-down@faceDownCount=2:teal=0.000,white=0.833,red=0.000,black=0.130],exposedIndex=1,distanceFromBottom=2; deck-constraint:7H->7H~] | diag=match-Seven-Hearts@0.91
18:04:11.505   20260819_212423 tableau:3 8C vs 6S~ | rank=rank-png-strong@0.89 {6:0.89 A:0.83 8:0.82 4:0.80} | suit=suit-png@0.96 {S:0.93 C:0.88} | post=[black-tiebreak:full=C0.88/S0.93,top=C0.79/S0.96,shape=Spades@1.30;branch=topLeaderDirect->Spades; ink-ratio:red=0.0000,black=0.2315,inkRed=false,inkRegion=header; cascade:firstFaceTop=926.4,bottomTop=1081.0,faceUpStep=48.90,geomCount=4,finalCount=4,bottomRank=Five,leadingRank=Eight,rankCount=4,diff=0,applied=false,boundary=[not-face-down@faceDownCount=2:teal=0.000,white=0.833,red=0.000,black=0.130],exposedIndex=2,distanceFromBottom=1; deck-constraint:6S->6S~] | diag=match-Six-Spades@0.89 | probe=ocr=miss:empty
18:04:11.505   20260819_212423 tableau:3 6S vs 5D~ | rank=rank-png-strong@0.82 {5:0.82 6:0.77 3:0.77 8:0.76} | suit=suit-png@0.97 {D:0.93 H:0.85} | post=[ink-ratio:red=0.1844,black=0.0000,inkRed=true; cascade:firstFaceTop=926.4,bottomTop=1081.0,faceUpStep=48.90,geomCount=4,finalCount=4,bottomRank=Five,leadingRank=Eight,rankCount=4,diff=0,applied=false,boundary=[not-face-down@faceDownCount=2:teal=0.000,white=0.833,red=0.000,black=0.130]; deck-constraint:5D->5D~] | diag=match-Five-Diamonds@0.82 | probe=ocr=miss:empty
18:04:11.505   20260819_212423 tableau:6 8H vs 10H | rank=rank-png@0.65 {J:0.65 4:0.56 5:0.55 3:0.53} | suit=suit-ambiguous-red {H:0.62 D:0.61} | post=[ocr=miss:empty; ink-ratio:red=0.1759,black=0.1481,inkRed=true,inkRegion=header; geom-override:direct=Jack_Hearts,conf=0.65,to=Ten_Hearts; deck-constraint:10H~->10H] | diag=geom-override:match-Jack-Hearts-ambiguous@0.6491872 | inferred=[rank=? {J:0.61 3:0.60 5:0.58 6:0.56} | suit=? {D:0.61 C:0.60 H:0.54 S:0.52} | post=[ocr=miss:empty; rejected:known=false,conf=0.55] | diag=inferred-cascade:face-up-color-unknown] | probe=ocr='8'@0.62
18:04:11.505   20260819_212423 tableau:6 7S vs 10H | rank=rank-png@0.65 {J:0.65 4:0.56 5:0.55 3:0.53} | suit=suit-ambiguous-red {H:0.62 D:0.61} | post=[ocr=miss:empty; ink-ratio:red=0.1759,black=0.1481,inkRed=true,inkRegion=header; geom-override:direct=Jack_Hearts,conf=0.65,to=Ten_Hearts; deck-constraint:10H~->10H] | diag=geom-override:match-Jack-Hearts-ambiguous@0.6491872 | inferred=[rank=? {J:0.61 3:0.60 5:0.58 6:0.56} | suit=? {D:0.61 C:0.60 H:0.54 S:0.52} | post=[ocr=miss:empty; rejected:known=false,conf=0.55] | diag=inferred-cascade:face-up-color-unknown] | probe=ocr='7'@0.62
18:04:11.505   20260819_212423 tableau:6 6D vs 6H~ | rank=rank-png@0.62 {J:0.62 5:0.55 4:0.51 7:0.51} | suit=suit-ambiguous-red {H:0.65 D:0.63} | post=[ocr=miss:empty; ink-ratio:red=0.1574,black=0.1296,inkRed=true,inkRegion=header; geom-override:direct=Jack_Hearts,conf=0.62,to=Six_Hearts] | diag=geom-override:match-Jack-Hearts-ambiguous@0.61538464 | inferred=[rank=rank-png@0.57 {J:0.57 4:0.50 A:0.48 7:0.47} | suit=? {C:0.59 D:0.57 S:0.52 H:0.50} | post=[ocr=miss:empty; rejected:known=false,conf=0.55] | diag=inferred-cascade:face-up-color-unknown] | probe=ocr='6'@0.62
18:04:11.506   20260819_212423 tableau:6 4H vs 5C~ | rank=rank-png@0.56 {J:0.56 5:0.52 3:0.50 6:0.48} | suit=suit-png@0.59 {D:0.59 C:0.57 H:0.52 S:0.49} | post=[ocr=miss:empty; ink-ratio:red=0.0833,black=0.1574,inkRed=null,inkRegion=header; geom-override:direct=Jack_Diamonds,conf=0.56,to=Five_Clubs] | diag=geom-override:match-Jack-Diamonds@0.56 | inferred=[rank=? {7:0.43 J:0.42 3:0.41 5:0.38} | suit=? {C:0.31 S:0.26} | post=[ocr=miss:empty; rejected:known=false,conf=0.55] | diag=inferred-cascade:face-up-color-black] | probe=ocr=miss:empty
18:04:11.506   20260820_100908 tableau:4 7S vs 6H~ | rank=rank-png-strong@0.87 {6:0.87 A:0.83 4:0.81 8:0.81} | suit=suit-png@0.89 {H:0.89 D:0.81} | post=[ink-ratio:red=0.2130,black=0.0278,inkRed=true,inkRegion=header; cascade:firstFaceTop=1015.1,bottomTop=1230.1,faceUpStep=48.90,geomCount=5,finalCount=5,bottomRank=Five,leadingRank=Nine,rankCount=5,diff=0,applied=false,boundary=[not-face-down@faceDownCount=4:teal=0.315,white=0.574,red=0.000,black=0.074],exposedIndex=3,distanceFromBottom=1; deck-constraint:6H->6H~] | diag=match-Six-Hearts@0.87 | inferred=[rank=? {5:0.68 9:0.67 6:0.64 3:0.63} | suit=suit-png@0.84 {D:0.84 C:0.82 H:0.79 S:0.72} | post=[ocr=miss:empty; ink-ratio:red=0.0463,black=0.1574,inkRed=null,inkRegion=header; rejected:known=false,conf=0.40] | diag=inferred-cascade:face-up-color-red-rank=null] | probe=ocr='7'@0.62
18:04:11.506   20260820_100908 tableau:5 9D vs 8C | rank=rank-png-strong@0.69 {6:0.69 A:0.69 8:0.66 4:0.66} | suit=suit-png@0.72 {D:0.72 C:0.65 H:0.63 S:0.58} | post=[ink-ratio:red=0.0463,black=0.1481,inkRed=null,inkRegion=header; geom-override:direct=Six_Diamonds,conf=0.69,to=Eight_Clubs] | diag=geom-override:match-Six-Diamonds@0.69 | inferred=[rank=? {7:0.66 2:0.64 K:0.61 10:0.59} | suit=suit-png@0.81 {D:0.81 H:0.69} | post=[ocr=miss:empty; ink-ratio:red=0.1296,black=0.0556,inkRed=true,inkRegion=header; rejected:known=false,conf=0.40] | diag=inferred-cascade:face-up-color-red-rank=null] | probe=ocr='6'@0.62
18:04:11.506   20260820_100908 tableau:5 4S vs 4C~ | rank=rank-png-strong@0.70 {7:0.70 2:0.67 3:0.63 5:0.62} | suit=suit-png@0.78 {D:0.78 C:0.73 H:0.71 S:0.65} | post=[ocr='4'@0.62; ink-ratio:red=0.0556,black=0.1667,inkRed=null,inkRegion=header; geom-override:direct=Seven_Diamonds,conf=0.70,to=Four_Clubs; deck-constraint:4C->4C~] | diag=geom-override:match-Seven-Diamonds@0.70 | inferred=[rank=? {4:0.65 5:0.63 J:0.63 A:0.61} | suit=suit-png@0.82 {D:0.82 H:0.70} | post=[ocr=miss:empty; ink-ratio:red=0.1389,black=0.0370,inkRed=true,inkRegion=header; rejected:known=false,conf=0.40] | diag=inferred-cascade:face-up-color-red-rank=null] | probe=ocr=miss:empty
18:04:11.506   20260820_100908 tableau:5 3D vs 2S~ | rank=rank-png-strong@0.87 {2:0.87 7:0.77 3:0.74 8:0.73} | suit=suit-png@0.83 {S:0.91 C:0.87} | post=[black-tiebreak:full=C0.87/S0.91,top=C0.75/S0.83,shape=Clubs@0.36;branch=topSpade-widePeakOnlyNoVeto->Spades; ink-ratio:red=0.0000,black=0.1822,inkRed=false; cascade:firstFaceTop=1059.4,bottomTop=1522.7,faceUpStep=48.90,geomCount=10,finalCount=10,bottomRank=Two,leadingUnknown,boundary=[white-override@faceDownCount=5:white=0.315,hit=match-Ten-Diamonds@0.60]; deck-constraint:2S->2S~] | diag=match-Two-Spades@0.87 | inferred=[rank=? {4:0.65 5:0.63 J:0.63 A:0.61} | suit=suit-png@0.82 {D:0.82 H:0.70} | post=[ocr=miss:empty; ink-ratio:red=0.1389,black=0.0370,inkRed=true,inkRegion=header; rejected:known=false,conf=0.40] | diag=inferred-cascade:face-up-color-red-rank=null] | probe=ocr=miss:empty
18:04:11.506   20260820_100908 tableau:6 KS vs DOWN | rank=? | suit=? | diag=face-down-boundary | inferred=[rank=rank-png-strong@0.78 {9:0.78 8:0.77 A:0.76 5:0.74} | suit=? {H:0.54 C:0.52 S:0.46 D:0.43} | post=[rejected:known=false,conf=0.55] | diag=inferred-cascade:face-up-color-unknown] | probe=ocr=miss:empty
18:04:11.506   20260820_100908 tableau:6 QD vs KH | rank=rank-png-strong@0.79 {K:0.79 8:0.76 9:0.74 5:0.73} | suit=suit-ambiguous-red {D:0.46 H:0.45} | post=[ink-ratio:red=0.1667,black=0.0926,inkRed=true,inkRegion=header; post-red-suit:Diamonds->Hearts; cascade:firstFaceTop=1148.1,bottomTop=1327.6,faceUpStep=48.90,geomCount=5,finalCount=5,bottomRank=Nine,leadingUnknown,boundary=[not-face-down@faceDownCount=7:teal=0.000,white=0.556,red=0.000,black=0.370],exposedIndex=1,distanceFromBottom=3] | diag=match-King-Diamonds-ambiguous@0.79273725 | inferred=[rank=rank-png-strong@0.78 {9:0.78 8:0.77 A:0.76 5:0.74} | suit=? {H:0.54 C:0.52 S:0.46 D:0.43} | post=[rejected:known=false,conf=0.55] | diag=inferred-cascade:face-up-color-unknown] | probe=ocr=miss:empty
18:04:11.507   20260820_100908 tableau:6 JS vs KH | rank=rank-png-strong@0.79 {K:0.79 8:0.76 9:0.74 5:0.73} | suit=suit-ambiguous-red {D:0.46 H:0.45} | post=[ink-ratio:red=0.1667,black=0.0926,inkRed=true,inkRegion=header; post-red-suit:Diamonds->Hearts; cascade:firstFaceTop=1148.1,bottomTop=1327.6,faceUpStep=48.90,geomCount=5,finalCount=5,bottomRank=Nine,leadingUnknown,boundary=[not-face-down@faceDownCount=7:teal=0.000,white=0.556,red=0.000,black=0.370],exposedIndex=1,distanceFromBottom=3] | diag=match-King-Diamonds-ambiguous@0.79273725 | inferred=[rank=? {A:0.59 4:0.57 J:0.57 7:0.53} | suit=suit-png@0.54 {H:0.54 C:0.50 S:0.44 D:0.42} | post=[ocr=miss:empty; ink-ratio:red=0.1204,black=0.1481,inkRed=null,inkRegion=header; rejected:known=false,conf=0.40] | diag=inferred-cascade:face-up-color-red-rank=null] | probe=ocr=miss:empty
18:04:11.507   20260822_095211 waste 3S vs 3C | rank=rank-ocr@0.62 {Q:0.47 A:0.44 10:0.42 4:0.42} | suit=suit-png@0.83 {C:0.83 S:0.77} | post=[waste-fusion:legacy=Jack_Clubs,tight=Three_Clubs; whole@756,503,895,713:ocr='3'@0.62; waste-ocr-rank:Three; ocr=miss:empty; black-tiebreak:full=C0.83/S0.77,top=C0.65/S0.47,branch=wideMarginDirect->Clubs; ink-ratio:red=0.0440,black=0.1412,inkRed=false; ocr='3'@0.62; ink-ratio:red=0.0206,black=0.1646,inkRed=false] | diag=fused-Three-Clubs | probe=whole@756,503,895,713:ocr='3'@0.62
18:04:11.507   20260822_160919 tableau:3 9D vs 9H | rank=rank-png-strong@0.93 {9:0.93 8:0.86 5:0.79 2:0.79} | suit=suit-png@1.01 {D:0.97 H:0.82} | post=[ink-ratio:red=0.1852,black=0.0000,inkRed=true,inkRegion=header; cascade:firstFaceTop=882.1,bottomTop=1035.1,faceUpStep=48.90,geomCount=4,finalCount=4,bottomRank=Seven,leadingRank=Ten,rankCount=4,diff=0,applied=false,boundary=[not-face-down@faceDownCount=1:teal=0.000,white=0.667,red=0.000,black=0.278],exposedIndex=1,distanceFromBottom=2; deck-constraint:9D->9H] | diag=match-Nine-Diamonds@0.93 | probe=ocr='9'@0.62
18:04:11.507   20260822_160919 tableau:5 9H vs 9D | rank=rank-png-strong@0.68 {5:0.68 3:0.66 K:0.65 9:0.64} | suit=suit-png@0.58 {D:0.58 H:0.51} | post=[ink-ratio:red=0.1111,black=0.1019,inkRed=true,inkRegion=header; geom-override:direct=Five_Diamonds,conf=0.68,to=Nine_Diamonds] | diag=geom-override:match-Five-Diamonds@0.68 | inferred=[rank=? {2:0.63 A:0.62 8:0.59 6:0.58} | suit=suit-png@0.58 {D:0.58 C:0.55 H:0.50 S:0.48} | post=[ocr=miss:empty; ink-ratio:red=0.0556,black=0.1204,inkRed=null,inkRegion=header; rejected:known=false,conf=0.40] | diag=inferred-cascade:face-up-color-red-rank=null] | probe=ocr=miss:empty
18:04:11.507   20260822_192726 tableau:5 DOWN vs 9D~ | rank=rank-png-strong@0.68 {5:0.68 3:0.66 K:0.65 9:0.64} | suit=suit-png@0.56 {D:0.56 H:0.49} | post=[ink-ratio:red=0.1204,black=0.1019,inkRed=true,inkRegion=header; geom-override:direct=Five_Diamonds,conf=0.68,to=Nine_Diamonds; deck-constraint:9D->9D~] | diag=geom-override:match-Five-Diamonds@0.68 | inferred=[rank=? {2:0.62 A:0.62 8:0.58 6:0.58} | suit=? {D:0.58 C:0.56 H:0.51 S:0.49} | post=[ocr=miss:empty; rejected:known=false,conf=0.55] | diag=inferred-cascade:face-up-color-unknown]
18:04:11.507   20260822_224536 tableau:0 4C vs 4S~ | rank=rank-png-strong@0.89 {4:0.89 A:0.83 9:0.79 6:0.75} | suit=suit-opencv@0.52 {S:0.91 C:0.90} | post=[ink-ratio:red=0.0000,black=0.2315,inkRed=false,inkRegion=header; post-black-suit:marked-ambiguous; black-tiebreak2:full=C0.66/S0.66,top=C0.73/S0.69,shape=none;branch=lowTopMargin-noShape->ambiguous; cascade:firstFaceTop=837.7,bottomTop=885.9,faceUpStep=48.90,geomCount=2,finalCount=2,bottomRank=Three,leadingRank=Four,rankCount=2,diff=0,applied=false,boundary=[not-face-down@faceDownCount=0:teal=0.000,white=0.667,red=0.000,black=0.259],exposedIndex=0,distanceFromBottom=1] | diag=match-Four-Spades@0.89 | probe=ocr=miss:empty
18:04:11.508   20260822_224536 tableau:5 DOWN vs 9C~ | rank=rank-png-strong@0.69 {5:0.69 3:0.67 K:0.66 9:0.64} | suit=suit-png@0.63 {D:0.63 C:0.60 H:0.55 S:0.52} | post=[ink-ratio:red=0.0833,black=0.1111,inkRed=null,inkRegion=header; geom-override:direct=Five_Diamonds,conf=0.69,to=Nine_Clubs] | diag=geom-override:match-Five-Diamonds@0.69 | inferred=[rank=? {A:0.62 2:0.62 6:0.59 8:0.59} | suit=suit-png@0.57 {D:0.57 H:0.50} | post=[ocr=miss:empty; ink-ratio:red=0.1296,black=0.0741,inkRed=true,inkRegion=header; rejected:known=false,conf=0.40] | diag=inferred-cascade:face-up-color-red-rank=null]
18:04:11.508   20260822_225525 tableau:2 10C vs 10S~ | rank=rank-png-strong@0.91 {10:0.91 Q:0.73 8:0.72 9:0.71} | suit=suit-ambiguous-black {S:0.91 C:0.90} | post=[ink-ratio:red=0.0000,black=0.3056,inkRed=false,inkRegion=header; black-tiebreak:full=C0.90/S0.91,top=C0.86/S0.83,shape=none;branch=lowTopMargin-noShape->ambiguous; cascade:firstFaceTop=837.7,bottomTop=937.5,faceUpStep=48.90,geomCount=3,finalCount=3,bottomRank=Eight,leadingRank=Ten,rankCount=3,diff=0,applied=false,boundary=[not-face-down@faceDownCount=0:teal=0.000,white=0.593,red=0.000,black=0.352],exposedIndex=0,distanceFromBottom=2] | diag=match-Ten-Spades-ambiguous@0.90716 | probe=ocr=miss:unparsed='OL'
18:04:11.508   20260822_225525 tableau:6 4S vs 4C~ | rank=rank-png@0.58 {J:0.58 5:0.52 3:0.52 6:0.49} | suit=suit-png@0.72 {C:0.72 S:0.64 H:0.62 D:0.61} | post=[ocr=miss:empty; ink-ratio:red=0.1574,black=0.1574,inkRed=null,inkRegion=header; geom-override:direct=Jack_Clubs,conf=0.58,to=Four_Clubs; deck-constraint:4C->4C~] | diag=geom-override:match-Jack-Clubs@0.58 | inferred=[rank=rank-png@0.63 {J:0.63 3:0.59 5:0.58 6:0.55} | suit=? {D:0.61 C:0.60 H:0.54 S:0.52} | post=[ocr=miss:empty; rejected:known=false,conf=0.55] | diag=inferred-cascade:face-up-color-unknown] | probe=ocr=miss:empty
18:04:11.508   20260822_225525 tableau:6 3H vs 2S~ | rank=rank-png-strong@0.87 {2:0.87 7:0.78 3:0.74 J:0.73} | suit=suit-png@0.92 {S:0.92 C:0.87} | post=[black-tiebreak:full=C0.87/S0.92,top=C0.75/S0.89,branch=wideMarginDirect->Spades; ink-ratio:red=0.0000,black=0.2267,inkRed=false; cascade:firstFaceTop=1103.7,bottomTop=1178.5,faceUpStep=48.90,geomCount=3,finalCount=3,bottomRank=Two,leadingRank=Jack,rankCount=10,diff=7,applied=false,boundary=[not-face-down@faceDownCount=6:teal=0.000,white=0.741,red=0.000,black=0.259]; deck-constraint:2S->2S~] | diag=match-Two-Spades@0.87 | inferred=[rank=rank-png@0.63 {J:0.63 3:0.59 5:0.58 6:0.55} | suit=? {D:0.61 C:0.60 H:0.54 S:0.52} | post=[ocr=miss:empty; rejected:known=false,conf=0.55] | diag=inferred-cascade:face-up-color-unknown] | probe=ocr=miss:empty
18:04:11.508   20260822_230705 waste JD vs 6D | rank=rank-opencv@0.57 {Q:0.44 5:0.42 A:0.40 8:0.40} | suit=suit-png@1.00 {D:0.96 H:0.82} | post=[waste-fusion:legacy=null,tight=Four_Diamonds; whole@707,503,846,713:ocr=miss:empty;corner@707,503,768,566:ocr=miss:empty;whole@749,503,907,713:ocr=miss:empty;corner@749,503,819,566:ocr=miss:empty;whole@707,503,845,713:ocr=miss:empty;corner@707,503,768,566:ocr=miss:empty;whole@756,503,894,713:ocr=miss:empty;corner@756,503,817,566:ocr=miss:empty;whole@700,503,847,713:ocr=miss:empty;corner@700,503,764,566:ocr=miss:empty; ocr=miss:empty; ink-ratio:red=0.1065,black=0.0000,inkRed=true; ink-ratio:red=0.1379,black=0.0000,inkRed=true] | diag=fused-Six-Diamonds | probe=whole@707,503,846,713:ocr=miss:empty;corner@707,503,768,566:ocr=miss:empty
18:04:11.508   20260822_230705 tableau:2 8C vs 8S | rank=rank-png-strong@0.85 {8:0.85 6:0.80 A:0.79 K:0.78} | suit=suit-ambiguous-black {S:0.90 C:0.89} | post=[ink-ratio:red=0.0000,black=0.2222,inkRed=false,inkRegion=header; black-tiebreak:full=C0.89/S0.90,top=C0.86/S0.85,shape=none;branch=lowTopMargin-noShape->ambiguous; cascade:firstFaceTop=837.7,bottomTop=1132.6,faceUpStep=48.90,geomCount=7,finalCount=7,bottomRank=Three,leadingRank=Nine,rankCount=7,diff=0,applied=false,boundary=[not-face-down@faceDownCount=0:teal=0.000,white=0.648,red=0.333,black=0.000],exposedIndex=1,distanceFromBottom=5; deck-constraint:8S~->8S] | diag=match-Eight-Spades-ambiguous@0.8479946 | probe=ocr='8'@0.62
18:04:11.508   20260822_230705 tableau:4 8S vs 8C | rank=rank-png-strong@0.87 {8:0.87 A:0.86 9:0.84 4:0.82} | suit=suit-png@0.84 {D:0.84 C:0.82 H:0.79 S:0.72} | post=[ink-ratio:red=0.0370,black=0.1667,inkRed=null,inkRegion=header; geom-override:direct=Eight_Diamonds,conf=0.87,to=Eight_Clubs] | diag=geom-override:match-Eight-Diamonds@0.87 | probe=ocr=miss:empty
18:04:11.509   20260823_114138 tableau:5 DOWN vs 8C | rank=rank-png-strong@0.91 {8:0.91 6:0.81 3:0.78 9:0.77} | suit=suit-png@0.83 {S:0.92 C:0.90} | post=[black-tiebreak:full=C0.90/S0.92,top=C0.83/S0.85,shape=Clubs@0.36;branch=lowTopMargin-shapeLeader->Clubs; ink-ratio:red=0.0000,black=0.2156,inkRed=false; cascade:firstFaceTop=1103.7,bottomTop=1132.6,faceUpStep=48.90,geomCount=2,finalCount=3,bottomRank=Eight,leadingUnknown,boundary=[not-face-down@faceDownCount=6:teal=0.000,white=0.852,red=0.148,black=0.000]] | diag=match-Eight-Clubs@0.91 | inferred=[rank=rank-png-strong@0.73 {6:0.73 8:0.69 5:0.68 3:0.67} | suit=? {D:0.57 C:0.56 H:0.50 S:0.48} | post=[rejected:known=false,conf=0.55] | diag=inferred-cascade:face-up-color-unknown]
18:04:11.509   20260823_114138 tableau:5 9D vs KS | rank=rank-png-strong@0.81 {K:0.81 8:0.75 7:0.73 9:0.73} | suit=suit-png@0.52 {C:0.26 S:0.22} | post=[black-tiebreak:full=C0.26/S0.22,top=C0.52/S0.39,shape=Clubs@0.36;branch=topLeaderDirect->Clubs; ink-ratio:red=0.0000,black=0.2130,inkRed=false,inkRegion=header; post-black-suit:Clubs->Spades; cascade:firstFaceTop=1103.7,bottomTop=1132.6,faceUpStep=48.90,geomCount=2,finalCount=3,bottomRank=Eight,leadingUnknown,boundary=[not-face-down@faceDownCount=6:teal=0.000,white=0.852,red=0.148,black=0.000],exposedIndex=1,distanceFromBottom=1] | diag=match-King-Clubs@0.81 | inferred=[rank=rank-png-strong@0.73 {6:0.73 8:0.69 5:0.68 3:0.67} | suit=? {D:0.57 C:0.56 H:0.50 S:0.48} | post=[rejected:known=false,conf=0.55] | diag=inferred-cascade:face-up-color-unknown] | probe=ocr=miss:empty
18:04:11.509   20260823_114903 waste 10C vs 10S | rank=rank-png-strong@0.95 {6:0.61 8:0.60 10:0.57 5:0.54} | suit=suit-png@0.83 {C:0.83 S:0.77} | post=[waste-fusion:legacy=Ten_Clubs,tight=null; whole@756,503,895,713:ocr='10'@0.62; waste-ocr-rank:Ten; black-tiebreak:full=C0.83/S0.77,top=C0.65/S0.47,branch=wideMarginDirect->Clubs; ink-ratio:red=0.0000,black=0.2593,inkRed=false; ocr=miss:empty; ink-ratio:red=0.0000,black=0.2798,inkRed=false; deck-constraint:10C->10S] | diag=fused-Ten-Clubs | probe=whole@756,503,895,713:ocr='10'@0.62
18:04:11.509   20260823_182407 tableau:6 3C vs 2D~ | rank=rank-png-strong@0.87 {2:0.87 7:0.78 3:0.74 8:0.73} | suit=suit-png@0.94 {H:0.90 D:0.87} | post=[ink-ratio:red=0.1956,black=0.0400,inkRed=true; cascade:firstFaceTop=1103.7,bottomTop=1132.6,faceUpStep=48.90,geomCount=2,finalCount=2,bottomRank=Two,leadingUnknown,boundary=[not-face-down@faceDownCount=6:teal=0.000,white=0.741,red=0.000,black=0.222]; deck-constraint:2D->2D~] | diag=match-Two-Diamonds@0.87 | inferred=[rank=rank-png@0.63 {J:0.63 3:0.59 5:0.58 6:0.55} | suit=? {C:0.58 D:0.56 S:0.50 H:0.49} | post=[ocr=miss:empty; rejected:known=false,conf=0.55] | diag=inferred-cascade:face-up-color-unknown] | probe=ocr=miss:empty
18:04:11.509   20260823_182852 waste 3S vs 3C | rank=rank-ocr@0.62 {Q:0.47 A:0.44 10:0.42 4:0.42} | suit=suit-png@0.83 {C:0.83 S:0.77} | post=[waste-fusion:legacy=Jack_Clubs,tight=Three_Clubs; whole@756,503,895,713:ocr='3'@0.62; waste-ocr-rank:Three; ocr=miss:empty; black-tiebreak:full=C0.83/S0.77,top=C0.65/S0.47,branch=wideMarginDirect->Clubs; ink-ratio:red=0.0440,black=0.1412,inkRed=false; ocr='3'@0.62; ink-ratio:red=0.0206,black=0.1646,inkRed=false] | diag=fused-Three-Clubs | probe=whole@756,503,895,713:ocr='3'@0.62
18:04:11.509   20260823_182852 tableau:5 DOWN vs 10D | rank=rank-png-strong@0.73 {6:0.73 8:0.69 5:0.68 3:0.67} | suit=suit-png@0.63 {D:0.63 C:0.60 H:0.55 S:0.52} | post=[ink-ratio:red=0.0741,black=0.1204,inkRed=null,inkRegion=header; geom-override:direct=Six_Diamonds,conf=0.73,to=Ten_Clubs; deck-constraint:10C~->10D] | diag=geom-override:match-Six-Diamonds@0.73
18:04:11.510   20260823_182852 tableau:5 9D vs 9H~ | rank=rank-png-strong@0.68 {5:0.68 3:0.66 K:0.65 9:0.64} | suit=suit-ambiguous-red {H:0.66 D:0.64} | post=[ink-ratio:red=0.1574,black=0.1019,inkRed=true,inkRegion=header; geom-override:direct=Five_Hearts,conf=0.68,to=Nine_Hearts] | diag=geom-override:match-Five-Hearts-ambiguous@0.68444055 | inferred=[rank=? {2:0.63 A:0.62 8:0.59 6:0.58} | suit=? {D:0.57 C:0.55 H:0.50 S:0.47} | post=[ocr=miss:empty; rejected:known=false,conf=0.55] | diag=inferred-cascade:face-up-color-unknown] | probe=ocr=miss:empty
18:04:11.510   20260823_182852 tableau:5 7H vs 7D~ | rank=rank-png-strong@0.79 {K:0.79 7:0.74 2:0.73 8:0.72} | suit=suit-png@0.52 {C:0.26 S:0.25} | post=[black-tiebreak:full=C0.26/S0.25,top=C0.52/S0.44,shape=Clubs@0.36;branch=topLeaderDirect->Clubs; ink-ratio:red=0.0000,black=0.1944,inkRed=false,inkRegion=header; geom-override:direct=King_Clubs,conf=0.79,to=Seven_Diamonds] | diag=geom-override:match-King-Clubs@0.79 | inferred=[rank=? {2:0.63 A:0.62 8:0.59 6:0.58} | suit=? {D:0.57 C:0.55 H:0.50 S:0.47} | post=[ocr=miss:empty; rejected:known=false,conf=0.55] | diag=inferred-cascade:face-up-color-unknown] | probe=ocr=miss:empty
18:04:11.510   20260823_192822 tableau:6 5S vs DOWN | rank=? | suit=? | diag=face-down-boundary | inferred=[rank=rank-png@0.57 {J:0.57 4:0.49 7:0.48 3:0.46} | suit=? {H:0.54 C:0.52 S:0.46 D:0.43} | post=[ocr=miss:empty; rejected:known=false,conf=0.55] | diag=inferred-cascade:face-up-color-unknown] | probe=ocr=miss:empty
18:04:11.510   20260823_192822 tableau:6 4D vs 4H~ | rank=rank-png@0.62 {J:0.62 7:0.58 2:0.53 Q:0.53} | suit=suit-png@0.51 {H:0.51 D:0.46} | post=[ocr=miss:empty; ink-ratio:red=0.1389,black=0.1019,inkRed=true,inkRegion=header; geom-override:direct=Jack_Hearts,conf=0.62,to=Four_Hearts; deck-constraint:4H->4H~] | diag=geom-override:match-Jack-Hearts@0.62 | inferred=[rank=rank-png@0.57 {J:0.57 4:0.49 7:0.48 3:0.46} | suit=? {H:0.54 C:0.52 S:0.46 D:0.43} | post=[ocr=miss:empty; rejected:known=false,conf=0.55] | diag=inferred-cascade:face-up-color-unknown] | probe=ocr=miss:empty
18:04:11.510   20260823_195600 tableau:6 5S vs DOWN | rank=? | suit=? | diag=face-down-boundary | inferred=[rank=rank-png@0.57 {J:0.57 4:0.49 7:0.48 3:0.46} | suit=? {H:0.54 C:0.52 S:0.46 D:0.43} | post=[ocr=miss:empty; rejected:known=false,conf=0.55] | diag=inferred-cascade:face-up-color-unknown] | probe=ocr=miss:empty
18:04:11.510   20260823_195600 tableau:6 4D vs 4H~ | rank=rank-png@0.62 {J:0.62 7:0.58 2:0.53 Q:0.53} | suit=suit-png@0.51 {H:0.51 D:0.46} | post=[ocr=miss:empty; ink-ratio:red=0.1389,black=0.1019,inkRed=true,inkRegion=header; geom-override:direct=Jack_Hearts,conf=0.62,to=Four_Hearts; deck-constraint:4H->4H~] | diag=geom-override:match-Jack-Hearts@0.62 | inferred=[rank=rank-png@0.57 {J:0.57 4:0.49 7:0.48 3:0.46} | suit=? {H:0.54 C:0.52 S:0.46 D:0.43} | post=[ocr=miss:empty; rejected:known=false,conf=0.55] | diag=inferred-cascade:face-up-color-unknown] | probe=ocr=miss:empty
18:04:11.510   20260823_202313 tableau:5 KH vs QC~ | rank=rank-png-strong@0.87 {Q:0.87 8:0.84 6:0.80 10:0.75} | suit=suit-png@0.82 {S:0.91 C:0.90} | post=[ocr=miss:empty; black-tiebreak:full=C0.90/S0.91,top=C0.82/S0.85,shape=Clubs@0.36;branch=lowTopMargin-shapeLeader->Clubs; ink-ratio:red=0.0422,black=0.2667,inkRed=false; cascade:firstFaceTop=1103.7,bottomTop=1132.6,faceUpStep=48.90,geomCount=2,finalCount=2,bottomRank=Queen,leadingUnknown,boundary=[not-face-down@faceDownCount=6:teal=0.000,white=0.778,red=0.185,black=0.000]; deck-constraint:QC->QC~] | diag=match-Queen-Clubs@0.87 | inferred=[rank=rank-png-strong@0.72 {8:0.72 2:0.70 6:0.70 3:0.68} | suit=? {D:0.56 C:0.54 H:0.49 S:0.46} | post=[rejected:known=false,conf=0.55] | diag=inferred-cascade:face-up-color-unknown] | probe=ocr=miss:empty
18:04:11.511   20260823_205220 waste JC vs 6C | rank=rank-opencv@0.56 {Q:0.42 5:0.41 6:0.38 8:0.38} | suit=suit-png@0.83 {C:0.83 S:0.77} | post=[waste-fusion:legacy=null,tight=Four_Clubs; whole@659,503,798,713:ocr='J'@0.62; ocr=miss:empty; black-tiebreak:full=C0.83/S0.77,top=C0.65/S0.51,branch=wideMarginDirect->Clubs; ink-ratio:red=0.0103,black=0.1379,inkRed=false] | diag=fused-Six-Clubs | probe=whole@659,503,798,713:ocr='J'@0.62
18:04:11.511   20260823_205453 tableau:6 QC vs KS | rank=rank-png-strong@0.78 {K:0.78 8:0.76 9:0.74 5:0.73} | suit=suit-png@0.64 {C:0.64 S:0.58 H:0.56 D:0.52} | post=[ink-ratio:red=0.1019,black=0.2500,inkRed=null,inkRegion=header; post-black-suit:Clubs->Spades; black-tiebreak2:full=C0.60/S0.64,top=C0.55/S0.61,shape=none;branch=topLeaderDirect->Spades; cascade:firstFaceTop=1148.1,bottomTop=1327.6,faceUpStep=48.90,geomCount=5,finalCount=5,bottomRank=Nine,leadingRank=Nine,rankCount=1,diff=-4,applied=false,boundary=[not-face-down@faceDownCount=7:teal=0.000,white=0.630,red=0.315,black=0.056],exposedIndex=1,distanceFromBottom=3] | diag=match-King-Clubs@0.78 | inferred=[rank=? {A:0.59 J:0.57 4:0.57 7:0.54} | suit=suit-png@0.54 {C:0.54 H:0.47 D:0.46 S:0.45} | post=[ocr=miss:empty; ink-ratio:red=0.1204,black=0.1667,inkRed=null,inkRegion=header; rejected:known=false,conf=0.40] | diag=inferred-cascade:face-up-color-black-rank=null] | probe=ocr=miss:empty
18:04:11.511   20260823_205453 tableau:6 10S vs 10C~ | rank=rank-png-strong@0.69 {K:0.75 8:0.71 9:0.71 5:0.70} | suit=suit-png@0.54 {H:0.54 C:0.51 S:0.44 D:0.43} | post=[ink-ratio:red=0.0926,black=0.2593,inkRed=null,inkRegion=header; geom-override:direct=Ten_Hearts,conf=0.69,to=Ten_Clubs] | diag=geom-override:match-Ten-Hearts@0.69 | inferred=[rank=? {A:0.59 J:0.57 4:0.57 7:0.54} | suit=suit-png@0.54 {C:0.54 H:0.47 D:0.46 S:0.45} | post=[ocr=miss:empty; ink-ratio:red=0.1204,black=0.1667,inkRed=null,inkRegion=header; rejected:known=false,conf=0.40] | diag=inferred-cascade:face-up-color-black-rank=null] | probe=ocr=miss:empty
18:04:11.511   20260823_210146 tableau:6 JH vs QC~ | rank=rank-png-strong@0.69 {K:0.76 3:0.75 5:0.75 8:0.74} | suit=suit-png@0.72 {C:0.72 S:0.64 H:0.62 D:0.61} | post=[ink-ratio:red=0.1389,black=0.1667,inkRed=null,inkRegion=header; geom-override:direct=Ten_Clubs,conf=0.69,to=Queen_Clubs; deck-constraint:QC->QC~] | diag=geom-override:match-Ten-Clubs@0.69 | inferred=[rank=rank-png@0.61 {A:0.61 6:0.55 4:0.53 3:0.53} | suit=? {D:0.57 C:0.55 H:0.50 S:0.47} | post=[ocr=miss:empty; rejected:known=false,conf=0.55] | diag=inferred-cascade:face-up-color-unknown] | probe=ocr=miss:empty
18:04:11.511   20260823_210146 tableau:6 10C vs MISSING | inferred=[rank=rank-png@0.63 {7:0.63 2:0.59 5:0.54 3:0.52} | suit=? {C:0.59 D:0.57 S:0.52 H:0.50} | post=[ocr=miss:empty; rejected:known=false,conf=0.55] | diag=inferred-cascade:face-up-color-unknown] | probe=ocr=miss:empty
18:04:11.511   20260823_210146 tableau:6 9D vs MISSING | inferred=[rank=rank-png@0.65 {J:0.65 4:0.56 5:0.56 3:0.53} | suit=? {D:0.64 C:0.61 H:0.56 S:0.53} | post=[ocr=miss:empty; rejected:known=false,conf=0.55] | diag=inferred-cascade:face-up-color-unknown] | probe=ocr=miss:empty
18:04:11.512   20260823_210146 tableau:6 6S vs 5D~ | rank=rank-png-strong@0.81 {5:0.81 6:0.76 8:0.76 3:0.76} | suit=suit-png@0.94 {H:0.90 D:0.88} | post=[ink-ratio:red=0.1968,black=0.0532,inkRed=true; cascade:firstFaceTop=1103.7,bottomTop=1425.2,faceUpStep=48.90,geomCount=8,finalCount=8,bottomRank=Five,leadingRank=Ten,rankCount=6,diff=-2,applied=false,boundary=[not-face-down@faceDownCount=6:teal=0.000,white=0.722,red=0.000,black=0.278]; deck-constraint:5D->5D~] | diag=match-Five-Diamonds@0.81 | inferred=[rank=rank-png@0.62 {J:0.62 7:0.55 5:0.52 4:0.51} | suit=? {D:0.61 C:0.60 H:0.53 S:0.53} | post=[ocr=miss:empty; rejected:known=false,conf=0.55] | diag=inferred-cascade:face-up-color-unknown] | probe=ocr=miss:empty
18:04:11.512   20260823_211623 waste 3S vs 3C | rank=rank-ocr@0.62 {Q:0.47 A:0.44 10:0.42 4:0.42} | suit=suit-png@0.83 {C:0.83 S:0.77} | post=[waste-fusion:legacy=Jack_Clubs,tight=Three_Clubs; whole@756,503,895,713:ocr='3'@0.62; waste-ocr-rank:Three; ocr=miss:empty; black-tiebreak:full=C0.83/S0.77,top=C0.65/S0.47,branch=wideMarginDirect->Clubs; ink-ratio:red=0.0440,black=0.1412,inkRed=false; ocr='3'@0.62; ink-ratio:red=0.0206,black=0.1646,inkRed=false] | diag=fused-Three-Clubs | probe=whole@756,503,895,713:ocr='3'@0.62
18:04:11.512   20260823_224918 tableau:1 9C vs KC | rank=rank-png-strong@0.81 {K:0.81 7:0.75 2:0.73 8:0.67} | suit=suit-png@0.92 {C:0.92 S:0.90 D:0.87 H:0.78} | post=[ink-ratio:red=0.1481,black=0.2037,inkRed=null,inkRegion=header; cascade:firstFaceTop=837.7,bottomTop=1081.0,faceUpStep=48.90,geomCount=6,finalCount=6,bottomRank=Eight,leadingRank=King,rankCount=6,diff=0,applied=false,boundary=[not-face-down@faceDownCount=0:teal=0.000,white=0.667,red=0.000,black=0.315],exposedIndex=4,distanceFromBottom=1] | diag=match-King-Clubs@0.81 | probe=ocr=miss:empty
18:04:11.512   20260823_224918 tableau:2 QC vs QS~ | rank=rank-png-strong@0.91 {Q:0.91 9:0.80 8:0.75 6:0.74} | suit=suit-ambiguous-black {S:0.91 C:0.90} | post=[ink-ratio:red=0.0000,black=0.2407,inkRed=false,inkRegion=header; black-tiebreak:full=C0.90/S0.91,top=C0.86/S0.83,shape=none;branch=lowTopMargin-noShape->ambiguous; cascade:firstFaceTop=837.7,bottomTop=1230.1,faceUpStep=48.90,geomCount=9,finalCount=9,bottomRank=Four,leadingRank=Queen,rankCount=9,diff=0,applied=false,boundary=[not-face-down@faceDownCount=0:teal=0.000,white=0.500,red=0.000,black=0.278],exposedIndex=0,distanceFromBottom=8] | diag=match-Queen-Spades-ambiguous@0.912 | probe=ocr=miss:empty
18:04:11.512   20260823_230055 waste JH vs 6H | rank=rank-opencv@0.57 {Q:0.44 5:0.42 8:0.39 A:0.39} | suit=suit-png@0.97 {H:0.97 D:0.88} | post=[waste-fusion:legacy=null,tight=Four_Hearts; whole@707,503,846,713:ocr='J'@0.62; ocr=miss:empty; ink-ratio:red=0.1250,black=0.0000,inkRed=true; ink-ratio:red=0.1584,black=0.0000,inkRed=true] | diag=fused-Six-Hearts | probe=whole@707,503,846,713:ocr='J'@0.62
18:04:11.512   20260823_230337 waste JS vs 3C | rank=rank-opencv@0.56 {Q:0.42 5:0.41 6:0.38 8:0.38} | suit=suit-png@0.83 {C:0.83 S:0.77} | post=[waste-fusion:legacy=Jack_Clubs,tight=Four_Clubs; whole@756,503,895,713:ocr=miss:empty;corner@756,503,817,566:ocr=miss:empty;whole@749,503,907,713:ocr=miss:empty;corner@749,503,819,566:ocr=miss:empty;whole@707,503,845,713:ocr='3'@0.62; waste-ocr-rank:Three; black-tiebreak:full=C0.83/S0.77,top=C0.65/S0.47,branch=wideMarginDirect->Clubs; ink-ratio:red=0.0440,black=0.1250,inkRed=false; ocr=miss:empty; ink-ratio:red=0.0206,black=0.1379,inkRed=false] | diag=fused-Three-Clubs | probe=whole@756,503,895,713:ocr=miss:empty;corner@756,503,817,566:ocr=miss:empty
18:04:11.513   20260823_230337 tableau:6 DOWN vs 8C~ | rank=rank-png@0.56 {J:0.56 4:0.52 A:0.48 3:0.47} | suit=suit-png@0.55 {C:0.55 D:0.49 S:0.46 H:0.44} | post=[ocr=miss:empty; ink-ratio:red=0.1111,black=0.1296,inkRed=null,inkRegion=header; geom-override:direct=Jack_Clubs,conf=0.56,to=Eight_Clubs; deck-constraint:8C->8C~] | diag=geom-override:match-Jack-Clubs@0.56
18:04:11.513   20260823_231908 tableau:4 10H vs 10D | rank=rank-png-strong@0.86 {10:0.86 K:0.86 8:0.73 2:0.72} | suit=suit-png@0.99 {H:0.95 D:0.81} | post=[ink-ratio:red=0.3267,black=0.0000,inkRed=true; cascade:firstFaceTop=926.4,bottomTop=983.4,faceUpStep=48.90,geomCount=2,finalCount=2,bottomRank=Ten,leadingRank=Jack,rankCount=2,diff=0,applied=false,boundary=[not-face-down@faceDownCount=2:teal=0.000,white=0.796,red=0.000,black=0.130]; deck-constraint:10H->10D] | diag=match-Ten-Hearts@0.86 | probe=ocr='10'@0.62
18:04:11.513   20260823_231908 tableau:6 DOWN vs 10H | rank=rank-png@0.65 {J:0.65 4:0.56 5:0.55 3:0.53} | suit=suit-ambiguous-red {H:0.62 D:0.61} | post=[ocr=miss:empty; ink-ratio:red=0.1759,black=0.1481,inkRed=true,inkRegion=header; geom-override:direct=Jack_Hearts,conf=0.65,to=Ten_Hearts; deck-constraint:10H~->10H] | diag=geom-override:match-Jack-Hearts-ambiguous@0.6491872 | inferred=[rank=? {J:0.61 3:0.60 5:0.58 6:0.56} | suit=? {D:0.61 C:0.60 H:0.54 S:0.52} | post=[ocr=miss:empty; rejected:known=false,conf=0.55] | diag=inferred-cascade:face-up-color-unknown]
18:04:11.513   20260823_231908 tableau:6 7S vs 8H~ | rank=rank-png@0.57 {J:0.57 4:0.50 A:0.48 7:0.47} | suit=suit-ambiguous-red {H:0.63 D:0.62} | post=[ocr=miss:empty; ink-ratio:red=0.1574,black=0.1389,inkRed=true,inkRegion=header; geom-override:direct=Jack_Hearts,conf=0.57,to=Eight_Hearts] | diag=geom-override:match-Jack-Hearts-ambiguous@0.5686937 | inferred=[rank=rank-png@0.62 {J:0.62 7:0.56 2:0.53 5:0.53} | suit=? {D:0.58 C:0.56 H:0.51 S:0.48} | post=[ocr=miss:empty; rejected:known=false,conf=0.55] | diag=inferred-cascade:face-up-color-unknown] | probe=ocr=miss:empty
18:04:11.513   20260823_231908 tableau:6 4H vs 2D | rank=rank-png-strong@0.86 {2:0.86 7:0.77 3:0.74 J:0.74} | suit=suit-png@0.94 {H:0.90 D:0.88} | post=[ink-ratio:red=0.1620,black=0.0532,inkRed=true; cascade:firstFaceTop=1103.7,bottomTop=1425.2,faceUpStep=48.90,geomCount=8,finalCount=9,bottomRank=Two,leadingRank=Jack,rankCount=10,diff=1,applied=false,boundary=[not-face-down@faceDownCount=6:teal=0.000,white=0.759,red=0.000,black=0.241]] | diag=match-Two-Diamonds@0.86 | inferred=[rank=rank-png@0.62 {J:0.62 3:0.58 5:0.57 6:0.54} | suit=? {D:0.61 C:0.60 H:0.53 S:0.53} | post=[ocr=miss:empty; rejected:known=false,conf=0.55] | diag=inferred-cascade:face-up-color-unknown] | probe=ocr=miss:empty
18:04:11.513   20260824_032046 waste JC vs 5S | rank=rank-opencv@0.56 {Q:0.42 5:0.41 6:0.38 8:0.38} | suit=suit-png@0.83 {C:0.83 S:0.77} | post=[waste-fusion:legacy=Jack_Clubs,tight=Four_Clubs; whole@756,503,895,713:ocr=miss:empty;corner@756,503,817,566:ocr=miss:empty;whole@749,503,907,713:ocr=miss:empty;corner@749,503,819,566:ocr=miss:empty;whole@707,503,845,713:ocr='5'@0.62; waste-ocr-rank:Five; black-tiebreak:full=C0.83/S0.77,top=C0.65/S0.47,branch=wideMarginDirect->Clubs; ink-ratio:red=0.0093,black=0.1250,inkRed=false; ocr=miss:empty; ink-ratio:red=0.0082,black=0.1379,inkRed=false; deck-constraint:5C->5S] | diag=fused-Five-Clubs | probe=whole@756,503,895,713:ocr=miss:empty;corner@756,503,817,566:ocr=miss:empty
18:04:11.514   20260824_032752 tableau:6 5C vs DOWN | rank=? | suit=? | diag=face-down-boundary | inferred=[rank=rank-png@0.60 {J:0.60 5:0.53 4:0.50 3:0.50} | suit=? {C:0.58 D:0.56 S:0.50 H:0.49} | post=[ocr=miss:empty; rejected:known=false,conf=0.55] | diag=inferred-cascade:face-up-color-unknown] | probe=ocr=miss:empty
18:04:11.514   20260824_032752 tableau:6 4D vs 3C | rank=rank-png-strong@0.82 {3:0.82 J:0.77 8:0.76 5:0.72} | suit=suit-png@0.86 {C:0.90 S:0.89} | post=[black-tiebreak:full=C0.90/S0.89,top=C0.86/S0.82,shape=Clubs@0.36;branch=lowTopMargin-shapeLeader->Clubs; ink-ratio:red=0.0000,black=0.2156,inkRed=false; cascade:firstFaceTop=1103.7,bottomTop=1178.5,faceUpStep=48.90,geomCount=3,finalCount=3,bottomRank=Three,leadingUnknown,boundary=[not-face-down@faceDownCount=6:teal=0.000,white=0.759,red=0.000,black=0.222]] | diag=match-Three-Clubs@0.82 | inferred=[rank=rank-png@0.57 {J:0.57 5:0.52 3:0.51 6:0.48} | suit=? {D:0.57 C:0.57 H:0.51 S:0.49} | post=[ocr=miss:empty; rejected:known=false,conf=0.55] | diag=inferred-cascade:face-up-color-unknown] | probe=ocr=miss:empty
18:04:11.514   20260824_033149 tableau:5 10H vs 9C~ | rank=rank-png-strong@0.72 {6:0.72 8:0.69 A:0.67 5:0.66} | suit=suit-ambiguous-red {H:0.66 D:0.64} | post=[ink-ratio:red=0.1759,black=0.0926,inkRed=true,inkRegion=header; geom-override:direct=Six_Hearts,conf=0.72,to=Nine_Clubs] | diag=geom-override:match-Six-Hearts-ambiguous@0.71884984 | inferred=[rank=? {7:0.67 2:0.66 K:0.62 10:0.60} | suit=suit-png@0.63 {D:0.63 C:0.60 H:0.55 S:0.52} | post=[ocr=miss:empty; ink-ratio:red=0.1019,black=0.1111,inkRed=null,inkRegion=header; rejected:known=false,conf=0.40] | diag=inferred-cascade:face-up-color-red-rank=null] | probe=ocr=miss:empty
18:04:11.514   20260824_033149 tableau:5 9S vs 8D~ | rank=rank-png-strong@0.69 {5:0.69 3:0.67 9:0.65 K:0.65} | suit=suit-png@0.63 {D:0.63 C:0.60 H:0.55 S:0.52} | post=[ink-ratio:red=0.0833,black=0.1111,inkRed=null,inkRegion=header; geom-override:direct=Five_Diamonds,conf=0.69,to=Eight_Diamonds; deck-constraint:8D->8D~] | diag=geom-override:match-Five-Diamonds@0.69 | probe=ocr=miss:empty
18:04:11.514   20260824_040931 waste 6C vs 6S | rank=rank-opencv@0.56 {5:0.50 J:0.47 Q:0.45 3:0.45} | suit=suit-png@0.83 {C:0.83 S:0.77} | post=[waste-fusion:legacy=Four_Clubs,tight=Four_Clubs; whole@756,503,895,713:ocr='6'@0.62; waste-ocr-rank:Six; black-tiebreak:full=C0.83/S0.77,top=C0.65/S0.47,branch=wideMarginDirect->Clubs; ink-ratio:red=0.0093,black=0.1644,inkRed=false; ocr=miss:empty; ink-ratio:red=0.0082,black=0.1934,inkRed=false; deck-constraint:6C->6S] | diag=fused-Six-Clubs | probe=whole@756,503,895,713:ocr='6'@0.62
18:04:11.514   20260824_041619 waste 3S vs 3C | rank=rank-ocr@0.62 {Q:0.47 A:0.44 10:0.42 4:0.42} | suit=suit-png@0.83 {C:0.83 S:0.77} | post=[waste-fusion:legacy=Jack_Clubs,tight=Three_Clubs; whole@756,503,895,713:ocr='3'@0.62; waste-ocr-rank:Three; ocr=miss:empty; black-tiebreak:full=C0.83/S0.77,top=C0.65/S0.47,branch=wideMarginDirect->Clubs; ink-ratio:red=0.0440,black=0.1412,inkRed=false; ocr='3'@0.62; ink-ratio:red=0.0206,black=0.1646,inkRed=false] | diag=fused-Three-Clubs | probe=whole@756,503,895,713:ocr='3'@0.62
18:04:11.514   20260824_041816 waste 6C vs 6S | rank=rank-opencv@0.56 {5:0.50 J:0.47 Q:0.45 3:0.45} | suit=suit-png@0.83 {C:0.83 S:0.77} | post=[waste-fusion:legacy=Four_Clubs,tight=Four_Clubs; whole@756,503,895,713:ocr='6'@0.62; waste-ocr-rank:Six; black-tiebreak:full=C0.83/S0.77,top=C0.65/S0.47,branch=wideMarginDirect->Clubs; ink-ratio:red=0.0000,black=0.1644,inkRed=false; ocr=miss:empty; ink-ratio:red=0.0000,black=0.1934,inkRed=false; deck-constraint:6C->6S] | diag=fused-Six-Clubs | probe=whole@756,503,895,713:ocr='6'@0.62
18:04:11.515   20260824_080444 waste QH vs 10H | rank=rank-opencv@0.66 {A:0.52 K:0.52 5:0.52 10:0.50} | suit=suit-png@0.96 {H:0.96 D:0.87} | post=[waste-fusion:legacy=Queen_Hearts,tight=Queen_Hearts; whole@756,503,895,713:ocr=miss:empty;corner@756,503,817,566:ocr=miss:empty;whole@749,503,907,713:ocr=miss:empty;corner@749,503,819,566:ocr=miss:empty;whole@707,503,845,713:ocr='10G'@0.58;corner@707,503,768,566:ocr='10C'@0.58;whole@756,503,894,713:ocr=miss:empty;corner@756,503,817,566:ocr=miss:empty;whole@700,503,847,713:ocr='10€'@0.58;corner@700,503,764,566:ocr='10'@0.62; waste-ocr-rank:Ten; ink-ratio:red=0.2569,black=0.0000,inkRed=true; ocr=miss:empty; ink-ratio:red=0.3025,black=0.0000,inkRed=true] | diag=fused-Ten-Hearts | probe=whole@756,503,895,713:ocr=miss:empty;corner@756,503,817,566:ocr=miss:empty
18:04:11.515   20260824_080444 tableau:6 DOWN vs 10D | rank=rank-png@0.65 {J:0.65 4:0.56 5:0.55 3:0.53} | suit=suit-ambiguous-red {H:0.62 D:0.61} | post=[ocr=miss:empty; ink-ratio:red=0.1759,black=0.1481,inkRed=true,inkRegion=header; geom-override:direct=Jack_Hearts,conf=0.65,to=Ten_Hearts; deck-constraint:10H~->10D] | diag=geom-override:match-Jack-Hearts-ambiguous@0.6491872 | inferred=[rank=? {J:0.61 3:0.60 5:0.58 6:0.56} | suit=? {D:0.61 C:0.60 H:0.54 S:0.52} | post=[ocr=miss:empty; rejected:known=false,conf=0.55] | diag=inferred-cascade:face-up-color-unknown]
18:04:11.515   20260824_080444 tableau:6 8H vs MISSING | inferred=[rank=rank-png@0.57 {J:0.57 4:0.50 A:0.48 7:0.47} | suit=? {C:0.59 D:0.57 S:0.52 H:0.50} | post=[ocr=miss:empty; rejected:known=false,conf=0.55] | diag=inferred-cascade:face-up-color-unknown] | probe=ocr=miss:empty
18:04:11.515   20260824_080444 tableau:6 7S vs 6H~ | rank=rank-png@0.62 {J:0.62 5:0.55 4:0.51 7:0.51} | suit=suit-ambiguous-red {H:0.65 D:0.63} | post=[ocr=miss:empty; ink-ratio:red=0.1574,black=0.1296,inkRed=true,inkRegion=header; geom-override:direct=Jack_Hearts,conf=0.62,to=Six_Hearts] | diag=geom-override:match-Jack-Hearts-ambiguous@0.61538464 | inferred=[rank=rank-png@0.62 {J:0.62 7:0.57 2:0.52 5:0.52} | suit=? {D:0.64 C:0.61 H:0.56 S:0.53} | post=[ocr=miss:empty; rejected:known=false,conf=0.55] | diag=inferred-cascade:face-up-color-unknown] | probe=ocr=miss:empty
18:04:11.515   20260824_080444 tableau:6 6D vs 6H~ | rank=rank-png@0.62 {J:0.62 5:0.55 4:0.51 7:0.51} | suit=suit-ambiguous-red {H:0.65 D:0.63} | post=[ocr=miss:empty; ink-ratio:red=0.1574,black=0.1296,inkRed=true,inkRegion=header; geom-override:direct=Jack_Hearts,conf=0.62,to=Six_Hearts] | diag=geom-override:match-Jack-Hearts-ambiguous@0.61538464 | inferred=[rank=rank-png@0.62 {J:0.62 7:0.57 2:0.52 5:0.52} | suit=? {D:0.64 C:0.61 H:0.56 S:0.53} | post=[ocr=miss:empty; rejected:known=false,conf=0.55] | diag=inferred-cascade:face-up-color-unknown] | probe=ocr=miss:empty
18:04:11.515   20260824_080754 waste 5D vs 4D | rank=rank-opencv@0.48 {5:0.46 10:0.44 J:0.43 3:0.42} | suit=suit-png@1.00 {D:0.96 H:0.83} | post=[waste-fusion:legacy=null,tight=Four_Diamonds; whole@707,503,846,713:ocr='5'@0.62; ocr=miss:empty; ink-ratio:red=0.1412,black=0.0000,inkRed=true; ink-ratio:red=0.1872,black=0.0000,inkRed=true] | diag=fused-Four-Diamonds | probe=whole@707,503,846,713:ocr='5'@0.62
18:04:11.516   20260824_202636 tableau:2 KC vs KS~ | rank=rank-png-strong@0.87 {K:0.87 6:0.80 8:0.80 5:0.78} | suit=suit-ambiguous-black {S:0.91 C:0.90} | post=[ink-ratio:red=0.0000,black=0.2222,inkRed=false,inkRegion=header; black-tiebreak:full=C0.90/S0.91,top=C0.86/S0.85,shape=none;branch=lowTopMargin-noShape->ambiguous; cascade:firstFaceTop=837.7,bottomTop=937.5,faceUpStep=48.90,geomCount=3,finalCount=3,bottomRank=Jack,leadingRank=King,rankCount=3,diff=0,applied=false,boundary=[not-face-down@faceDownCount=0:teal=0.000,white=0.630,red=0.000,black=0.259],exposedIndex=0,distanceFromBottom=2] | diag=match-King-Spades-ambiguous@0.872093 | probe=ocr='K'@0.62
18:04:11.516   20260824_202636 tableau:5 DOWN vs 3D~ | rank=rank-png-strong@0.81 {3:0.81 J:0.77 8:0.75 2:0.71} | suit=suit-png@0.72 {D:0.68 H:0.68} | post=[ink-ratio:red=0.2467,black=0.0000,inkRed=true; cascade:firstFaceTop=1103.7,bottomTop=1178.5,faceUpStep=48.90,geomCount=3,finalCount=3,bottomRank=Three,leadingUnknown,boundary=[not-face-down@faceDownCount=6:teal=0.000,white=0.852,red=0.148,black=0.000]; deck-constraint:3D->3D~] | diag=match-Three-Diamonds@0.81 | inferred=[rank=? {3:0.62 7:0.60 5:0.59 9:0.59} | suit=suit-png@0.58 {D:0.58 H:0.51} | post=[ocr=miss:empty; ink-ratio:red=0.1204,black=0.0926,inkRed=true,inkRegion=header; rejected:known=false,conf=0.40] | diag=inferred-cascade:face-up-color-red-rank=null]
18:04:11.516   20260824_202636 tableau:5 4C vs 3D~ | rank=rank-png-strong@0.81 {3:0.81 J:0.77 8:0.75 2:0.71} | suit=suit-png@0.72 {D:0.68 H:0.68} | post=[ink-ratio:red=0.2467,black=0.0000,inkRed=true; cascade:firstFaceTop=1103.7,bottomTop=1178.5,faceUpStep=48.90,geomCount=3,finalCount=3,bottomRank=Three,leadingUnknown,boundary=[not-face-down@faceDownCount=6:teal=0.000,white=0.852,red=0.148,black=0.000]; deck-constraint:3D->3D~] | diag=match-Three-Diamonds@0.81 | probe=ocr=miss:empty
18:04:11.516   20260824_202937 tableau:2 KC vs KS~ | rank=rank-png-strong@0.87 {K:0.87 6:0.80 8:0.80 5:0.78} | suit=suit-ambiguous-black {S:0.91 C:0.90} | post=[ink-ratio:red=0.0000,black=0.2222,inkRed=false,inkRegion=header; black-tiebreak:full=C0.90/S0.91,top=C0.86/S0.85,shape=none;branch=lowTopMargin-noShape->ambiguous; cascade:firstFaceTop=837.7,bottomTop=937.5,faceUpStep=48.90,geomCount=3,finalCount=3,bottomRank=Jack,leadingRank=King,rankCount=3,diff=0,applied=false,boundary=[not-face-down@faceDownCount=0:teal=0.000,white=0.630,red=0.000,black=0.259],exposedIndex=0,distanceFromBottom=2] | diag=match-King-Spades-ambiguous@0.872093 | probe=ocr='K'@0.62
18:04:11.516   20260824_202937 tableau:6 7H vs MISSING | inferred=[rank=rank-png@0.63 {J:0.63 7:0.56 4:0.52 3:0.51} | suit=? {C:0.59 D:0.57 S:0.52 H:0.50} | post=[ocr=miss:empty; rejected:known=false,conf=0.55] | diag=inferred-cascade:face-up-color-unknown] | probe=ocr=miss:empty
18:04:11.516   20260824_202937 tableau:6 6S vs 3D~ | rank=rank-png-strong@0.83 {3:0.83 J:0.77 8:0.76 5:0.72} | suit=suit-png@0.94 {H:0.90 D:0.88} | post=[ink-ratio:red=0.1778,black=0.0400,inkRed=true; cascade:firstFaceTop=1103.7,bottomTop=1327.6,faceUpStep=48.90,geomCount=6,finalCount=7,bottomRank=Three,leadingUnknown,boundary=[not-face-down@faceDownCount=6:teal=0.000,white=0.685,red=0.000,black=0.241]; deck-constraint:3D->3D~] | diag=match-Three-Diamonds@0.83 | inferred=[rank=rank-png@0.61 {J:0.61 5:0.55 7:0.51 4:0.50} | suit=? {D:0.59 C:0.57 H:0.52 S:0.49} | post=[ocr=miss:empty; rejected:known=false,conf=0.55] | diag=inferred-cascade:face-up-color-unknown] | probe=ocr=miss:empty
18:04:11.517   20260824_203353 waste 6C vs 6S | rank=rank-opencv@0.56 {5:0.50 J:0.47 Q:0.45 3:0.45} | suit=suit-png@0.83 {C:0.83 S:0.77} | post=[waste-fusion:legacy=Four_Clubs,tight=Four_Clubs; whole@756,503,895,713:ocr='6'@0.62; waste-ocr-rank:Six; black-tiebreak:full=C0.83/S0.77,top=C0.65/S0.47,branch=wideMarginDirect->Clubs; ink-ratio:red=0.0509,black=0.1644,inkRed=false; ocr=miss:empty; ink-ratio:red=0.0247,black=0.1934,inkRed=false; deck-constraint:6C->6S] | diag=fused-Six-Clubs | probe=whole@756,503,895,713:ocr='6'@0.62
18:04:11.517   20260824_203353 tableau:5 6S vs 5S | rank=rank-png-strong@0.83 {6:0.83 5:0.83 8:0.81 9:0.81} | suit=suit-png@0.94 {S:0.94 C:0.88} | post=[black-tiebreak:full=C0.88/S0.94,top=C0.79/S0.96,branch=wideMarginDirect->Spades; ink-ratio:red=0.0000,black=0.1944,inkRed=false,inkRegion=header; geom-override:direct=Six_Spades,conf=0.83,to=Five_Spades] | diag=geom-override:match-Six-Spades@0.83 | inferred=[rank=? {7:0.64 A:0.63 4:0.62 J:0.61} | suit=suit-png@0.87 {D:0.87 H:0.76} | post=[ocr=miss:empty; ink-ratio:red=0.1667,black=0.0370,inkRed=true,inkRegion=header; rejected:known=false,conf=0.40] | diag=inferred-cascade:face-up-color-red-rank=null] | probe=ocr='5'@0.62
18:04:11.517   20260824_203654 waste QC vs 10C | rank=rank-opencv@0.67 {A:0.52 5:0.51 K:0.50 10:0.50} | suit=suit-png@0.80 {C:0.80 S:0.71} | post=[waste-fusion:legacy=Queen_Clubs,tight=Queen_Clubs; whole@756,503,895,713:ocr=miss:empty;corner@756,503,817,566:ocr=miss:empty;whole@749,503,907,713:ocr=miss:empty;corner@749,503,819,566:ocr=miss:empty;whole@707,503,845,713:ocr='10'@0.62; waste-ocr-rank:Ten; black-tiebreak:full=C0.80/S0.71,top=C0.66/S0.53,branch=wideMarginDirect->Clubs; ink-ratio:red=0.0000,black=0.2361,inkRed=false; ocr=miss:empty; ink-ratio:red=0.0000,black=0.2778,inkRed=false] | diag=fused-Ten-Clubs | probe=whole@756,503,895,713:ocr=miss:empty;corner@756,503,817,566:ocr=miss:empty
18:04:11.517   20260825_113810 tableau:5 7C vs 7S | rank=rank-png-strong@0.85 {7:0.85 2:0.73 J:0.72 3:0.67} | suit=suit-png@0.78 {S:0.93 C:0.87} | post=[black-tiebreak:full=C0.87/S0.93,top=C0.78/S0.92,shape=Clubs@0.36;branch=topSpade-clubShapeVetoWins->Clubs; ink-ratio:red=0.0000,black=0.1600,inkRed=false; cascade:firstFaceTop=882.1,bottomTop=1081.0,faceUpStep=48.90,geomCount=5,finalCount=5,bottomRank=Seven,leadingRank=Jack,rankCount=5,diff=0,applied=false,boundary=[not-face-down@faceDownCount=1:teal=0.000,white=0.815,red=0.000,black=0.130]; deck-constraint:7C->7S] | diag=match-Seven-Clubs@0.85 | probe=ocr=miss:empty
18:04:11.517   20260825_121738 tableau:1 7S vs 2S~ | rank=rank-png-strong@0.80 {2:0.80 7:0.78 J:0.72 3:0.70} | suit=suit-png@0.85 {S:0.90 C:0.85} | post=[black-tiebreak:full=C0.85/S0.90,top=C0.74/S0.85,shape=Clubs@0.36;branch=topSpade-widePeakOnlyNoVeto->Spades; ink-ratio:red=0.0463,black=0.1667,inkRed=false; cascade:firstFaceTop=837.7,bottomTop=840.0,faceUpStep=48.90,geomCount=1,finalCount=1,bottomRank=Two,leadingRank=Seven,rankCount=6,diff=5,applied=false,boundary=[ran-out-of-room]; deck-constraint:2S->2S~] | diag=match-Two-Spades@0.80 | probe=ocr=miss:empty
18:04:11.517   20260825_121822 tableau:1 5H vs KH | rank=rank-png-strong@0.81 {K:0.81 7:0.79 2:0.76 9:0.72} | suit=suit-png@1.01 {H:0.97 D:0.82} | post=[ink-ratio:red=0.3611,black=0.0000,inkRed=true,inkRegion=header; cascade:firstFaceTop=882.1,bottomTop=1178.5,faceUpStep=48.90,geomCount=7,finalCount=7,bottomRank=Two,leadingRank=Eight,rankCount=7,diff=0,applied=false,boundary=[not-face-down@faceDownCount=1:teal=0.000,white=0.741,red=0.000,black=0.185],exposedIndex=3,distanceFromBottom=3] | diag=match-King-Hearts@0.81 | probe=ocr=miss:empty
18:04:11.517   20260825_131401 waste QC vs 10C | rank=rank-opencv@0.67 {A:0.52 5:0.51 K:0.50 10:0.50} | suit=suit-png@0.80 {C:0.80 S:0.71} | post=[waste-fusion:legacy=Queen_Clubs,tight=Queen_Clubs; whole@756,503,895,713:ocr=miss:empty;corner@756,503,817,566:ocr=miss:empty;whole@749,503,907,713:ocr=miss:empty;corner@749,503,819,566:ocr=miss:empty;whole@707,503,845,713:ocr='10C'@0.58;corner@707,503,768,566:ocr='10C'@0.58;whole@756,503,894,713:ocr=miss:empty;corner@756,503,817,566:ocr=miss:empty;whole@700,503,847,713:ocr='100'@0.58;corner@700,503,764,566:ocr='10'@0.62; waste-ocr-rank:Ten; black-tiebreak:full=C0.80/S0.71,top=C0.66/S0.53,branch=wideMarginDirect->Clubs; ink-ratio:red=0.0000,black=0.2361,inkRed=false; ocr=miss:empty; ink-ratio:red=0.0000,black=0.2778,inkRed=false] | diag=fused-Ten-Clubs | probe=whole@756,503,895,713:ocr=miss:empty;corner@756,503,817,566:ocr=miss:empty
18:04:11.518   20260825_131411 waste 8H vs 4H | rank=rank-opencv@0.54 {5:0.49 Q:0.47 10:0.47 J:0.46} | suit=suit-png@0.96 {H:0.96 D:0.87} | post=[waste-fusion:legacy=null,tight=Four_Hearts; whole@659,503,798,713:ocr='8'@0.62; ocr=miss:empty; ink-ratio:red=0.2449,black=0.0000,inkRed=true] | diag=fused-Four-Hearts | probe=whole@659,503,798,713:ocr='8'@0.62
18:04:11.518   20260825_131538 tableau:1 6H vs AH | rank=rank-png-strong@0.79 {A:0.79 8:0.78 6:0.78 K:0.77} | suit=suit-png@0.97 {H:0.93 D:0.81} | post=[ink-ratio:red=0.2500,black=0.0000,inkRed=true,inkRegion=header; cascade:firstFaceTop=837.7,bottomTop=1327.6,faceUpStep=48.90,geomCount=11,finalCount=11,bottomRank=Three,leadingRank=King,rankCount=11,diff=0,applied=false,boundary=[not-face-down@faceDownCount=0:teal=0.000,white=0.667,red=0.000,black=0.315],exposedIndex=7,distanceFromBottom=3] | diag=match-Ace-Hearts@0.79 | probe=ocr=miss:empty
18:04:11.518   20260825_131605 waste 8H vs 4H | rank=rank-opencv@0.54 {5:0.49 Q:0.47 10:0.47 J:0.46} | suit=suit-png@0.96 {H:0.96 D:0.87} | post=[waste-fusion:legacy=null,tight=Four_Hearts; whole@659,503,798,713:ocr='8'@0.62; ocr=miss:empty; ink-ratio:red=0.2222,black=0.0000,inkRed=true] | diag=fused-Four-Hearts | probe=whole@659,503,798,713:ocr='8'@0.62
18:04:11.518   20260825_131625 waste 8H vs 4H | rank=rank-opencv@0.54 {5:0.49 Q:0.47 10:0.47 J:0.46} | suit=suit-png@0.96 {H:0.96 D:0.87} | post=[waste-fusion:legacy=null,tight=Four_Hearts; whole@659,503,798,713:ocr='8'@0.62; ocr=miss:empty; ink-ratio:red=0.2222,black=0.0000,inkRed=true] | diag=fused-Four-Hearts | probe=whole@659,503,798,713:ocr='8'@0.62
18:04:11.518   20260825_131858 tableau:1 QC vs QS~ | rank=rank-png-strong@0.87 {Q:0.87 8:0.80 9:0.78 6:0.78} | suit=suit-png@0.95 {S:0.95 C:0.89} | post=[ocr=miss:empty; black-tiebreak:full=C0.89/S0.95,top=C0.80/S0.95,branch=wideMarginDirect->Spades; ink-ratio:red=0.0000,black=0.2978,inkRed=false; cascade:firstFaceTop=837.7,bottomTop=885.9,faceUpStep=48.90,geomCount=2,finalCount=2,bottomRank=Queen,leadingRank=King,rankCount=2,diff=0,applied=false,boundary=[not-face-down@faceDownCount=0:teal=0.000,white=0.704,red=0.296,black=0.000]; deck-constraint:QS->QS~] | diag=match-Queen-Spades@0.87 | probe=ocr=miss:empty
18:04:11.518   20260825_131858 tableau:6 9H vs 9S~ | rank=rank-png-strong@0.79 {9:0.79 8:0.78 K:0.77 2:0.74} | suit=suit-ambiguous-black {C:0.33 S:0.32} | post=[ink-ratio:red=0.0000,black=0.2870,inkRed=false,inkRegion=header; black-tiebreak:full=C0.33/S0.32,top=C0.59/S0.57,shape=Clubs@0.36;branch=lowTopMargin-clubShapeBlockedBySpadeShape->ambiguous; post-black-suit:Clubs->Spades; black-tiebreak2:full=C0.61/S0.64,top=C0.57/S0.61,shape=none;branch=topLeaderDirect->Spades; cascade:firstFaceTop=1148.1,bottomTop=1276.0,faceUpStep=48.90,geomCount=4,finalCount=5,bottomRank=Eight,leadingUnknown,boundary=[not-face-down@faceDownCount=7:teal=0.000,white=0.685,red=0.259,black=0.056],exposedIndex=3,distanceFromBottom=1] | diag=match-Nine-Clubs-ambiguous@0.7941818 | probe=ocr=miss:empty
18:04:11.519   20260825_132028 tableau:6 9H vs 9S~ | rank=rank-png-strong@0.79 {9:0.79 8:0.78 K:0.77 2:0.74} | suit=suit-ambiguous-black {C:0.33 S:0.32} | post=[ink-ratio:red=0.0000,black=0.2870,inkRed=false,inkRegion=header; black-tiebreak:full=C0.33/S0.32,top=C0.59/S0.57,shape=Clubs@0.36;branch=lowTopMargin-clubShapeBlockedBySpadeShape->ambiguous; post-black-suit:Clubs->Spades; black-tiebreak2:full=C0.61/S0.64,top=C0.57/S0.61,shape=none;branch=topLeaderDirect->Spades; cascade:firstFaceTop=1148.1,bottomTop=1276.0,faceUpStep=48.90,geomCount=4,finalCount=5,bottomRank=Eight,leadingUnknown,boundary=[not-face-down@faceDownCount=7:teal=0.000,white=0.685,red=0.259,black=0.056],exposedIndex=3,distanceFromBottom=1] | diag=match-Nine-Clubs-ambiguous@0.7941818 | probe=ocr=miss:empty
18:04:11.519   20260825_132126 tableau:6 9H vs 9S~ | rank=rank-png-strong@0.79 {9:0.79 8:0.78 K:0.77 2:0.74} | suit=suit-ambiguous-black {C:0.33 S:0.32} | post=[ink-ratio:red=0.0000,black=0.2870,inkRed=false,inkRegion=header; black-tiebreak:full=C0.33/S0.32,top=C0.59/S0.57,shape=Clubs@0.36;branch=lowTopMargin-clubShapeBlockedBySpadeShape->ambiguous; post-black-suit:Clubs->Spades; black-tiebreak2:full=C0.61/S0.64,top=C0.57/S0.61,shape=none;branch=topLeaderDirect->Spades; cascade:firstFaceTop=1148.1,bottomTop=1276.0,faceUpStep=48.90,geomCount=4,finalCount=5,bottomRank=Eight,leadingUnknown,boundary=[not-face-down@faceDownCount=7:teal=0.000,white=0.685,red=0.259,black=0.056],exposedIndex=3,distanceFromBottom=1] | diag=match-Nine-Clubs-ambiguous@0.7941818 | probe=ocr=miss:empty
18:04:11.519   20260825_132126 waste 8D vs 6D | rank=rank-opencv@0.54 {5:0.49 Q:0.48 10:0.47 J:0.46} | suit=suit-png@1.00 {D:0.96 H:0.82} | post=[waste-fusion:legacy=null,tight=Four_Diamonds; whole@659,503,798,713:ocr=miss:empty;corner@659,503,720,566:ocr=miss:empty;whole@749,503,907,713:ocr=miss:empty;corner@749,503,819,566:ocr=miss:empty;whole@707,503,845,713:ocr=miss:empty;corner@707,503,768,566:ocr=miss:empty;whole@756,503,894,713:ocr=miss:empty;corner@756,503,817,566:ocr=miss:empty;whole@700,503,847,713:ocr=miss:empty;corner@700,503,764,566:ocr=miss:empty; ocr=miss:empty; ink-ratio:red=0.1996,black=0.0000,inkRed=true] | diag=fused-Six-Diamonds | probe=whole@659,503,798,713:ocr=miss:empty;corner@659,503,720,566:ocr=miss:empty
18:04:11.519   20260825_132140 waste 8D vs 6D | rank=rank-opencv@0.54 {5:0.49 Q:0.48 10:0.47 J:0.46} | suit=suit-png@1.00 {D:0.96 H:0.82} | post=[waste-fusion:legacy=null,tight=Four_Diamonds; whole@659,503,798,713:ocr=miss:empty;corner@659,503,720,566:ocr=miss:empty;whole@749,503,907,713:ocr=miss:empty;corner@749,503,819,566:ocr=miss:empty;whole@707,503,845,713:ocr=miss:empty;corner@707,503,768,566:ocr=miss:empty;whole@756,503,894,713:ocr=miss:empty;corner@756,503,817,566:ocr=miss:empty;whole@700,503,847,713:ocr=miss:empty;corner@700,503,764,566:ocr=miss:empty; ocr=miss:empty; ink-ratio:red=0.2099,black=0.0000,inkRed=true] | diag=fused-Six-Diamonds | probe=whole@659,503,798,713:ocr=miss:empty;corner@659,503,720,566:ocr=miss:empty
18:04:11.519   20260825_143648 tableau:0 4C vs 4S~ | rank=rank-png-strong@0.84 {4:0.84 A:0.80 9:0.80 8:0.76} | suit=suit-png@0.82 {S:0.82 D:0.81 H:0.79 C:0.78} | post=[ink-ratio:red=0.0278,black=0.1944,inkRed=null,inkRegion=header; cascade:firstFaceTop=837.7,bottomTop=1276.0,faceUpStep=48.90,geomCount=10,finalCount=10,bottomRank=Two,leadingRank=Jack,rankCount=10,diff=0,applied=false,boundary=[not-face-down@faceDownCount=0:teal=0.000,white=0.667,red=0.241,black=0.000],exposedIndex=7,distanceFromBottom=2; deck-constraint:4S->4S~] | diag=match-Four-Spades@0.84 | probe=ocr=miss:empty
18:04:11.519   20260825_143855 tableau:4 DOWN vs KH~ | rank=rank-png-strong@0.76 {K:0.76 8:0.71 A:0.68 4:0.67} | suit=suit-png@0.99 {H:0.95 D:0.81} | post=[ink-ratio:red=0.3704,black=0.0000,inkRed=true,inkRegion=header; cascade:firstFaceTop=837.7,bottomTop=840.0,faceUpStep=48.90,geomCount=1,finalCount=3,bottomRank=Jack,leadingRank=King,rankCount=3,diff=2,applied=true,boundary=[ran-out-of-room],exposedIndex=0,distanceFromBottom=2; deck-constraint:KH->KH~] | diag=match-King-Hearts@0.76
18:04:11.520   20260825_143855 tableau:4 DOWN vs QC~ | rank=rank-png-strong@0.86 {J:0.86 4:0.76 7:0.76 3:0.75} | suit=suit-png@0.80 {H:0.80 D:0.73} | post=[ink-ratio:red=0.1667,black=0.0000,inkRed=true,inkRegion=header; geom-override:direct=Jack_Hearts,conf=0.86,to=Queen_Clubs] | diag=geom-override:match-Jack-Hearts@0.86
18:04:11.520   20260825_143855 waste 6C vs 6S | rank=rank-opencv@0.56 {Q:0.42 5:0.41 6:0.38 8:0.38} | suit=suit-png@0.80 {C:0.80 S:0.71} | post=[waste-fusion:legacy=null,tight=Four_Clubs; whole@659,503,798,713:ocr=miss:empty;corner@659,503,720,566:ocr='J'@0.62; ocr=miss:empty; black-tiebreak:full=C0.80/S0.71,top=C0.66/S0.53,branch=wideMarginDirect->Clubs; ink-ratio:red=0.0103,black=0.1358,inkRed=false; deck-constraint:6C->6S] | diag=fused-Six-Clubs | probe=whole@659,503,798,713:ocr=miss:empty;corner@659,503,720,566:ocr='J'@0.62
18:04:11.520   20260825_143943 tableau:5 9C vs KH | rank=rank-png-strong@0.82 {K:0.82 8:0.75 7:0.74 9:0.73} | suit=suit-png@0.90 {H:0.86 D:0.75} | post=[ink-ratio:red=0.1944,black=0.0000,inkRed=true,inkRegion=header; cascade:firstFaceTop=1103.7,bottomTop=1132.6,faceUpStep=48.90,geomCount=2,finalCount=3,bottomRank=Eight,leadingUnknown,boundary=[not-face-down@faceDownCount=6:teal=0.000,white=0.815,red=0.000,black=0.185],exposedIndex=1,distanceFromBottom=1] | diag=match-King-Hearts@0.82 | probe=ocr=miss:empty
18:04:11.520   20260825_144011 tableau:5 6D vs AD | rank=rank-png-strong@0.78 {A:0.78 8:0.78 6:0.76 9:0.74} | suit=suit-png@0.95 {D:0.91 H:0.87} | post=[ink-ratio:red=0.2037,black=0.0000,inkRed=true,inkRegion=header; cascade:firstFaceTop=837.7,bottomTop=1230.1,faceUpStep=48.90,geomCount=9,finalCount=9,bottomRank=Five,leadingRank=King,rankCount=9,diff=0,applied=false,boundary=[not-face-down@faceDownCount=0:teal=0.000,white=0.685,red=0.000,black=0.315],exposedIndex=7,distanceFromBottom=1] | diag=match-Ace-Diamonds@0.78 | probe=ocr='6'@0.62
18:04:11.520   20260825_144129 tableau:6 9C vs 10C | rank=rank-png-strong@0.78 {K:0.82 8:0.82 9:0.80 6:0.78} | suit=suit-png@0.90 {C:0.90 S:0.86 D:0.83 H:0.75} | post=[ink-ratio:red=0.1204,black=0.1944,inkRed=null,inkRegion=header; cascade:firstFaceTop=970.7,bottomTop=1327.6,faceUpStep=48.90,geomCount=8,finalCount=8,bottomRank=Four,leadingRank=Jack,rankCount=8,diff=0,applied=false,boundary=[not-face-down@faceDownCount=3:teal=0.000,white=0.556,red=0.000,black=0.111],exposedIndex=2,distanceFromBottom=5] | diag=match-Ten-Clubs@0.78 | probe=ocr=miss:empty
18:04:11.520   20260825_144200 tableau:6 9C vs 10C | rank=rank-png-strong@0.78 {K:0.82 8:0.82 9:0.80 6:0.78} | suit=suit-png@0.90 {C:0.90 S:0.86 D:0.83 H:0.75} | post=[ink-ratio:red=0.1204,black=0.1944,inkRed=null,inkRegion=header; cascade:firstFaceTop=970.7,bottomTop=1327.6,faceUpStep=48.90,geomCount=8,finalCount=8,bottomRank=Four,leadingRank=Jack,rankCount=8,diff=0,applied=false,boundary=[not-face-down@faceDownCount=3:teal=0.000,white=0.556,red=0.000,black=0.111],exposedIndex=2,distanceFromBottom=5] | diag=match-Ten-Clubs@0.78 | probe=ocr=miss:empty
18:04:11.520   20260825_144312 tableau:0 6H vs 6D~ | rank=rank-png-strong@0.81 {6:0.81 8:0.79 A:0.78 5:0.76} | suit=suit-png@0.97 {D:0.93 H:0.85} | post=[ink-ratio:red=0.2130,black=0.0556,inkRed=true,inkRegion=header; cascade:firstFaceTop=837.7,bottomTop=1081.0,faceUpStep=48.90,geomCount=6,finalCount=6,bottomRank=Three,leadingRank=Eight,rankCount=6,diff=0,applied=false,boundary=[not-face-down@faceDownCount=0:teal=0.000,white=0.630,red=0.278,black=0.000],exposedIndex=2,distanceFromBottom=3; deck-constraint:6D->6D~] | diag=match-Six-Diamonds@0.81 | probe=ocr=miss:empty
18:04:11.521   20260825_144355 tableau:0 6H vs 6D~ | rank=rank-png-strong@0.81 {6:0.81 8:0.79 A:0.78 5:0.76} | suit=suit-png@0.97 {D:0.93 H:0.85} | post=[ink-ratio:red=0.2130,black=0.0556,inkRed=true,inkRegion=header; cascade:firstFaceTop=837.7,bottomTop=1081.0,faceUpStep=48.90,geomCount=6,finalCount=6,bottomRank=Three,leadingRank=Eight,rankCount=6,diff=0,applied=false,boundary=[not-face-down@faceDownCount=0:teal=0.000,white=0.630,red=0.278,black=0.000],exposedIndex=2,distanceFromBottom=3; deck-constraint:6D->6D~] | diag=match-Six-Diamonds@0.81 | probe=ocr=miss:empty
18:04:11.521   20260825_144419 tableau:0 6H vs 6D~ | rank=rank-png-strong@0.81 {6:0.81 8:0.79 A:0.78 5:0.76} | suit=suit-png@0.97 {D:0.93 H:0.85} | post=[ink-ratio:red=0.2130,black=0.0556,inkRed=true,inkRegion=header; cascade:firstFaceTop=837.7,bottomTop=1081.0,faceUpStep=48.90,geomCount=6,finalCount=6,bottomRank=Three,leadingRank=Eight,rankCount=6,diff=0,applied=false,boundary=[not-face-down@faceDownCount=0:teal=0.000,white=0.630,red=0.278,black=0.000],exposedIndex=2,distanceFromBottom=3; deck-constraint:6D->6D~] | diag=match-Six-Diamonds@0.81 | probe=ocr=miss:empty
18:04:11.521   20260825_171952 tableau:4 DOWN vs QC~ | rank=rank-png-strong@0.74 {10:0.80 K:0.79 8:0.78 6:0.75} | suit=suit-png@0.94 {C:0.94 S:0.88 D:0.82 H:0.76} | post=[ocr=miss:empty; ink-ratio:red=0.0370,black=0.2222,inkRed=null,inkRegion=header; cascade:firstFaceTop=1015.1,bottomTop=1035.1,faceUpStep=48.90,geomCount=1,finalCount=3,bottomRank=Ten,leadingRank=Queen,rankCount=3,diff=2,applied=true,boundary=[not-face-down@faceDownCount=4:teal=0.315,white=0.556,red=0.000,black=0.093],exposedIndex=0,distanceFromBottom=2; deck-constraint:QC->QC~] | diag=match-Queen-Clubs@0.74
18:04:11.521   20260825_171952 tableau:4 DOWN vs JD~ | rank=rank-png-strong@0.85 {4:0.85 8:0.84 6:0.84 A:0.82} | suit=suit-ambiguous-black {C:0.65 S:0.63} | post=[ink-ratio:red=0.0000,black=0.2593,inkRed=false,inkRegion=header; black-tiebreak:full=C0.65/S0.63,top=C0.25/S0.21,shape=Clubs@0.36;branch=lowTopMargin-clubShapeBlockedBySpadeShape->ambiguous; geom-override:direct=Four_Clubs,conf=0.85,to=Jack_Diamonds] | diag=geom-override:match-Four-Clubs-ambiguous@0.8488257
18:04:11.521   20260825_172014 tableau:1 9H vs 9D~ | rank=rank-png-strong@0.82 {9:0.82 8:0.80 K:0.79 5:0.78} | suit=suit-png@0.96 {D:0.92 H:0.87} | post=[ink-ratio:red=0.2130,black=0.0000,inkRed=true,inkRegion=header; cascade:firstFaceTop=837.7,bottomTop=1081.0,faceUpStep=48.90,geomCount=6,finalCount=6,bottomRank=Eight,leadingRank=King,rankCount=6,diff=0,applied=false,boundary=[not-face-down@faceDownCount=0:teal=0.000,white=0.593,red=0.370,black=0.000],exposedIndex=4,distanceFromBottom=1; deck-constraint:9D->9D~] | diag=match-Nine-Diamonds@0.82 | probe=ocr=miss:empty
18:04:11.521   20260825_172118 tableau:6 QC vs KS~ | rank=rank-png-strong@0.79 {K:0.79 8:0.75 9:0.74 5:0.73} | suit=suit-png@0.66 {C:0.66 S:0.59 H:0.55 D:0.54} | post=[ink-ratio:red=0.1019,black=0.2500,inkRed=null,inkRegion=header; post-black-suit:Clubs->Spades; black-tiebreak2:full=C0.59/S0.64,top=C0.55/S0.61,shape=none;branch=topLeaderDirect->Spades; cascade:firstFaceTop=1148.1,bottomTop=1327.6,faceUpStep=48.90,geomCount=5,finalCount=5,bottomRank=Eight,leadingRank=King,rankCount=6,diff=1,applied=false,boundary=[not-face-down@faceDownCount=7:teal=0.000,white=0.537,red=0.000,black=0.444],exposedIndex=0,distanceFromBottom=4; deck-constraint:KS->KS~] | diag=match-King-Clubs@0.79 | inferred=[rank=? {A:0.58 J:0.58 4:0.57 7:0.55} | suit=? {C:0.53 H:0.52 D:0.45 S:0.45} | post=[ocr=miss:empty; rejected:known=false,conf=0.55] | diag=inferred-cascade:face-up-color-unknown] | probe=ocr=miss:empty
18:04:11.522   20260825_172118 waste 10S vs ? | rank=? {K:0.40 8:0.38 10:0.36 6:0.35} | suit=? {C:0.00 S:0.00} | post=[ocr=miss:empty] | diag=face-up-color-black | probe=whole@749,503,907,713:ocr=miss:empty;corner@749,503,819,566:ocr=miss:empty
18:04:11.522   20260825_172153 tableau:4 JC vs JS~ | rank=rank-png-strong@0.87 {A:0.87 8:0.85 K:0.83 4:0.83} | suit=suit-png@0.95 {S:0.95 C:0.89} | post=[black-tiebreak:full=C0.89/S0.95,top=C0.81/S0.96,branch=wideMarginDirect->Spades; ink-ratio:red=0.0000,black=0.1852,inkRed=false,inkRegion=header; geom-override:direct=Ace_Spades,conf=0.87,to=Jack_Spades; deck-constraint:JS->JS~] | diag=geom-override:match-Ace-Spades@0.87 | probe=ocr=miss:empty
18:04:11.522   20260825_190217 tableau:5 DOWN vs 10H~ | rank=rank-png-strong@0.75 {K:0.80 9:0.79 8:0.78 6:0.76} | suit=suit-png@0.54 {H:0.54 D:0.50} | post=[ink-ratio:red=0.4074,black=0.0000,inkRed=true,inkRegion=header; cascade:firstFaceTop=1103.7,bottomTop=1327.6,faceUpStep=48.90,geomCount=6,finalCount=7,bottomRank=Five,leadingRank=Ten,rankCount=6,diff=-1,applied=false,boundary=[not-face-down@faceDownCount=6:teal=0.000,white=0.333,red=0.574,black=0.000],exposedIndex=0,distanceFromBottom=6; deck-constraint:10H->10H~] | diag=match-Ten-Hearts@0.75
18:04:11.522   20260825_190306 tableau:5 9D vs 6H | rank=rank-png-strong@0.73 {6:0.73 8:0.69 5:0.68 3:0.67} | suit=suit-png@0.63 {D:0.63 C:0.60 H:0.55 S:0.53} | post=[ink-ratio:red=0.0741,black=0.1204,inkRed=null,inkRegion=header; post-red-suit:Diamonds->Hearts; cascade:firstFaceTop=1103.7,bottomTop=1327.6,faceUpStep=48.90,geomCount=6,finalCount=6,bottomRank=Five,leadingUnknown,boundary=[not-face-down@faceDownCount=6:teal=0.000,white=0.759,red=0.000,black=0.241],exposedIndex=1,distanceFromBottom=4] | diag=match-Six-Diamonds@0.73 | inferred=[rank=? {7:0.66 2:0.66 K:0.62 10:0.60} | suit=? {C:0.57 D:0.56 S:0.51 H:0.49} | post=[ocr=miss:empty; rejected:known=false,conf=0.55] | diag=inferred-cascade:face-up-color-unknown] | probe=ocr=miss:empty
18:04:11.522   20260825_190306 tableau:5 8S vs 5H | rank=rank-png-strong@0.70 {5:0.70 3:0.67 9:0.66 K:0.65} | suit=suit-ambiguous-red {H:0.67 D:0.64} | post=[ink-ratio:red=0.1574,black=0.1019,inkRed=true,inkRegion=header; post-red-suit:cleared-ambiguous; cascade:firstFaceTop=1103.7,bottomTop=1327.6,faceUpStep=48.90,geomCount=6,finalCount=6,bottomRank=Five,leadingUnknown,boundary=[not-face-down@faceDownCount=6:teal=0.000,white=0.759,red=0.000,black=0.241],exposedIndex=2,distanceFromBottom=3] | diag=match-Five-Hearts-ambiguous@0.7023296 | inferred=[rank=? {2:0.63 A:0.61 8:0.58 6:0.58} | suit=suit-png@0.64 {D:0.64 C:0.60 H:0.56 S:0.52} | post=[ocr=miss:empty; ink-ratio:red=0.0556,black=0.1389,inkRed=null,inkRegion=header; rejected:known=false,conf=0.40] | diag=inferred-cascade:face-up-color-red-rank=null] | probe=ocr=miss:empty
18:04:11.522   20260825_190337 waste 9S vs 6S~ | rank=rank-opencv@0.55 {J:0.49 Q:0.46 K:0.44 2:0.44} | suit=suit-png@0.67 {S:0.86 C:0.85} | post=[waste-fusion:legacy=Four_Spades,tight=Nine_Spades; whole@768,503,907,713:ocr='6'@0.62; waste-ocr-rank:Six; black-tiebreak:full=C0.85/S0.86,top=C0.63/S0.67,shape=Spades@1.08;branch=lowTopMargin-shapeLeader->Spades; ink-ratio:red=0.0417,black=0.1713,inkRed=false; ocr=miss:empty; ink-ratio:red=0.0123,black=0.1955,inkRed=false; black-tiebreak2:full=C0.85/S0.86,top=C0.63/S0.67,shape=Spades@1.08;branch=lowTopMargin-shapeLeader->Spades; deck-constraint:6S->6S~] | diag=fused-Six-Spades | probe=whole@768,503,907,713:ocr='6'@0.62
18:04:11.522   20260825_190358 waste 9S vs 6C | rank=rank-ocr+opencv@0.62 {5:0.47 Q:0.46 J:0.45 2:0.44} | suit=suit-png@0.83 {C:0.83 S:0.77} | post=[waste-fusion:legacy=Nine_Clubs,tight=Nine_Clubs; whole@756,503,895,713:ocr='6'@0.62; waste-ocr-rank:Six; black-tiebreak:full=C0.83/S0.77,top=C0.65/S0.47,branch=wideMarginDirect->Clubs; ink-ratio:red=0.0000,black=0.1713,inkRed=false; ocr='9'@0.62; ink-ratio:red=0.0000,black=0.1955,inkRed=false] | diag=fused-Six-Clubs | probe=whole@756,503,895,713:ocr='6'@0.62
18:04:11.523   20260825_190421 tableau:1 4C vs 4S~ | rank=rank-png-strong@0.89 {4:0.89 A:0.74 J:0.71 8:0.66} | suit=suit-opencv@0.48 {S:0.91 C:0.91} | post=[ink-ratio:red=0.0000,black=0.1690,inkRed=false; post-black-suit:marked-ambiguous; black-tiebreak2:full=C0.91/S0.91,top=C0.87/S0.83,shape=none;branch=lowTopMargin-noShape->ambiguous; cascade:firstFaceTop=837.7,bottomTop=1276.0,faceUpStep=48.90,geomCount=10,finalCount=10,bottomRank=Four,leadingRank=King,rankCount=10,diff=0,applied=false,boundary=[not-face-down@faceDownCount=0:teal=0.000,white=0.704,red=0.296,black=0.000]] | diag=match-Four-Spades@0.89 | probe=ocr=miss:empty
18:04:11.523   20260825_190512 tableau:1 4C vs 4S~ | rank=rank-png-strong@0.89 {4:0.89 A:0.74 J:0.71 8:0.66} | suit=suit-opencv@0.48 {S:0.91 C:0.91} | post=[ink-ratio:red=0.0000,black=0.1690,inkRed=false; post-black-suit:marked-ambiguous; black-tiebreak2:full=C0.91/S0.91,top=C0.87/S0.83,shape=none;branch=lowTopMargin-noShape->ambiguous; cascade:firstFaceTop=837.7,bottomTop=1276.0,faceUpStep=48.90,geomCount=10,finalCount=10,bottomRank=Four,leadingRank=King,rankCount=10,diff=0,applied=false,boundary=[not-face-down@faceDownCount=0:teal=0.000,white=0.704,red=0.296,black=0.000]] | diag=match-Four-Spades@0.89 | probe=ocr=miss:empty
18:04:11.523   20260825_190512 waste 9S vs 6C | rank=rank-ocr+opencv@0.62 {5:0.47 Q:0.46 J:0.45 2:0.44} | suit=suit-png@0.83 {C:0.83 S:0.77} | post=[waste-fusion:legacy=Nine_Clubs,tight=Nine_Clubs; whole@756,503,895,713:ocr='6'@0.62; waste-ocr-rank:Six; black-tiebreak:full=C0.83/S0.77,top=C0.65/S0.47,branch=wideMarginDirect->Clubs; ink-ratio:red=0.0000,black=0.1713,inkRed=false; ocr='9'@0.62; ink-ratio:red=0.0000,black=0.1955,inkRed=false] | diag=fused-Six-Clubs | probe=whole@756,503,895,713:ocr='6'@0.62
18:04:11.523   20260825_190523 tableau:1 4C vs 4S~ | rank=rank-png-strong@0.89 {4:0.89 A:0.74 J:0.71 8:0.66} | suit=suit-opencv@0.48 {S:0.91 C:0.91} | post=[ink-ratio:red=0.0000,black=0.1690,inkRed=false; post-black-suit:marked-ambiguous; black-tiebreak2:full=C0.91/S0.91,top=C0.87/S0.83,shape=none;branch=lowTopMargin-noShape->ambiguous; cascade:firstFaceTop=837.7,bottomTop=1276.0,faceUpStep=48.90,geomCount=10,finalCount=10,bottomRank=Four,leadingRank=King,rankCount=10,diff=0,applied=false,boundary=[not-face-down@faceDownCount=0:teal=0.000,white=0.704,red=0.296,black=0.000]] | diag=match-Four-Spades@0.89 | probe=ocr=miss:empty
18:04:11.523   20260825_190651 tableau:0 10C vs 10S~ | rank=rank-png-strong@0.90 {10:0.90 Q:0.74 K:0.73 6:0.72} | suit=suit-opencv@0.52 {S:0.91 C:0.90} | post=[ink-ratio:red=0.0000,black=0.2963,inkRed=false,inkRegion=header; post-black-suit:marked-ambiguous; black-tiebreak2:full=C0.66/S0.66,top=C0.73/S0.69,shape=none;branch=lowTopMargin-noShape->ambiguous; cascade:firstFaceTop=837.7,bottomTop=1230.1,faceUpStep=48.90,geomCount=9,finalCount=9,bottomRank=Two,leadingRank=Ten,rankCount=9,diff=0,applied=false,boundary=[not-face-down@faceDownCount=0:teal=0.000,white=0.556,red=0.000,black=0.352],exposedIndex=0,distanceFromBottom=8] | diag=match-Ten-Spades@0.90 | probe=ocr=miss:empty
18:04:11.523   20260825_190800 tableau:6 8H vs 8D~ | rank=rank-png-strong@0.80 {9:0.80 K:0.79 8:0.78 2:0.75} | suit=suit-ambiguous-red {D:0.48 H:0.46} | post=[ink-ratio:red=0.1667,black=0.1296,inkRed=true,inkRegion=header; geom-override:direct=Nine_Diamonds,conf=0.80,to=Eight_Diamonds] | diag=geom-override:match-Nine-Diamonds-ambiguous@0.79614425 | probe=ocr=miss:empty
18:04:11.524   20260826_070842 tableau:1 3D vs 8D | rank=rank-png-strong@0.84 {8:0.84 3:0.81 5:0.78 9:0.78} | suit=suit-png@0.97 {D:0.93 H:0.85} | post=[ink-ratio:red=0.2533,black=0.0000,inkRed=true; cascade:firstFaceTop=882.1,bottomTop=983.4,faceUpStep=48.90,geomCount=3,finalCount=3,bottomRank=Eight,leadingUnknown,boundary=[not-face-down@faceDownCount=1:teal=0.000,white=0.648,red=0.296,black=0.000]] | diag=match-Eight-Diamonds@0.84 | probe=ocr='3'@0.62
18:04:11.524   20260826_072521 tableau:3 6C vs 6S~ | rank=rank-png-strong@0.83 {6:0.83 9:0.81 8:0.80 5:0.77} | suit=suit-png@0.77 {S:0.82 C:0.79} | post=[black-tiebreak:full=C0.79/S0.82,top=C0.68/S0.77,shape=Clubs@0.36;branch=topSpade-widePeakOnlyNoVeto->Spades; ink-ratio:red=0.0667,black=0.2022,inkRed=false; cascade:firstFaceTop=882.1,bottomTop=1081.0,faceUpStep=48.90,geomCount=5,finalCount=5,bottomRank=Six,leadingRank=Ten,rankCount=5,diff=0,applied=false,boundary=[not-face-down@faceDownCount=1:teal=0.000,white=0.722,red=0.000,black=0.241]; deck-constraint:6S->6S~] | diag=match-Six-Spades@0.83 | probe=ocr='6'@0.62
18:04:11.524 ===EVALUATE_DONE===
